Date,User ID,Registration Source,Subscription Status,Subscription Start Date,Subscription End Date,Number of Active Widgets,Number of Widget Interactions,Time Spent on Platform,Location
2023-05-24,U00001,Organic,Monthly,2023-06-02,,7,1232,246,Brazil
2023-02-28,U00002,Referral,Monthly,2023-03-10,,4,148,284,UK
2023-10-31,U00003,Social Media,Inactive,2023-11-04,2023-12-01,0,0,305,UK
2023-09-17,U00004,PPC,Monthly,2023-09-26,,5,1725,337,UK
2023-09-04,U00005,Organic,Inactive,2023-09-05,2023-10-28,0,0,409,Germany
2023-07-23,U00006,Organic,Free Trial,2023-07-27,,9,4113,67,UK
2023-03-06,U00007,Organic,Annual,2023-03-19,,6,1584,1495,Germany
2023-01-29,U00008,Social Media,Inactive,2023-02-09,2023-02-27,0,0,27,France
2023-07-22,U00009,PPC,Free Trial,2023-07-30,,3,150,45,France
2023-07-21,U00010,Social Media,Monthly,2023-07-25,,4,152,417,Brazil
2023-01-25,U00011,Organic,Free Trial,2023-02-05,,9,2592,138,France
2023-10-31,U00012,Referral,Annual,2023-11-10,,6,2868,1193,Germany
2023-08-19,U00013,Social Media,Monthly,2023-08-22,,4,356,73,Germany
2023-06-23,U00014,Organic,Monthly,2023-07-04,,1,60,71,USA
2023-06-02,U00015,Organic,Free Trial,2023-06-16,,8,968,375,UK
2023-07-26,U00016,Organic,Free Trial,2023-07-28,,2,740,429,India
2023-02-21,U00017,Organic,Free Trial,2023-03-05,,8,2480,340,India
2023-02-05,U00018,PPC,Monthly,2023-02-06,,6,594,155,UK
2023-11-08,U00019,PPC,Monthly,2023-11-21,,8,1904,281,India
2023-11-25,U00020,Organic,Inactive,2023-11-28,2024-01-03,0,0,26,India
2023-08-10,U00021,PPC,Monthly,2023-08-23,,5,1260,289,India
2023-09-06,U00022,Organic,Monthly,2023-09-18,,5,735,107,Brazil
2023-07-18,U00023,Organic,Inactive,2023-07-29,2023-09-07,0,0,461,Germany
2023-01-25,U00024,Organic,Annual,2023-02-08,,7,3262,809,Germany
2023-07-05,U00025,PPC,Inactive,2023-07-18,2023-08-05,0,0,472,Germany
2023-04-12,U00026,Social Media,Monthly,2023-04-20,,8,192,395,UK
2023-10-10,U00027,Organic,Free Trial,2023-10-24,,7,2394,252,France
2023-02-02,U00028,PPC,Free Trial,2023-02-05,,2,742,488,Brazil
2023-07-02,U00029,PPC,Annual,2023-07-14,,9,1647,1232,Brazil
2023-02-01,U00030,Organic,Free Trial,2023-02-09,,7,693,403,India
2023-07-11,U00031,PPC,Monthly,2023-07-22,,6,1332,446,USA
2023-08-01,U00032,Organic,Monthly,2023-08-13,,9,3168,482,Germany
2023-02-24,U00033,Organic,Monthly,2023-03-07,,1,70,188,Brazil
2023-01-28,U00034,Referral,Monthly,2023-02-07,,2,746,462,Brazil
2023-03-11,U00035,Referral,Free Trial,2023-03-14,,1,229,279,USA
2023-10-05,U00036,Social Media,Monthly,2023-10-09,,3,210,243,India
2022-12-31,U00037,Organic,Monthly,2023-01-04,,5,1580,121,Brazil
2023-07-14,U00038,Organic,Inactive,2023-07-27,2023-09-16,0,0,495,Brazil
2023-09-27,U00039,PPC,Annual,2023-09-28,,4,84,1120,France
2023-09-24,U00040,PPC,Inactive,2023-10-01,2023-11-16,0,0,75,USA
2023-11-26,U00041,Organic,Annual,2023-11-27,,6,516,1185,India
2023-03-16,U00042,PPC,Monthly,2023-03-17,,1,241,358,India
2023-10-20,U00043,Organic,Free Trial,2023-10-29,,1,121,446,Germany
2023-07-23,U00044,Referral,Monthly,2023-07-25,,3,225,254,France
2023-04-03,U00045,Organic,Monthly,2023-04-05,,8,1528,254,India
2023-06-24,U00046,PPC,Monthly,2023-07-08,,8,3456,477,France
2023-10-04,U00047,Organic,Monthly,2023-10-13,,3,639,457,Germany
2023-04-29,U00048,PPC,Monthly,2023-05-13,,7,3024,81,USA
2023-05-02,U00049,PPC,Monthly,2023-05-08,,3,1140,366,Brazil
2023-10-12,U00050,Organic,Monthly,2023-10-16,,4,860,58,Brazil
2023-08-22,U00051,Referral,Free Trial,2023-08-31,,9,2655,355,UK
2023-09-24,U00052,Social Media,Inactive,2023-10-03,2023-11-21,0,0,199,UK
2023-10-27,U00053,Referral,Free Trial,2023-11-10,,3,753,302,UK
2023-06-14,U00054,Social Media,Free Trial,2023-06-28,,5,1220,186,Brazil
2023-03-13,U00055,PPC,Monthly,2023-03-18,,7,1295,461,France
2023-12-05,U00056,Referral,Monthly,2023-12-13,,5,1100,170,UK
2023-07-27,U00057,Organic,Monthly,2023-08-05,,4,160,159,USA
2023-09-15,U00058,Organic,Free Trial,2023-09-26,,8,1952,79,India
2023-01-16,U00059,Organic,Monthly,2023-01-17,,4,1004,42,France
2023-10-22,U00060,Organic,Monthly,2023-10-28,,2,324,293,Brazil
2023-06-01,U00061,Organic,Inactive,2023-06-08,2023-08-03,0,0,353,USA
2023-08-19,U00062,Organic,Inactive,2023-08-29,2023-09-15,0,0,269,Brazil
2023-09-29,U00063,Social Media,Monthly,2023-10-11,,3,834,331,France
2023-04-06,U00064,Organic,Monthly,2023-04-12,,1,493,86,France
2023-05-19,U00065,Organic,Annual,2023-06-01,,5,2280,1713,France
2023-01-09,U00066,PPC,Free Trial,2023-01-15,,9,3537,314,Germany
2023-06-08,U00067,Organic,Monthly,2023-06-16,,2,358,393,India
2023-06-07,U00068,Social Media,Monthly,2023-06-12,,7,3129,148,UK
2023-02-27,U00069,Organic,Inactive,2023-03-06,2023-04-26,0,0,44,Germany
2023-01-07,U00070,Referral,Free Trial,2023-01-09,,2,664,432,India
2023-12-08,U00071,Social Media,Monthly,2023-12-20,,8,2760,403,Brazil
2023-01-21,U00072,Organic,Annual,2023-01-25,,6,2898,1534,UK
2023-01-31,U00073,Organic,Monthly,2023-02-01,,4,964,339,Germany
2023-08-14,U00074,Social Media,Free Trial,2023-08-19,,4,772,209,Germany
2023-04-15,U00075,Social Media,Inactive,2023-04-25,2023-06-11,0,0,334,USA
2023-02-09,U00076,Social Media,Monthly,2023-02-23,,3,852,160,Germany
2023-04-13,U00077,Social Media,Monthly,2023-04-16,,7,3073,43,France
2023-01-06,U00078,Organic,Free Trial,2023-01-14,,3,1224,133,Brazil
2023-08-17,U00079,Organic,Monthly,2023-08-29,,5,205,376,Germany
2023-12-04,U00080,Organic,Monthly,2023-12-16,,6,1116,41,France
2023-04-13,U00081,Social Media,Free Trial,2023-04-23,,6,2484,281,India
2023-08-04,U00082,PPC,Free Trial,2023-08-11,,4,296,333,India
2023-05-20,U00083,Organic,Inactive,2023-05-23,2023-06-25,0,0,319,France
2023-12-13,U00084,Organic,Free Trial,2023-12-20,,3,108,133,USA
2023-04-28,U00085,Organic,Free Trial,2023-05-01,,7,1120,421,USA
2023-03-10,U00086,Organic,Monthly,2023-03-22,,7,2184,377,India
2023-03-29,U00087,Social Media,Annual,2023-03-31,,4,1952,1343,Brazil
2023-01-28,U00088,PPC,Free Trial,2023-02-06,,2,554,87,Germany
2023-07-18,U00089,Social Media,Monthly,2023-07-27,,7,658,85,India
2023-04-26,U00090,PPC,Free Trial,2023-05-04,,3,225,69,India
2023-09-11,U00091,Organic,Free Trial,2023-09-12,,1,142,94,France
2023-10-14,U00092,Social Media,Free Trial,2023-10-23,,2,804,377,USA
2023-08-09,U00093,Social Media,Inactive,2023-08-13,2023-10-03,0,0,89,Brazil
2023-04-27,U00094,PPC,Free Trial,2023-04-28,,8,3000,383,France
2023-04-14,U00095,Social Media,Free Trial,2023-04-21,,6,546,181,India
2023-02-10,U00096,PPC,Monthly,2023-02-20,,6,2340,267,UK
2023-01-09,U00097,PPC,Inactive,2023-01-17,2023-03-01,0,0,288,Germany
2023-07-30,U00098,PPC,Free Trial,2023-08-07,,2,958,230,India
2023-11-25,U00099,Organic,Monthly,2023-11-27,,4,1348,55,France
2023-10-29,U00100,Organic,Free Trial,2023-11-08,,3,321,82,UK
2023-12-04,U00101,Organic,Monthly,2023-12-16,,1,82,63,UK
2023-11-15,U00102,PPC,Monthly,2023-11-18,,8,2688,336,India
2023-05-24,U00103,Organic,Monthly,2023-05-26,,7,273,230,Brazil
2023-08-27,U00104,PPC,Monthly,2023-09-08,,4,536,390,USA
2023-02-01,U00105,Referral,Monthly,2023-02-08,,9,1971,346,UK
2023-09-01,U00106,Organic,Free Trial,2023-09-07,,4,1936,18,Germany
2023-12-21,U00107,PPC,Monthly,2023-12-23,,1,281,335,France
2023-12-25,U00108,Social Media,Free Trial,2024-01-04,,1,222,181,France
2023-11-09,U00109,Organic,Annual,2023-11-18,,1,142,965,France
2023-11-24,U00110,Organic,Inactive,2023-12-01,2023-12-30,0,0,339,India
2023-03-27,U00111,Organic,Inactive,2023-04-03,2023-05-26,0,0,338,France
2023-06-22,U00112,Organic,Inactive,2023-06-29,2023-08-12,0,0,21,France
2023-06-24,U00113,Referral,Monthly,2023-07-05,,2,744,490,Germany
2023-10-16,U00114,Social Media,Annual,2023-10-17,,4,1564,1808,USA
2023-04-03,U00115,PPC,Free Trial,2023-04-17,,7,217,427,Brazil
2023-05-02,U00116,Social Media,Monthly,2023-05-12,,2,942,348,India
2023-07-05,U00117,Social Media,Monthly,2023-07-11,,8,3600,298,India
2023-04-23,U00118,Organic,Monthly,2023-04-27,,7,644,329,France
2023-11-12,U00119,Social Media,Annual,2023-11-25,,9,3852,1938,Germany
2023-03-24,U00120,PPC,Free Trial,2023-03-29,,6,2886,281,UK
2023-02-17,U00121,Social Media,Monthly,2023-02-25,,4,972,187,France
2023-04-12,U00122,Social Media,Inactive,2023-04-13,2023-05-05,0,0,123,France
2023-09-11,U00123,Organic,Free Trial,2023-09-24,,4,1852,416,India
2023-08-05,U00124,Organic,Monthly,2023-08-11,,7,1379,35,India
2023-03-17,U00125,Organic,Inactive,2023-03-29,2023-04-27,0,0,246,France
2023-11-17,U00126,PPC,Monthly,2023-11-22,,3,804,319,India
2023-09-29,U00127,Social Media,Monthly,2023-09-30,,3,513,181,Germany
2023-11-19,U00128,Social Media,Free Trial,2023-11-24,,2,620,242,UK
2023-05-08,U00129,Organic,Monthly,2023-05-09,,1,315,46,UK
2023-01-09,U00130,PPC,Inactive,2023-01-23,2023-02-24,0,0,274,UK
2023-08-08,U00131,PPC,Monthly,2023-08-21,,3,840,487,France
2023-02-17,U00132,Organic,Monthly,2023-02-21,,7,3010,22,Brazil
2023-08-26,U00133,Organic,Free Trial,2023-08-28,,9,1368,325,France
2023-05-08,U00134,Organic,Free Trial,2023-05-13,,2,394,115,France
2023-07-11,U00135,Referral,Inactive,2023-07-13,2023-09-03,0,0,135,Germany
2023-01-08,U00136,Organic,Monthly,2023-01-14,,1,350,345,UK
2023-08-26,U00137,PPC,Monthly,2023-08-27,,2,914,393,India
2023-12-07,U00138,Social Media,Free Trial,2023-12-21,,6,2844,139,India
2023-08-09,U00139,Organic,Monthly,2023-08-11,,5,2455,488,USA
2023-06-19,U00140,Referral,Inactive,2023-06-29,2023-07-27,0,0,325,USA
2023-04-28,U00141,Referral,Monthly,2023-05-03,,2,752,265,Brazil
2023-07-19,U00142,Organic,Free Trial,2023-07-26,,1,189,450,India
2023-10-09,U00143,PPC,Monthly,2023-10-20,,7,224,124,UK
2023-10-05,U00144,Organic,Annual,2023-10-08,,6,2184,1677,France
2023-12-11,U00145,Organic,Monthly,2023-12-20,,8,368,412,India
2023-12-23,U00146,Organic,Inactive,2024-01-02,2024-01-25,0,0,133,Brazil
2023-09-13,U00147,PPC,Monthly,2023-09-16,,2,612,265,Brazil
2023-10-16,U00148,PPC,Inactive,2023-10-29,2023-12-14,0,0,148,India
2023-12-31,U00149,Organic,Monthly,2024-01-04,,6,1932,215,USA
2023-11-12,U00150,Organic,Free Trial,2023-11-13,,9,954,56,UK
2023-05-31,U00151,Referral,Monthly,2023-06-09,,7,2030,226,India
2023-10-17,U00152,Organic,Free Trial,2023-10-24,,2,238,328,France
2023-08-01,U00153,Organic,Inactive,2023-08-05,2023-09-04,0,0,400,France
2023-05-05,U00154,PPC,Annual,2023-05-06,,9,441,1652,Germany
2023-01-26,U00155,Referral,Monthly,2023-02-09,,7,658,359,France
2023-10-12,U00156,Organic,Monthly,2023-10-24,,4,1244,132,India
2023-01-01,U00157,PPC,Free Trial,2023-01-03,,9,1773,40,India
2023-06-30,U00158,Social Media,Annual,2023-07-09,,4,996,1429,France
2023-04-11,U00159,Organic,Monthly,2023-04-16,,4,1468,64,USA
2023-04-11,U00160,Social Media,Free Trial,2023-04-13,,9,4473,162,UK
2023-03-01,U00161,Organic,Monthly,2023-03-15,,8,2904,465,Brazil
2023-05-30,U00162,PPC,Free Trial,2023-06-09,,4,112,295,India
2023-08-22,U00163,PPC,Monthly,2023-09-02,,8,2848,45,France
2023-09-28,U00164,PPC,Monthly,2023-10-12,,8,3216,315,Brazil
2023-10-02,U00165,Organic,Free Trial,2023-10-04,,7,2338,407,France
2023-09-15,U00166,Social Media,Inactive,2023-09-29,2023-11-22,0,0,294,India
2023-12-08,U00167,Organic,Free Trial,2023-12-13,,8,3856,420,Germany
2023-08-12,U00168,Organic,Free Trial,2023-08-24,,7,2933,382,UK
2023-11-15,U00169,Organic,Free Trial,2023-11-25,,5,2060,265,India
2023-05-08,U00170,PPC,Annual,2023-05-18,,4,668,1553,Brazil
2023-12-07,U00171,PPC,Monthly,2023-12-15,,2,986,45,France
2023-01-29,U00172,Organic,Monthly,2023-02-01,,8,2504,263,Germany
2023-06-27,U00173,PPC,Free Trial,2023-07-06,,9,1089,171,India
2023-10-08,U00174,Organic,Free Trial,2023-10-10,,4,612,30,UK
2023-09-20,U00175,PPC,Monthly,2023-09-21,,4,1060,303,Germany
2023-01-11,U00176,Organic,Inactive,2023-01-16,2023-02-18,0,0,84,Brazil
2023-03-27,U00177,PPC,Inactive,2023-03-30,2023-05-25,0,0,490,France
2023-06-04,U00178,Organic,Free Trial,2023-06-13,,7,1351,216,USA
2023-09-01,U00179,Referral,Monthly,2023-09-02,,5,2070,469,UK
2023-01-16,U00180,Organic,Inactive,2023-01-19,2023-03-16,0,0,481,Germany
2023-04-15,U00181,Organic,Monthly,2023-04-29,,4,1576,187,India
2023-10-25,U00182,Organic,Inactive,2023-10-27,2023-12-10,0,0,391,India
2023-11-17,U00183,Referral,Free Trial,2023-11-30,,8,3904,46,Germany
2023-03-15,U00184,Social Media,Inactive,2023-03-19,2023-05-08,0,0,468,India
2023-11-10,U00185,Organic,Annual,2023-11-15,,6,1524,731,Germany
2023-11-29,U00186,PPC,Inactive,2023-12-05,2024-01-13,0,0,412,UK
2023-10-01,U00187,Social Media,Monthly,2023-10-09,,1,202,127,India
2023-09-14,U00188,PPC,Monthly,2023-09-16,,9,2943,10,UK
2023-03-17,U00189,PPC,Inactive,2023-03-23,2023-05-04,0,0,218,France
2023-07-21,U00190,Organic,Free Trial,2023-07-30,,3,48,433,France
2023-10-16,U00191,Organic,Monthly,2023-10-24,,4,580,320,France
2023-04-24,U00192,Social Media,Annual,2023-05-04,,7,196,1188,France
2023-03-10,U00193,Referral,Annual,2023-03-17,,2,820,857,India
2023-04-29,U00194,PPC,Inactive,2023-05-12,2023-07-04,0,0,259,Germany
2023-08-15,U00195,Organic,Free Trial,2023-08-23,,6,2256,180,India
2023-02-21,U00196,Organic,Annual,2023-02-26,,8,3984,1297,Brazil
2023-03-23,U00197,Social Media,Annual,2023-04-03,,1,186,521,India
2023-12-31,U00198,Social Media,Free Trial,2024-01-01,,4,80,116,UK
2023-12-19,U00199,Social Media,Monthly,2023-12-28,,1,495,152,Germany
2023-02-07,U00200,Social Media,Free Trial,2023-02-20,,2,100,17,USA
2023-04-16,U00201,PPC,Monthly,2023-04-19,,8,3640,103,USA
2023-04-26,U00202,Organic,Inactive,2023-05-03,2023-06-24,0,0,407,Germany
2023-02-10,U00203,Organic,Monthly,2023-02-11,,9,1701,106,USA
2023-03-17,U00204,Social Media,Annual,2023-03-23,,2,406,1178,Germany
2023-12-18,U00205,PPC,Inactive,2023-12-23,2024-02-19,0,0,16,UK
2023-06-24,U00206,Organic,Monthly,2023-07-05,,9,3213,283,UK
2023-04-11,U00207,Organic,Inactive,2023-04-18,2023-05-08,0,0,21,India
2023-10-30,U00208,PPC,Monthly,2023-10-31,,6,2040,11,USA
2023-05-05,U00209,Organic,Inactive,2023-05-11,2023-06-02,0,0,443,Germany
2023-10-10,U00210,Organic,Free Trial,2023-10-19,,5,2165,358,UK
2023-08-06,U00211,PPC,Inactive,2023-08-17,2023-10-05,0,0,414,India
2023-03-20,U00212,PPC,Free Trial,2023-03-27,,7,875,16,USA
2023-11-02,U00213,PPC,Monthly,2023-11-14,,8,3824,484,USA
2023-05-27,U00214,Organic,Annual,2023-06-05,,6,954,717,USA
2023-10-19,U00215,Social Media,Monthly,2023-10-29,,8,1016,349,UK
2023-07-16,U00216,Organic,Monthly,2023-07-17,,2,348,66,UK
2023-12-31,U00217,Organic,Monthly,2024-01-06,,3,783,87,USA
2023-12-09,U00218,Social Media,Annual,2023-12-18,,7,1932,1733,UK
2023-02-08,U00219,PPC,Free Trial,2023-02-20,,1,53,242,USA
2023-04-21,U00220,Social Media,Free Trial,2023-04-23,,7,3353,288,France
2023-09-25,U00221,PPC,Free Trial,2023-10-06,,6,2988,39,UK
2023-12-05,U00222,PPC,Monthly,2023-12-08,,8,1520,376,Germany
2023-04-26,U00223,Organic,Free Trial,2023-05-05,,7,602,323,UK
2023-10-19,U00224,Organic,Monthly,2023-10-25,,4,1532,104,USA
2023-03-25,U00225,Organic,Monthly,2023-04-04,,3,375,317,Germany
2023-04-13,U00226,Organic,Free Trial,2023-04-18,,3,1362,65,India
2023-12-26,U00227,Referral,Monthly,2024-01-07,,4,304,19,Germany
2023-09-02,U00228,Organic,Inactive,2023-09-16,2023-11-04,0,0,412,Germany
2023-10-07,U00229,Social Media,Free Trial,2023-10-14,,9,909,156,UK
2023-03-08,U00230,PPC,Monthly,2023-03-20,,2,510,373,Brazil
2023-07-02,U00231,Social Media,Monthly,2023-07-09,,5,1380,96,Germany
2023-05-05,U00232,PPC,Monthly,2023-05-13,,1,148,262,Germany
2023-09-29,U00233,PPC,Annual,2023-10-06,,4,1400,682,USA
2023-04-13,U00234,PPC,Monthly,2023-04-18,,2,506,437,UK
2023-12-23,U00235,Organic,Monthly,2024-01-02,,8,2800,242,USA
2023-09-21,U00236,Social Media,Free Trial,2023-09-22,,4,1600,262,UK
2023-07-23,U00237,Organic,Monthly,2023-08-06,,5,1410,452,India
2023-03-17,U00238,Organic,Monthly,2023-03-22,,4,1252,233,Brazil
2023-07-17,U00239,PPC,Free Trial,2023-07-27,,5,2035,349,Germany
2023-10-03,U00240,Organic,Monthly,2023-10-11,,5,1000,13,UK
2023-03-10,U00241,Referral,Inactive,2023-03-20,2023-04-04,0,0,362,Germany
2023-07-08,U00242,Referral,Monthly,2023-07-17,,3,318,121,Germany
2023-02-28,U00243,Referral,Monthly,2023-03-03,,7,2380,202,France
2023-10-06,U00244,Organic,Inactive,2023-10-12,2023-12-01,0,0,150,USA
2023-01-26,U00245,Organic,Annual,2023-02-09,,2,916,1269,Brazil
2023-07-14,U00246,Referral,Monthly,2023-07-16,,3,1281,149,UK
2023-07-18,U00247,PPC,Annual,2023-07-28,,3,438,653,India
2023-05-08,U00248,Referral,Inactive,2023-05-14,2023-06-16,0,0,448,Brazil
2023-09-04,U00249,Referral,Monthly,2023-09-10,,4,1572,454,France
2023-09-28,U00250,Social Media,Monthly,2023-10-11,,3,138,104,USA
2023-12-15,U00251,Organic,Monthly,2023-12-20,,5,1475,50,India
2023-04-03,U00252,Organic,Inactive,2023-04-08,2023-05-10,0,0,429,India
2023-09-30,U00253,Social Media,Monthly,2023-10-01,,9,3942,11,Germany
2023-09-11,U00254,Organic,Free Trial,2023-09-16,,8,3952,287,USA
2023-11-07,U00255,Organic,Inactive,2023-11-10,2023-12-12,0,0,159,France
2023-01-01,U00256,PPC,Monthly,2023-01-06,,8,1152,50,UK
2023-12-03,U00257,Referral,Free Trial,2023-12-08,,5,755,360,UK
2023-06-08,U00258,PPC,Monthly,2023-06-11,,4,1052,125,France
2023-09-19,U00259,PPC,Monthly,2023-10-01,,7,399,129,Germany
2023-06-02,U00260,Organic,Inactive,2023-06-12,2023-07-05,0,0,246,Germany
2023-07-12,U00261,PPC,Free Trial,2023-07-13,,6,858,279,India
2023-09-05,U00262,Referral,Inactive,2023-09-15,2023-11-11,0,0,358,USA
2023-06-15,U00263,Organic,Monthly,2023-06-23,,7,1519,300,India
2023-09-18,U00264,PPC,Free Trial,2023-09-26,,2,220,443,UK
2023-09-16,U00265,Social Media,Inactive,2023-09-19,2023-11-07,0,0,18,France
2023-09-24,U00266,Social Media,Monthly,2023-10-08,,6,330,248,USA
2023-11-10,U00267,PPC,Free Trial,2023-11-22,,5,2260,127,France
2023-07-26,U00268,Social Media,Monthly,2023-08-03,,4,316,361,USA
2023-04-06,U00269,Organic,Inactive,2023-04-10,2023-06-02,0,0,324,Brazil
2023-11-27,U00270,Organic,Monthly,2023-11-28,,2,578,321,UK
2023-01-09,U00271,Social Media,Free Trial,2023-01-16,,7,532,484,UK
2023-06-12,U00272,Social Media,Free Trial,2023-06-13,,3,39,19,Brazil
2023-12-08,U00273,Social Media,Free Trial,2023-12-09,,5,1165,34,USA
2023-10-12,U00274,Referral,Annual,2023-10-15,,8,80,1089,Germany
2023-06-26,U00275,PPC,Monthly,2023-06-30,,8,2392,234,USA
2023-04-09,U00276,PPC,Free Trial,2023-04-18,,6,708,20,UK
2023-06-05,U00277,Social Media,Free Trial,2023-06-13,,5,1370,110,France
2023-07-27,U00278,PPC,Monthly,2023-07-30,,2,144,274,India
2023-02-03,U00279,Social Media,Inactive,2023-02-14,2023-04-04,0,0,400,France
2023-09-14,U00280,Social Media,Monthly,2023-09-27,,1,275,336,UK
2023-10-18,U00281,Social Media,Inactive,2023-11-01,2023-11-20,0,0,427,France
2023-11-04,U00282,Organic,Monthly,2023-11-17,,1,443,92,Germany
2023-02-20,U00283,Organic,Free Trial,2023-02-26,,4,212,285,Germany
2023-05-22,U00284,Organic,Inactive,2023-05-31,2023-07-11,0,0,379,USA
2023-07-03,U00285,PPC,Monthly,2023-07-08,,5,2205,499,France
2023-12-22,U00286,Organic,Annual,2023-12-24,,5,2400,1009,France
2023-12-13,U00287,PPC,Inactive,2023-12-26,2024-01-10,0,0,270,UK
2023-06-26,U00288,PPC,Free Trial,2023-07-02,,3,675,377,USA
2023-09-10,U00289,Organic,Free Trial,2023-09-12,,6,780,230,USA
2023-02-24,U00290,PPC,Annual,2023-03-08,,3,483,1655,France
2023-03-12,U00291,Organic,Free Trial,2023-03-26,,2,444,228,India
2023-12-15,U00292,Organic,Free Trial,2023-12-24,,8,1944,98,France
2023-05-23,U00293,Social Media,Free Trial,2023-06-06,,1,360,494,France
2023-12-17,U00294,Organic,Free Trial,2023-12-28,,9,1080,24,France
2023-05-07,U00295,Organic,Annual,2023-05-15,,7,3157,1185,Germany
2023-03-10,U00296,PPC,Free Trial,2023-03-11,,4,1480,185,Brazil
2023-01-20,U00297,Social Media,Monthly,2023-01-24,,3,987,13,USA
2023-03-24,U00298,Organic,Monthly,2023-03-31,,6,1386,343,Brazil
2023-02-12,U00299,PPC,Monthly,2023-02-22,,9,4041,385,Germany
2023-10-05,U00300,Organic,Free Trial,2023-10-07,,9,2115,378,India
2023-11-16,U00301,Organic,Annual,2023-11-21,,4,876,1782,UK
2023-07-15,U00302,PPC,Free Trial,2023-07-18,,5,2025,30,India
2023-02-20,U00303,PPC,Annual,2023-03-04,,9,3852,1421,USA
2023-02-11,U00304,PPC,Inactive,2023-02-20,2023-04-05,0,0,483,UK
2023-01-04,U00305,Social Media,Monthly,2023-01-10,,2,996,146,Brazil
2023-12-25,U00306,Referral,Monthly,2024-01-06,,5,1845,331,India
2023-03-06,U00307,PPC,Monthly,2023-03-08,,1,98,372,USA
2023-01-23,U00308,Organic,Monthly,2023-01-24,,8,2168,472,India
2023-01-25,U00309,Social Media,Inactive,2023-02-01,2023-03-19,0,0,428,UK
2023-12-10,U00310,Organic,Inactive,2023-12-19,2024-02-02,0,0,225,UK
2023-07-08,U00311,PPC,Monthly,2023-07-16,,9,4257,377,India
2023-06-13,U00312,Organic,Monthly,2023-06-24,,2,394,126,Germany
2023-07-16,U00313,Organic,Inactive,2023-07-25,2023-09-06,0,0,188,India
2023-10-09,U00314,Referral,Inactive,2023-10-17,2023-12-08,0,0,255,Brazil
2023-12-30,U00315,Social Media,Monthly,2024-01-06,,6,2532,137,India
2023-11-24,U00316,PPC,Monthly,2023-12-03,,7,3017,367,India
2023-10-08,U00317,PPC,Free Trial,2023-10-16,,1,248,87,Germany
2023-04-13,U00318,Organic,Inactive,2023-04-19,2023-05-04,0,0,238,France
2023-06-21,U00319,Organic,Free Trial,2023-06-22,,7,1855,302,UK
2023-06-09,U00320,Organic,Monthly,2023-06-13,,1,159,271,Brazil
2023-07-16,U00321,PPC,Free Trial,2023-07-29,,1,136,91,USA
2023-07-22,U00322,Social Media,Free Trial,2023-07-24,,6,2406,351,UK
2023-08-21,U00323,PPC,Monthly,2023-08-26,,4,1312,347,UK
2023-09-20,U00324,Organic,Inactive,2023-10-01,2023-11-16,0,0,316,France
2023-04-12,U00325,Referral,Free Trial,2023-04-25,,5,2450,75,UK
2023-06-06,U00326,Social Media,Monthly,2023-06-11,,9,3654,105,UK
2023-01-08,U00327,PPC,Free Trial,2023-01-13,,3,1260,154,Germany
2023-10-26,U00328,PPC,Free Trial,2023-10-27,,5,2055,74,Germany
2023-12-03,U00329,PPC,Monthly,2023-12-15,,5,1415,18,Germany
2023-05-29,U00330,Organic,Monthly,2023-06-04,,9,3078,406,Germany
2023-06-15,U00331,Organic,Free Trial,2023-06-20,,4,1916,493,Germany
2023-06-15,U00332,Social Media,Monthly,2023-06-19,,1,455,366,Brazil
2023-12-26,U00333,Organic,Free Trial,2023-12-31,,5,2035,195,USA
2023-03-04,U00334,Organic,Monthly,2023-03-15,,1,148,167,France
2023-02-13,U00335,Organic,Inactive,2023-02-23,2023-03-24,0,0,40,India
2023-12-26,U00336,Organic,Inactive,2023-12-28,2024-01-22,0,0,160,Brazil
2023-12-05,U00337,Social Media,Monthly,2023-12-12,,1,126,328,Germany
2023-09-04,U00338,Social Media,Monthly,2023-09-09,,4,892,251,France
2023-03-25,U00339,PPC,Inactive,2023-03-29,2023-05-02,0,0,165,India
2023-10-24,U00340,Organic,Free Trial,2023-11-06,,1,26,68,UK
2023-08-13,U00341,PPC,Inactive,2023-08-21,2023-09-19,0,0,19,Brazil
2023-05-13,U00342,PPC,Inactive,2023-05-25,2023-06-30,0,0,354,UK
2023-02-07,U00343,Organic,Free Trial,2023-02-08,,5,1395,133,France
2023-12-22,U00344,PPC,Free Trial,2023-12-24,,6,2994,365,USA
2023-08-31,U00345,Organic,Inactive,2023-09-04,2023-10-20,0,0,355,USA
2023-05-27,U00346,PPC,Monthly,2023-06-09,,4,1432,291,France
2023-01-01,U00347,PPC,Free Trial,2023-01-09,,6,858,246,USA
2023-07-30,U00348,Organic,Free Trial,2023-08-03,,7,861,342,USA
2023-03-29,U00349,Organic,Monthly,2023-04-08,,6,2700,26,UK
2023-01-02,U00350,PPC,Monthly,2023-01-15,,6,846,433,USA
2023-03-14,U00351,PPC,Annual,2023-03-22,,2,296,1025,USA
2023-02-02,U00352,Social Media,Inactive,2023-02-08,2023-03-21,0,0,32,France
2023-02-28,U00353,PPC,Free Trial,2023-03-04,,3,723,428,USA
2023-04-04,U00354,Organic,Monthly,2023-04-10,,7,3269,468,Brazil
2023-12-17,U00355,Organic,Monthly,2023-12-29,,4,1536,469,Germany
2023-12-19,U00356,PPC,Monthly,2024-01-01,,1,101,18,Germany
2023-02-23,U00357,Organic,Free Trial,2023-02-25,,6,1656,216,France
2023-08-13,U00358,PPC,Inactive,2023-08-15,2023-09-29,0,0,54,Germany
2023-10-01,U00359,Referral,Inactive,2023-10-13,2023-12-08,0,0,430,UK
2023-07-07,U00360,PPC,Monthly,2023-07-12,,8,136,462,Brazil
2023-03-20,U00361,Organic,Monthly,2023-03-23,,3,1431,412,Brazil
2023-03-18,U00362,PPC,Free Trial,2023-03-28,,6,2274,340,France
2023-08-05,U00363,PPC,Monthly,2023-08-15,,2,904,466,USA
2023-02-16,U00364,PPC,Monthly,2023-02-22,,9,3726,492,Germany
2023-11-01,U00365,Referral,Monthly,2023-11-07,,2,660,36,UK
2023-09-10,U00366,Organic,Inactive,2023-09-24,2023-10-28,0,0,406,France
2023-12-03,U00367,Referral,Monthly,2023-12-05,,2,834,450,France
2023-02-18,U00368,Referral,Monthly,2023-02-26,,9,1503,197,USA
2022-12-31,U00369,Organic,Annual,2023-01-03,,1,369,1328,India
2023-01-15,U00370,Organic,Free Trial,2023-01-23,,5,540,18,Germany
2023-01-24,U00371,Organic,Monthly,2023-01-30,,1,234,243,UK
2023-11-05,U00372,Organic,Monthly,2023-11-07,,5,1745,101,France
2023-03-27,U00373,Organic,Monthly,2023-03-31,,8,3600,86,Germany
2023-03-13,U00374,PPC,Annual,2023-03-20,,8,1736,615,UK
2023-12-21,U00375,Organic,Monthly,2024-01-01,,8,656,253,Brazil
2023-09-29,U00376,Organic,Annual,2023-10-12,,2,976,963,Brazil
2023-10-27,U00377,Social Media,Monthly,2023-11-04,,8,3280,164,UK
2023-05-26,U00378,Organic,Monthly,2023-05-30,,5,340,227,Brazil
2023-08-17,U00379,Social Media,Inactive,2023-08-22,2023-10-16,0,0,456,France
2023-04-13,U00380,Organic,Free Trial,2023-04-17,,7,511,486,Germany
2023-04-15,U00381,Organic,Free Trial,2023-04-19,,6,1590,294,UK
2023-03-27,U00382,PPC,Monthly,2023-03-31,,5,285,159,France
2023-06-10,U00383,PPC,Free Trial,2023-06-24,,1,288,338,Germany
2023-01-15,U00384,Social Media,Free Trial,2023-01-24,,1,207,97,Germany
2023-09-01,U00385,Social Media,Monthly,2023-09-08,,6,1002,115,France
2023-06-14,U00386,Social Media,Monthly,2023-06-20,,7,2240,412,Germany
2023-06-05,U00387,Organic,Monthly,2023-06-08,,1,16,303,India
2023-03-16,U00388,Organic,Inactive,2023-03-25,2023-05-09,0,0,104,UK
2023-01-29,U00389,Social Media,Monthly,2023-02-02,,4,1508,262,UK
2023-08-06,U00390,Social Media,Inactive,2023-08-12,2023-09-09,0,0,48,Germany
2023-05-10,U00391,Referral,Free Trial,2023-05-19,,2,230,408,France
2023-05-13,U00392,PPC,Monthly,2023-05-14,,8,3744,264,USA
2023-12-07,U00393,Organic,Inactive,2023-12-21,2024-01-25,0,0,63,Brazil
2023-10-21,U00394,Social Media,Monthly,2023-10-24,,3,831,425,Germany
2023-08-26,U00395,Organic,Annual,2023-09-07,,9,621,1276,USA
2023-03-25,U00396,Referral,Monthly,2023-04-04,,2,634,119,Germany
2023-02-24,U00397,Social Media,Free Trial,2023-03-06,,6,2520,263,USA
2023-06-01,U00398,PPC,Monthly,2023-06-07,,4,596,121,Germany
2023-03-12,U00399,Social Media,Monthly,2023-03-22,,7,2842,183,France
2023-08-25,U00400,Social Media,Inactive,2023-09-04,2023-10-11,0,0,198,Brazil
2023-04-04,U00401,Organic,Free Trial,2023-04-13,,9,4257,230,USA
2023-09-15,U00402,Referral,Inactive,2023-09-26,2023-10-12,0,0,258,India
2023-02-04,U00403,PPC,Inactive,2023-02-12,2023-03-02,0,0,61,France
2023-07-21,U00404,Social Media,Free Trial,2023-07-28,,1,422,171,Brazil
2023-08-03,U00405,Organic,Monthly,2023-08-16,,2,344,466,Germany
2023-03-27,U00406,Social Media,Inactive,2023-04-03,2023-05-11,0,0,44,USA
2023-04-06,U00407,Organic,Inactive,2023-04-08,2023-06-02,0,0,463,Brazil
2023-06-07,U00408,Organic,Monthly,2023-06-19,,2,80,46,UK
2023-05-28,U00409,Referral,Monthly,2023-05-29,,4,1368,343,France
2023-05-17,U00410,Organic,Monthly,2023-05-19,,1,85,326,USA
2023-04-27,U00411,Organic,Monthly,2023-05-11,,7,1764,120,France
2023-05-01,U00412,Referral,Free Trial,2023-05-15,,4,1304,379,USA
2023-06-03,U00413,Referral,Annual,2023-06-14,,8,2136,1669,UK
2023-10-06,U00414,PPC,Free Trial,2023-10-16,,9,3834,18,India
2023-02-15,U00415,PPC,Free Trial,2023-02-23,,9,4185,284,UK
2023-03-14,U00416,PPC,Monthly,2023-03-26,,3,597,480,Germany
2023-09-13,U00417,Organic,Monthly,2023-09-23,,5,2490,130,France
2023-10-03,U00418,Organic,Monthly,2023-10-13,,6,2316,114,India
2023-06-27,U00419,PPC,Monthly,2023-07-05,,6,1944,165,France
2023-07-17,U00420,Social Media,Monthly,2023-07-22,,8,2440,345,Brazil
2023-06-04,U00421,Social Media,Free Trial,2023-06-08,,6,1116,35,USA
2023-06-22,U00422,Social Media,Monthly,2023-07-04,,6,2988,431,Germany
2023-11-13,U00423,Organic,Inactive,2023-11-18,2024-01-10,0,0,305,Germany
2023-06-17,U00424,PPC,Monthly,2023-06-22,,7,2121,34,France
2023-08-05,U00425,Organic,Monthly,2023-08-18,,8,2856,364,Germany
2023-11-18,U00426,PPC,Monthly,2023-12-02,,3,648,383,France
2023-04-25,U00427,PPC,Inactive,2023-05-01,2023-05-29,0,0,78,USA
2023-09-08,U00428,Social Media,Free Trial,2023-09-15,,3,1059,336,USA
2023-03-31,U00429,Organic,Monthly,2023-04-04,,8,1200,160,France
2023-10-12,U00430,Organic,Annual,2023-10-13,,1,94,1951,UK
2023-10-09,U00431,Organic,Monthly,2023-10-22,,1,191,74,UK
2023-11-08,U00432,Social Media,Free Trial,2023-11-10,,6,2046,159,USA
2023-11-23,U00433,PPC,Monthly,2023-12-07,,9,1233,329,India
2023-12-09,U00434,Organic,Free Trial,2023-12-20,,4,1112,254,UK
2023-04-16,U00435,Organic,Monthly,2023-04-22,,6,288,461,France
2023-12-30,U00436,Social Media,Annual,2024-01-02,,5,160,1942,USA
2023-01-08,U00437,Organic,Free Trial,2023-01-21,,1,251,165,Germany
2023-08-18,U00438,Social Media,Inactive,2023-08-30,2023-09-20,0,0,121,Germany
2023-03-06,U00439,Social Media,Free Trial,2023-03-13,,9,1044,132,UK
2023-05-29,U00440,Organic,Inactive,2023-06-05,2023-07-10,0,0,471,India
2023-09-18,U00441,Organic,Monthly,2023-09-21,,3,453,362,Brazil
2023-02-28,U00442,Referral,Free Trial,2023-03-13,,2,308,461,UK
2023-05-21,U00443,Organic,Free Trial,2023-05-25,,4,1156,371,India
2023-02-05,U00444,Organic,Inactive,2023-02-07,2023-03-23,0,0,212,UK
2023-11-16,U00445,Social Media,Free Trial,2023-11-26,,2,902,496,Germany
2023-06-28,U00446,Referral,Free Trial,2023-06-29,,1,200,489,India
2023-09-10,U00447,Referral,Monthly,2023-09-16,,3,897,13,Germany
2023-12-20,U00448,Social Media,Monthly,2024-01-03,,6,1128,138,France
2023-12-08,U00449,Organic,Monthly,2023-12-20,,9,1089,35,France
2023-08-15,U00450,Organic,Free Trial,2023-08-17,,5,1115,298,USA
2023-12-02,U00451,Social Media,Free Trial,2023-12-11,,3,441,474,Germany
2023-12-20,U00452,PPC,Free Trial,2023-12-22,,5,1915,36,Germany
2023-12-06,U00453,PPC,Free Trial,2023-12-20,,5,1045,51,USA
2023-08-01,U00454,Referral,Monthly,2023-08-03,,5,2070,462,France
2023-08-14,U00455,Organic,Annual,2023-08-19,,7,3010,1321,France
2023-07-18,U00456,PPC,Free Trial,2023-07-28,,5,80,73,India
2023-03-08,U00457,Organic,Monthly,2023-03-14,,7,2485,34,India
2023-01-04,U00458,PPC,Monthly,2023-01-16,,9,198,81,Brazil
2023-08-05,U00459,Organic,Inactive,2023-08-08,2023-09-16,0,0,491,France
2023-02-17,U00460,Organic,Inactive,2023-02-19,2023-03-23,0,0,370,Brazil
2023-09-01,U00461,Organic,Inactive,2023-09-10,2023-10-14,0,0,397,UK
2023-09-10,U00462,PPC,Free Trial,2023-09-24,,8,3184,277,Germany
2023-05-03,U00463,Social Media,Free Trial,2023-05-04,,4,1700,323,India
2023-05-01,U00464,PPC,Monthly,2023-05-12,,2,562,104,UK
2023-12-03,U00465,Referral,Free Trial,2023-12-11,,3,630,404,India
2023-04-30,U00466,Organic,Monthly,2023-05-04,,9,1431,366,USA
2023-03-04,U00467,Organic,Annual,2023-03-14,,9,4113,1492,Germany
2023-12-25,U00468,Social Media,Inactive,2024-01-02,2024-01-17,0,0,324,Brazil
2023-07-17,U00469,Organic,Inactive,2023-07-18,2023-08-03,0,0,126,Brazil
2023-08-26,U00470,Referral,Monthly,2023-08-29,,8,2416,173,India
2023-11-09,U00471,Organic,Monthly,2023-11-22,,8,2744,374,France
2023-08-23,U00472,Referral,Monthly,2023-09-02,,8,2248,287,Brazil
2023-04-09,U00473,Organic,Free Trial,2023-04-14,,1,52,74,USA
2023-05-20,U00474,Social Media,Annual,2023-05-27,,6,2862,643,USA
2023-07-22,U00475,PPC,Free Trial,2023-07-30,,9,2952,269,France
2023-08-05,U00476,Referral,Monthly,2023-08-08,,8,192,237,USA
2023-08-20,U00477,Organic,Monthly,2023-09-02,,3,771,209,Germany
2023-02-02,U00478,PPC,Monthly,2023-02-07,,1,181,482,India
2023-12-16,U00479,Referral,Annual,2023-12-19,,2,454,1529,USA
2023-02-16,U00480,PPC,Monthly,2023-02-18,,2,292,189,Germany
2023-09-04,U00481,PPC,Inactive,2023-09-16,2023-10-18,0,0,367,France
2023-04-01,U00482,PPC,Free Trial,2023-04-06,,6,1416,237,India
2023-07-05,U00483,PPC,Monthly,2023-07-18,,2,106,493,France
2023-10-10,U00484,PPC,Annual,2023-10-23,,8,232,1373,India
2023-02-24,U00485,PPC,Monthly,2023-03-08,,9,1152,308,USA
2023-08-22,U00486,Referral,Inactive,2023-09-03,2023-09-28,0,0,370,USA
2023-06-14,U00487,Organic,Free Trial,2023-06-23,,4,972,439,India
2023-12-04,U00488,Organic,Monthly,2023-12-07,,1,467,13,Germany
2023-08-05,U00489,Referral,Monthly,2023-08-10,,4,1508,150,Germany
2023-03-01,U00490,Social Media,Inactive,2023-03-02,2023-04-19,0,0,175,Germany
2023-06-15,U00491,PPC,Free Trial,2023-06-17,,8,3408,263,UK
2023-05-29,U00492,PPC,Annual,2023-06-06,,4,1380,1009,Brazil
2023-01-23,U00493,Organic,Monthly,2023-02-01,,4,1460,162,Brazil
2023-11-07,U00494,Organic,Free Trial,2023-11-19,,2,542,76,Brazil
2023-07-31,U00495,PPC,Monthly,2023-08-08,,7,644,64,Germany
2023-02-24,U00496,Organic,Monthly,2023-02-25,,4,160,105,USA
2023-01-09,U00497,PPC,Monthly,2023-01-16,,6,1986,176,UK
2023-08-03,U00498,Organic,Inactive,2023-08-13,2023-10-03,0,0,330,Germany
2023-05-31,U00499,Referral,Monthly,2023-06-02,,7,1701,340,USA
2023-12-25,U00500,Referral,Monthly,2024-01-01,,6,222,395,UK
2023-08-16,U00501,PPC,Monthly,2023-08-30,,3,783,462,USA
2023-06-26,U00502,PPC,Free Trial,2023-07-09,,4,1332,385,India
2023-02-02,U00503,Organic,Free Trial,2023-02-03,,5,1310,351,USA
2023-12-30,U00504,Social Media,Monthly,2024-01-02,,9,4122,71,UK
2023-03-27,U00505,PPC,Monthly,2023-04-06,,6,1488,183,Germany
2023-10-21,U00506,Organic,Free Trial,2023-11-02,,4,1996,262,Brazil
2023-12-07,U00507,Referral,Monthly,2023-12-15,,7,2653,470,UK
2023-12-20,U00508,Social Media,Monthly,2023-12-23,,2,946,121,Germany
2023-07-26,U00509,Referral,Free Trial,2023-08-08,,4,1752,224,Germany
2023-06-16,U00510,Social Media,Monthly,2023-06-19,,5,1615,248,France
2022-12-31,U00511,PPC,Free Trial,2023-01-14,,4,736,424,India
2023-09-09,U00512,PPC,Inactive,2023-09-22,2023-11-08,0,0,236,France
2023-08-30,U00513,Referral,Inactive,2023-09-04,2023-09-24,0,0,239,Brazil
2023-01-20,U00514,Social Media,Annual,2023-01-23,,2,858,505,UK
2023-02-11,U00515,Organic,Free Trial,2023-02-19,,6,2364,172,France
2023-07-02,U00516,Organic,Annual,2023-07-06,,8,2432,872,Brazil
2023-03-30,U00517,Organic,Inactive,2023-04-12,2023-06-05,0,0,438,Germany
2023-11-01,U00518,Social Media,Annual,2023-11-12,,7,3381,721,UK
2023-06-22,U00519,Referral,Free Trial,2023-06-29,,4,848,342,France
2023-10-13,U00520,Organic,Monthly,2023-10-14,,7,1813,447,USA
2023-08-06,U00521,PPC,Inactive,2023-08-13,2023-09-12,0,0,208,Brazil
2023-08-10,U00522,Organic,Monthly,2023-08-15,,6,1596,206,Brazil
2023-04-05,U00523,Referral,Monthly,2023-04-10,,2,168,131,India
2023-07-29,U00524,Social Media,Monthly,2023-08-03,,8,2824,422,USA
2023-09-01,U00525,Social Media,Monthly,2023-09-04,,8,1688,465,UK
2023-07-06,U00526,PPC,Free Trial,2023-07-10,,7,1057,273,France
2023-04-18,U00527,PPC,Monthly,2023-05-02,,9,1935,63,Germany
2023-08-23,U00528,Organic,Free Trial,2023-08-25,,8,1664,144,France
2023-12-19,U00529,Organic,Monthly,2023-12-20,,9,3744,348,UK
2023-05-13,U00530,Social Media,Free Trial,2023-05-18,,9,1620,368,UK
2023-05-08,U00531,Social Media,Monthly,2023-05-11,,6,2490,160,UK
2023-05-08,U00532,Referral,Free Trial,2023-05-18,,2,650,109,UK
2023-11-01,U00533,Referral,Monthly,2023-11-08,,7,1659,243,Brazil
2023-12-14,U00534,PPC,Annual,2023-12-22,,3,1260,1921,France
2023-11-05,U00535,Social Media,Free Trial,2023-11-10,,7,3143,71,USA
2023-07-22,U00536,Referral,Free Trial,2023-07-23,,9,3555,438,Germany
2023-09-03,U00537,Social Media,Free Trial,2023-09-12,,2,864,205,Germany
2023-05-21,U00538,Organic,Inactive,2023-06-02,2023-07-13,0,0,39,India
2023-03-27,U00539,PPC,Monthly,2023-04-02,,6,2250,252,Brazil
2023-01-01,U00540,Organic,Monthly,2023-01-02,,9,2556,115,UK
2023-05-23,U00541,Referral,Free Trial,2023-05-25,,9,639,304,UK
2023-11-22,U00542,PPC,Monthly,2023-12-03,,5,1680,142,UK
2023-05-24,U00543,Organic,Inactive,2023-05-30,2023-06-15,0,0,460,Brazil
2023-09-27,U00544,PPC,Inactive,2023-10-09,2023-11-30,0,0,31,USA
2023-10-20,U00545,PPC,Monthly,2023-10-22,,8,3648,165,UK
2023-11-23,U00546,Organic,Free Trial,2023-12-07,,7,2632,415,India
2023-06-05,U00547,Organic,Free Trial,2023-06-18,,8,1136,393,India
2023-05-12,U00548,PPC,Free Trial,2023-05-23,,6,486,223,USA
2023-01-24,U00549,PPC,Free Trial,2023-01-25,,3,261,235,Brazil
2023-06-24,U00550,Social Media,Free Trial,2023-07-03,,7,1386,294,UK
2023-11-01,U00551,PPC,Free Trial,2023-11-05,,8,2920,180,France
2023-09-15,U00552,Social Media,Monthly,2023-09-17,,8,640,51,France
2023-11-16,U00553,PPC,Inactive,2023-11-29,2024-01-05,0,0,69,Germany
2023-06-18,U00554,PPC,Monthly,2023-07-02,,7,2205,384,USA
2023-02-24,U00555,Social Media,Inactive,2023-03-09,2023-04-09,0,0,86,France
2023-09-10,U00556,PPC,Annual,2023-09-17,,2,466,775,Germany
2023-05-15,U00557,Organic,Free Trial,2023-05-29,,2,674,211,India
2023-02-14,U00558,Organic,Annual,2023-02-18,,8,2072,1274,Germany
2023-08-01,U00559,Social Media,Free Trial,2023-08-11,,9,765,461,UK
2023-03-06,U00560,PPC,Monthly,2023-03-20,,3,249,196,UK
2023-06-19,U00561,Social Media,Monthly,2023-06-22,,3,453,105,India
2023-04-10,U00562,Organic,Inactive,2023-04-15,2023-05-19,0,0,351,USA
2023-05-18,U00563,Organic,Free Trial,2023-05-19,,1,111,221,Brazil
2023-06-24,U00564,Organic,Free Trial,2023-06-25,,6,618,377,UK
2023-12-15,U00565,Organic,Inactive,2023-12-19,2024-02-04,0,0,349,UK
2023-05-02,U00566,PPC,Free Trial,2023-05-09,,4,296,271,Germany
2023-11-26,U00567,Organic,Monthly,2023-12-10,,9,1818,338,Germany
2022-12-31,U00568,PPC,Annual,2023-01-06,,3,1350,742,Germany
2023-01-09,U00569,Referral,Inactive,2023-01-20,2023-02-17,0,0,86,France
2023-03-07,U00570,Organic,Inactive,2023-03-13,2023-04-01,0,0,40,India
2023-01-11,U00571,PPC,Inactive,2023-01-22,2023-02-12,0,0,48,USA
2023-10-16,U00572,Social Media,Free Trial,2023-10-27,,7,1484,315,Germany
2023-07-22,U00573,Organic,Inactive,2023-07-30,2023-09-17,0,0,343,USA
2023-08-24,U00574,PPC,Monthly,2023-08-28,,1,309,223,Germany
2023-02-19,U00575,Social Media,Monthly,2023-03-03,,8,1632,135,UK
2023-05-13,U00576,Referral,Free Trial,2023-05-14,,8,3704,174,USA
2023-05-22,U00577,Organic,Monthly,2023-06-04,,2,142,255,France
2023-10-10,U00578,Referral,Inactive,2023-10-23,2023-12-13,0,0,118,Germany
2023-11-22,U00579,PPC,Inactive,2023-11-28,2024-01-15,0,0,97,Brazil
2023-03-02,U00580,Organic,Monthly,2023-03-12,,1,310,209,India
2023-10-15,U00581,PPC,Free Trial,2023-10-23,,4,1104,280,UK
2023-04-21,U00582,Referral,Monthly,2023-04-30,,5,2325,60,Germany
2023-06-23,U00583,PPC,Inactive,2023-07-02,2023-08-29,0,0,498,USA
2023-02-20,U00584,Organic,Annual,2023-02-27,,2,422,1181,Germany
2023-12-01,U00585,PPC,Monthly,2023-12-04,,6,1026,32,UK
2023-03-10,U00586,Organic,Free Trial,2023-03-14,,8,2824,162,India
2023-08-06,U00587,Organic,Monthly,2023-08-11,,7,2177,232,India
2023-04-23,U00588,Organic,Monthly,2023-04-25,,1,121,439,India
2023-03-31,U00589,Organic,Inactive,2023-04-13,2023-05-27,0,0,230,Brazil
2023-06-07,U00590,Organic,Monthly,2023-06-15,,3,123,160,UK
2023-06-14,U00591,Organic,Monthly,2023-06-28,,6,2808,275,Brazil
2023-10-08,U00592,PPC,Monthly,2023-10-20,,9,963,82,Brazil
2023-04-22,U00593,Organic,Free Trial,2023-05-06,,9,4329,378,Germany
2023-06-01,U00594,Organic,Inactive,2023-06-02,2023-08-01,0,0,86,UK
2023-08-16,U00595,Social Media,Monthly,2023-08-27,,9,2430,41,UK
2023-05-10,U00596,PPC,Monthly,2023-05-11,,8,1600,378,Germany
2023-02-18,U00597,PPC,Monthly,2023-02-26,,5,190,444,France
2023-04-28,U00598,Organic,Monthly,2023-05-04,,9,513,434,Brazil
2023-03-03,U00599,Organic,Monthly,2023-03-12,,7,1813,74,India
2023-04-17,U00600,Organic,Annual,2023-04-28,,5,1175,938,USA
2023-04-27,U00601,Organic,Free Trial,2023-05-11,,8,2248,366,Brazil
2023-06-29,U00602,Organic,Monthly,2023-06-30,,7,1134,433,USA
2023-07-28,U00603,Organic,Free Trial,2023-08-10,,9,4446,27,Germany
2023-01-16,U00604,Organic,Monthly,2023-01-17,,1,337,173,USA
2023-08-22,U00605,Organic,Free Trial,2023-08-24,,9,2646,296,France
2023-11-13,U00606,PPC,Monthly,2023-11-21,,7,1323,63,UK
2023-10-09,U00607,Organic,Inactive,2023-10-12,2023-12-09,0,0,72,India
2023-05-13,U00608,Organic,Inactive,2023-05-22,2023-07-20,0,0,266,USA
2023-02-24,U00609,PPC,Monthly,2023-02-27,,5,1215,248,USA
2023-02-13,U00610,PPC,Monthly,2023-02-19,,8,256,445,Germany
2023-06-29,U00611,Organic,Free Trial,2023-07-05,,9,3843,493,Germany
2023-10-21,U00612,Social Media,Monthly,2023-10-23,,6,2760,450,UK
2023-09-23,U00613,PPC,Inactive,2023-09-24,2023-11-07,0,0,18,India
2023-01-21,U00614,Organic,Free Trial,2023-02-02,,6,2274,479,USA
2023-12-19,U00615,Social Media,Monthly,2023-12-27,,6,1524,129,UK
2023-03-19,U00616,Referral,Inactive,2023-03-30,2023-04-21,0,0,357,India
2023-05-19,U00617,Organic,Inactive,2023-05-20,2023-06-17,0,0,99,UK
2023-08-10,U00618,Organic,Free Trial,2023-08-17,,2,764,381,USA
2023-07-28,U00619,Social Media,Monthly,2023-08-05,,3,882,467,Germany
2023-06-25,U00620,Social Media,Free Trial,2023-07-09,,3,54,321,Germany
2023-06-19,U00621,Organic,Free Trial,2023-06-23,,5,2295,184,Germany
2023-07-29,U00622,Organic,Inactive,2023-08-06,2023-10-05,0,0,12,France
2023-08-08,U00623,Organic,Inactive,2023-08-22,2023-09-25,0,0,139,UK
2023-11-12,U00624,PPC,Annual,2023-11-16,,5,720,1613,USA
2023-04-21,U00625,PPC,Free Trial,2023-05-05,,6,714,302,UK
2023-10-18,U00626,Organic,Inactive,2023-10-27,2023-12-18,0,0,193,Germany
2023-11-25,U00627,PPC,Monthly,2023-12-03,,2,290,424,Brazil
2023-09-23,U00628,Social Media,Monthly,2023-09-26,,4,420,362,Brazil
2023-05-13,U00629,Organic,Monthly,2023-05-18,,6,768,233,UK
2023-05-13,U00630,Organic,Free Trial,2023-05-22,,5,1915,21,India
2023-09-18,U00631,Social Media,Annual,2023-10-02,,1,283,1403,Brazil
2023-02-15,U00632,Social Media,Monthly,2023-02-23,,9,3303,204,Brazil
2023-07-04,U00633,PPC,Free Trial,2023-07-10,,3,1125,256,UK
2023-05-15,U00634,PPC,Free Trial,2023-05-27,,2,694,377,France
2023-12-21,U00635,Organic,Free Trial,2023-12-30,,9,1674,163,France
2023-09-16,U00636,PPC,Free Trial,2023-09-23,,7,2590,87,Germany
2023-09-07,U00637,PPC,Monthly,2023-09-20,,5,1230,149,USA
2023-02-12,U00638,Organic,Inactive,2023-02-19,2023-04-06,0,0,99,India
2023-10-11,U00639,Organic,Free Trial,2023-10-13,,4,1144,153,USA
2023-01-24,U00640,Organic,Free Trial,2023-02-03,,1,147,446,USA
2023-01-08,U00641,Organic,Monthly,2023-01-12,,4,1484,81,India
2023-10-16,U00642,Organic,Inactive,2023-10-25,2023-11-27,0,0,442,France
2023-02-12,U00643,Organic,Monthly,2023-02-25,,1,53,186,Brazil
2023-01-26,U00644,Organic,Monthly,2023-02-03,,3,396,357,Germany
2023-07-11,U00645,Organic,Monthly,2023-07-21,,5,725,272,UK
2023-03-27,U00646,Social Media,Free Trial,2023-04-03,,7,2632,280,France
2023-08-29,U00647,PPC,Free Trial,2023-09-12,,9,3438,114,Germany
2023-04-11,U00648,PPC,Annual,2023-04-19,,6,810,1547,Brazil
2023-05-09,U00649,Social Media,Monthly,2023-05-23,,3,1344,81,France
2023-05-05,U00650,PPC,Monthly,2023-05-16,,7,1988,83,India
2023-12-26,U00651,Organic,Annual,2024-01-02,,4,292,724,USA
2023-05-16,U00652,PPC,Monthly,2023-05-24,,3,915,71,India
2023-04-19,U00653,PPC,Free Trial,2023-04-21,,7,1687,155,Brazil
2023-10-01,U00654,Social Media,Monthly,2023-10-05,,7,420,55,UK
2023-03-23,U00655,PPC,Free Trial,2023-04-05,,4,584,238,India
2023-03-13,U00656,Organic,Free Trial,2023-03-22,,7,1169,114,Brazil
2023-03-14,U00657,Organic,Monthly,2023-03-17,,2,130,118,USA
2023-07-04,U00658,Organic,Inactive,2023-07-11,2023-09-02,0,0,326,France
2023-08-14,U00659,PPC,Inactive,2023-08-18,2023-10-06,0,0,130,Germany
2023-11-14,U00660,PPC,Monthly,2023-11-17,,4,1748,52,Brazil
2023-02-27,U00661,Organic,Free Trial,2023-03-05,,8,3616,437,Brazil
2023-05-09,U00662,Referral,Free Trial,2023-05-18,,3,1224,108,UK
2023-08-24,U00663,PPC,Inactive,2023-09-01,2023-10-04,0,0,203,France
2023-02-27,U00664,Organic,Monthly,2023-03-06,,6,2010,320,Brazil
2023-01-21,U00665,Organic,Monthly,2023-01-24,,9,1233,223,Brazil
2023-06-04,U00666,Organic,Annual,2023-06-15,,9,1215,1596,Germany
2023-07-08,U00667,Organic,Annual,2023-07-21,,4,1304,711,USA
2023-01-19,U00668,Organic,Inactive,2023-01-31,2023-03-15,0,0,432,India
2023-11-05,U00669,Organic,Free Trial,2023-11-11,,6,2898,493,France
2023-05-11,U00670,Organic,Annual,2023-05-22,,2,772,1691,Germany
2023-06-28,U00671,Organic,Inactive,2023-07-12,2023-09-08,0,0,194,Germany
2023-04-27,U00672,Social Media,Free Trial,2023-05-04,,2,832,121,India
2023-03-16,U00673,Organic,Monthly,2023-03-17,,8,2736,408,France
2023-11-11,U00674,PPC,Monthly,2023-11-21,,4,736,356,France
2023-12-13,U00675,PPC,Inactive,2023-12-19,2024-01-21,0,0,281,USA
2023-09-16,U00676,Referral,Free Trial,2023-09-29,,8,3600,322,France
2023-08-28,U00677,Organic,Monthly,2023-09-06,,8,1080,493,Brazil
2023-06-18,U00678,Organic,Free Trial,2023-06-29,,6,1146,111,India
2023-08-23,U00679,Referral,Annual,2023-08-28,,4,912,1185,France
2023-09-25,U00680,Social Media,Free Trial,2023-10-01,,1,445,236,USA
2023-05-16,U00681,Social Media,Free Trial,2023-05-29,,7,2009,290,Germany
2023-04-29,U00682,Organic,Monthly,2023-05-11,,8,3952,31,Brazil
2023-06-27,U00683,Organic,Inactive,2023-07-07,2023-07-24,0,0,257,France
2023-04-28,U00684,PPC,Free Trial,2023-05-06,,2,864,168,India
2023-10-06,U00685,Referral,Free Trial,2023-10-10,,1,492,388,France
2023-05-22,U00686,PPC,Annual,2023-05-27,,4,600,848,UK
2023-05-17,U00687,PPC,Monthly,2023-05-21,,5,1715,427,USA
2023-12-14,U00688,Organic,Inactive,2023-12-19,2024-01-25,0,0,352,Germany
2023-12-08,U00689,Social Media,Free Trial,2023-12-17,,5,1870,409,UK
2023-11-14,U00690,Organic,Monthly,2023-11-23,,6,1218,463,India
2023-03-04,U00691,Organic,Free Trial,2023-03-12,,3,357,196,France
2023-04-13,U00692,PPC,Free Trial,2023-04-21,,7,427,152,USA
2023-02-13,U00693,PPC,Monthly,2023-02-15,,6,672,347,Brazil
2023-08-07,U00694,Organic,Monthly,2023-08-15,,4,440,367,France
2023-07-25,U00695,Organic,Annual,2023-08-02,,3,453,1911,France
2023-02-18,U00696,PPC,Monthly,2023-03-02,,5,1050,33,France
2023-01-01,U00697,Organic,Monthly,2023-01-09,,3,1401,150,Brazil
2023-04-30,U00698,PPC,Monthly,2023-05-06,,9,2952,458,France
2023-12-13,U00699,Organic,Inactive,2023-12-24,2024-02-20,0,0,249,USA
2023-01-02,U00700,PPC,Free Trial,2023-01-05,,6,1758,301,Brazil
2023-07-31,U00701,PPC,Free Trial,2023-08-06,,6,1356,314,Brazil
2023-06-27,U00702,Organic,Monthly,2023-07-03,,4,220,91,UK
2023-10-26,U00703,Organic,Monthly,2023-10-30,,4,148,57,India
2023-06-13,U00704,Organic,Free Trial,2023-06-14,,2,22,362,Brazil
2023-07-14,U00705,Organic,Inactive,2023-07-25,2023-08-23,0,0,367,UK
2023-02-22,U00706,Referral,Free Trial,2023-03-03,,8,208,180,USA
2023-02-28,U00707,Organic,Inactive,2023-03-13,2023-04-11,0,0,271,India
2023-11-24,U00708,Social Media,Free Trial,2023-11-25,,9,4005,474,Brazil
2023-05-18,U00709,Organic,Monthly,2023-05-24,,1,397,77,Germany
2023-10-22,U00710,PPC,Inactive,2023-10-29,2023-12-26,0,0,23,UK
2023-06-30,U00711,Social Media,Free Trial,2023-07-14,,2,950,39,USA
2023-06-11,U00712,PPC,Inactive,2023-06-18,2023-08-08,0,0,119,USA
2023-11-12,U00713,PPC,Monthly,2023-11-18,,7,2660,221,USA
2023-02-07,U00714,PPC,Inactive,2023-02-16,2023-03-04,0,0,273,India
2023-12-09,U00715,Organic,Monthly,2023-12-17,,9,954,447,France
2023-04-27,U00716,Referral,Monthly,2023-05-07,,5,570,331,Germany
2023-06-27,U00717,Social Media,Free Trial,2023-06-29,,5,165,494,India
2023-03-02,U00718,Referral,Monthly,2023-03-10,,4,836,397,India
2023-12-12,U00719,Organic,Free Trial,2023-12-23,,9,396,211,Brazil
2023-06-23,U00720,Social Media,Free Trial,2023-07-05,,8,88,93,UK
2023-07-23,U00721,Referral,Free Trial,2023-07-31,,4,1192,453,Germany
2023-01-23,U00722,Organic,Monthly,2023-01-24,,4,1364,385,USA
2023-05-13,U00723,Organic,Annual,2023-05-18,,2,702,1914,India
2023-04-03,U00724,Social Media,Free Trial,2023-04-08,,9,4230,364,Germany
2023-03-24,U00725,PPC,Free Trial,2023-04-03,,3,441,265,UK
2023-03-06,U00726,Social Media,Monthly,2023-03-13,,4,1384,83,France
2023-01-27,U00727,Organic,Free Trial,2023-02-02,,7,497,229,Germany
2023-05-27,U00728,Social Media,Free Trial,2023-06-07,,8,2464,152,USA
2023-05-11,U00729,Organic,Free Trial,2023-05-12,,8,1648,109,India
2023-08-12,U00730,Organic,Inactive,2023-08-20,2023-09-07,0,0,138,France
2023-08-29,U00731,Organic,Inactive,2023-09-03,2023-10-05,0,0,415,UK
2023-08-07,U00732,Social Media,Monthly,2023-08-11,,1,274,228,USA
2023-01-22,U00733,PPC,Monthly,2023-01-23,,6,2052,486,France
2023-10-08,U00734,PPC,Monthly,2023-10-14,,6,1182,280,Brazil
2023-08-06,U00735,Organic,Monthly,2023-08-14,,6,432,467,Brazil
2023-01-25,U00736,Social Media,Monthly,2023-01-27,,2,634,477,UK
2023-02-01,U00737,Organic,Monthly,2023-02-11,,8,2304,31,USA
2023-07-01,U00738,Social Media,Free Trial,2023-07-04,,5,195,187,India
2023-04-28,U00739,PPC,Free Trial,2023-05-06,,5,900,57,UK
2023-05-09,U00740,Organic,Monthly,2023-05-10,,2,922,126,France
2023-10-27,U00741,PPC,Inactive,2023-10-28,2023-12-23,0,0,338,USA
2023-02-13,U00742,Organic,Monthly,2023-02-18,,9,2772,385,Brazil
2023-07-30,U00743,Social Media,Inactive,2023-08-03,2023-09-21,0,0,188,Brazil
2023-11-20,U00744,PPC,Inactive,2023-11-26,2023-12-17,0,0,489,Germany
2023-10-09,U00745,Organic,Free Trial,2023-10-23,,9,2529,282,USA
2023-06-06,U00746,Social Media,Monthly,2023-06-12,,4,128,371,France
2023-09-26,U00747,Organic,Monthly,2023-10-05,,1,451,348,France
2023-05-12,U00748,PPC,Inactive,2023-05-18,2023-07-13,0,0,369,Germany
2023-02-06,U00749,Referral,Inactive,2023-02-09,2023-04-04,0,0,356,France
2023-01-08,U00750,PPC,Monthly,2023-01-20,,8,1040,188,USA
2023-03-28,U00751,Organic,Free Trial,2023-04-10,,9,702,430,Brazil
2023-08-05,U00752,Referral,Annual,2023-08-10,,6,858,1986,UK
2023-06-16,U00753,PPC,Free Trial,2023-06-19,,2,760,58,Brazil
2023-09-25,U00754,Organic,Annual,2023-10-08,,6,2748,1365,Brazil
2023-06-04,U00755,Organic,Inactive,2023-06-13,2023-07-01,0,0,403,USA
2023-05-27,U00756,Social Media,Monthly,2023-06-09,,3,1263,264,France
2023-10-08,U00757,PPC,Monthly,2023-10-11,,9,1395,39,Germany
2023-03-21,U00758,PPC,Monthly,2023-03-26,,2,962,94,Germany
2023-01-16,U00759,Social Media,Monthly,2023-01-26,,5,1710,286,India
2023-06-19,U00760,Social Media,Monthly,2023-06-20,,2,980,43,Germany
2023-10-20,U00761,Organic,Annual,2023-10-23,,7,2821,1454,Germany
2023-08-17,U00762,Organic,Inactive,2023-08-23,2023-09-08,0,0,107,France
2023-09-03,U00763,Organic,Inactive,2023-09-08,2023-10-14,0,0,443,UK
2023-05-13,U00764,Social Media,Free Trial,2023-05-15,,5,2445,85,UK
2023-07-07,U00765,Organic,Inactive,2023-07-15,2023-08-20,0,0,184,France
2023-05-19,U00766,PPC,Annual,2023-06-02,,4,380,1292,Germany
2023-03-08,U00767,Social Media,Free Trial,2023-03-19,,8,200,258,USA
2023-03-25,U00768,Social Media,Free Trial,2023-03-31,,1,225,349,Brazil
2023-11-11,U00769,Organic,Free Trial,2023-11-23,,5,625,143,Brazil
2023-03-16,U00770,Social Media,Inactive,2023-03-26,2023-05-09,0,0,187,UK
2023-07-31,U00771,Organic,Monthly,2023-08-07,,9,2511,374,France
2023-12-01,U00772,Social Media,Annual,2023-12-10,,7,2828,514,USA
2023-12-29,U00773,Organic,Free Trial,2024-01-10,,8,3808,72,Germany
2023-03-10,U00774,Organic,Annual,2023-03-19,,6,2112,707,France
2023-03-06,U00775,Social Media,Free Trial,2023-03-14,,9,1539,434,UK
2023-08-02,U00776,Organic,Monthly,2023-08-07,,6,1182,424,USA
2023-02-13,U00777,Organic,Monthly,2023-02-24,,7,791,267,USA
2023-09-26,U00778,Social Media,Free Trial,2023-10-08,,7,1050,153,UK
2023-04-16,U00779,Social Media,Inactive,2023-04-21,2023-06-13,0,0,394,USA
2023-10-09,U00780,PPC,Free Trial,2023-10-16,,8,2472,397,Brazil
2023-04-08,U00781,PPC,Monthly,2023-04-18,,1,37,312,UK
2023-03-07,U00782,PPC,Monthly,2023-03-13,,4,1732,458,Brazil
2023-04-15,U00783,Organic,Monthly,2023-04-21,,7,1967,61,France
2023-06-25,U00784,Organic,Free Trial,2023-07-02,,8,472,312,India
2023-02-25,U00785,Organic,Free Trial,2023-03-01,,7,2660,108,Germany
2023-11-12,U00786,Referral,Inactive,2023-11-19,2024-01-09,0,0,470,France
2023-02-21,U00787,PPC,Free Trial,2023-03-07,,4,1332,315,Brazil
2023-09-24,U00788,PPC,Inactive,2023-10-06,2023-10-26,0,0,54,Germany
2023-12-16,U00789,PPC,Inactive,2023-12-19,2024-01-25,0,0,51,Germany
2023-08-07,U00790,Referral,Free Trial,2023-08-09,,7,3171,488,Brazil
2023-10-13,U00791,Organic,Free Trial,2023-10-25,,6,894,477,Brazil
2023-04-22,U00792,PPC,Monthly,2023-04-30,,9,225,449,UK
2023-09-07,U00793,PPC,Inactive,2023-09-16,2023-10-19,0,0,336,India
2023-01-15,U00794,PPC,Inactive,2023-01-18,2023-02-16,0,0,66,Brazil
2023-11-26,U00795,Organic,Monthly,2023-12-07,,8,464,497,Germany
2023-02-21,U00796,Social Media,Annual,2023-03-01,,6,1038,1138,Germany
2023-02-22,U00797,Referral,Free Trial,2023-03-07,,1,71,421,France
2023-04-21,U00798,PPC,Inactive,2023-04-23,2023-06-03,0,0,123,India
2023-04-15,U00799,PPC,Inactive,2023-04-23,2023-06-02,0,0,309,India
2023-01-14,U00800,Referral,Free Trial,2023-01-20,,2,642,123,Germany
2023-06-30,U00801,Social Media,Free Trial,2023-07-01,,8,3080,65,India
2023-06-06,U00802,Organic,Free Trial,2023-06-14,,1,355,53,France
2023-09-22,U00803,PPC,Free Trial,2023-10-03,,2,318,221,UK
2023-05-18,U00804,PPC,Inactive,2023-05-29,2023-06-15,0,0,361,Germany
2023-10-04,U00805,PPC,Monthly,2023-10-18,,6,492,338,USA
2023-04-11,U00806,Social Media,Free Trial,2023-04-17,,2,156,43,Germany
2023-10-26,U00807,Referral,Monthly,2023-10-30,,2,948,279,Germany
2023-09-09,U00808,Referral,Inactive,2023-09-10,2023-10-17,0,0,205,UK
2023-04-01,U00809,PPC,Monthly,2023-04-13,,5,1815,422,Brazil
2023-05-15,U00810,Organic,Monthly,2023-05-16,,5,55,134,Brazil
2023-10-27,U00811,Referral,Free Trial,2023-10-31,,8,2544,88,USA
2023-10-26,U00812,Social Media,Inactive,2023-10-30,2023-12-25,0,0,264,USA
2023-07-11,U00813,Organic,Inactive,2023-07-20,2023-09-12,0,0,154,USA
2023-11-29,U00814,Referral,Free Trial,2023-12-05,,4,1056,92,Brazil
2023-11-13,U00815,Social Media,Free Trial,2023-11-23,,4,1972,239,UK
2023-10-17,U00816,PPC,Free Trial,2023-10-26,,2,940,146,India
2023-02-01,U00817,PPC,Free Trial,2023-02-06,,3,1239,36,USA
2023-10-06,U00818,Organic,Monthly,2023-10-10,,1,487,186,India
2023-05-19,U00819,Organic,Inactive,2023-05-28,2023-06-25,0,0,216,France
2023-12-27,U00820,Organic,Monthly,2024-01-07,,7,588,430,UK
2023-04-19,U00821,Social Media,Inactive,2023-04-24,2023-05-30,0,0,421,India
2023-11-03,U00822,Organic,Monthly,2023-11-05,,3,612,315,Brazil
2023-04-22,U00823,Organic,Annual,2023-04-28,,7,1372,631,Brazil
2023-02-11,U00824,Organic,Annual,2023-02-21,,2,918,892,USA
2023-08-28,U00825,PPC,Free Trial,2023-09-09,,3,36,222,USA
2023-11-16,U00826,Referral,Monthly,2023-11-30,,1,193,363,India
2023-10-27,U00827,Organic,Monthly,2023-10-31,,8,2752,412,Brazil
2023-06-07,U00828,Organic,Free Trial,2023-06-19,,2,564,46,India
2023-02-22,U00829,Social Media,Monthly,2023-03-03,,7,2639,397,France
2023-06-17,U00830,PPC,Monthly,2023-06-25,,9,549,302,UK
2023-05-29,U00831,Organic,Inactive,2023-06-03,2023-06-27,0,0,188,Brazil
2023-05-26,U00832,PPC,Monthly,2023-05-28,,2,754,169,Germany
2023-05-01,U00833,Organic,Inactive,2023-05-03,2023-06-25,0,0,438,Brazil
2023-05-08,U00834,Organic,Monthly,2023-05-20,,9,4419,377,France
2023-12-30,U00835,PPC,Annual,2024-01-07,,8,1872,578,Brazil
2023-08-28,U00836,PPC,Monthly,2023-09-05,,9,2871,178,France
2023-12-20,U00837,Referral,Inactive,2023-12-21,2024-01-07,0,0,321,Brazil
2023-10-22,U00838,Organic,Monthly,2023-11-02,,4,1496,89,France
2023-10-09,U00839,PPC,Monthly,2023-10-12,,2,50,23,USA
2023-09-08,U00840,PPC,Monthly,2023-09-14,,1,238,63,India
2023-11-06,U00841,Organic,Monthly,2023-11-08,,4,816,456,Brazil
2023-08-17,U00842,PPC,Free Trial,2023-08-22,,8,2080,263,UK
2023-09-25,U00843,Organic,Free Trial,2023-10-01,,2,904,74,USA
2023-12-16,U00844,Referral,Free Trial,2023-12-23,,8,2496,381,France
2023-04-06,U00845,Organic,Inactive,2023-04-08,2023-06-04,0,0,67,UK
2023-01-31,U00846,PPC,Free Trial,2023-02-11,,1,244,105,USA
2023-07-27,U00847,Organic,Free Trial,2023-08-06,,4,520,30,Germany
2023-07-09,U00848,Referral,Annual,2023-07-21,,7,2303,1993,Brazil
2023-06-15,U00849,PPC,Monthly,2023-06-28,,9,531,82,Brazil
2023-04-12,U00850,PPC,Monthly,2023-04-14,,5,2390,257,France
2023-05-10,U00851,Organic,Free Trial,2023-05-22,,2,100,136,USA
2023-12-14,U00852,Social Media,Inactive,2023-12-28,2024-01-16,0,0,55,USA
2023-03-31,U00853,Organic,Inactive,2023-04-14,2023-05-16,0,0,479,France
2023-03-27,U00854,Social Media,Inactive,2023-04-10,2023-05-03,0,0,277,Germany
2023-10-31,U00855,Organic,Monthly,2023-11-03,,9,1719,137,Brazil
2023-10-28,U00856,Organic,Annual,2023-10-30,,3,42,887,India
2023-04-26,U00857,Organic,Free Trial,2023-05-09,,8,1232,103,Germany
2023-12-19,U00858,PPC,Free Trial,2023-12-27,,4,1464,233,France
2023-03-03,U00859,PPC,Free Trial,2023-03-12,,3,261,325,India
2023-09-28,U00860,Organic,Monthly,2023-09-30,,1,240,109,USA
2023-01-17,U00861,Social Media,Monthly,2023-01-31,,5,1530,80,Germany
2023-11-04,U00862,PPC,Monthly,2023-11-09,,4,1428,90,Germany
2023-04-11,U00863,PPC,Free Trial,2023-04-13,,1,488,458,Brazil
2023-11-14,U00864,PPC,Monthly,2023-11-26,,8,1744,407,Brazil
2023-08-01,U00865,PPC,Annual,2023-08-10,,8,1376,524,India
2023-06-12,U00866,PPC,Monthly,2023-06-21,,8,1416,309,USA
2023-09-12,U00867,Organic,Annual,2023-09-13,,3,861,517,Germany
2023-02-22,U00868,Organic,Free Trial,2023-03-02,,6,1476,111,India
2023-10-02,U00869,Social Media,Inactive,2023-10-11,2023-11-14,0,0,419,Germany
2023-06-24,U00870,Referral,Monthly,2023-07-08,,9,558,100,Brazil
2023-02-05,U00871,Organic,Free Trial,2023-02-10,,5,1790,374,USA
2023-02-09,U00872,Organic,Free Trial,2023-02-22,,9,171,25,USA
2023-01-02,U00873,PPC,Monthly,2023-01-03,,6,930,119,UK
2023-03-07,U00874,PPC,Inactive,2023-03-18,2023-04-23,0,0,272,India
2023-12-12,U00875,Organic,Monthly,2023-12-25,,1,245,169,Brazil
2023-05-13,U00876,Organic,Free Trial,2023-05-25,,1,473,262,Brazil
2023-08-01,U00877,Social Media,Inactive,2023-08-14,2023-09-27,0,0,98,Brazil
2023-12-26,U00878,PPC,Monthly,2024-01-08,,3,942,104,France
2023-08-03,U00879,Organic,Monthly,2023-08-12,,5,400,281,Germany
2023-12-09,U00880,Organic,Monthly,2023-12-15,,5,835,256,USA
2023-09-17,U00881,Organic,Free Trial,2023-09-23,,1,28,370,Germany
2023-02-06,U00882,PPC,Monthly,2023-02-20,,8,512,387,Germany
2023-04-15,U00883,Organic,Monthly,2023-04-29,,5,2265,215,France
2023-11-21,U00884,Organic,Inactive,2023-11-30,2023-12-26,0,0,354,USA
2023-01-26,U00885,Social Media,Monthly,2023-02-09,,9,4185,327,UK
2023-07-16,U00886,Organic,Monthly,2023-07-27,,8,1744,295,Brazil
2023-12-15,U00887,PPC,Monthly,2023-12-23,,1,30,257,India
2023-03-31,U00888,Organic,Inactive,2023-04-01,2023-05-11,0,0,464,Germany
2023-09-14,U00889,Organic,Inactive,2023-09-15,2023-11-04,0,0,405,France
2023-03-28,U00890,Organic,Monthly,2023-04-07,,1,37,76,France
2023-09-12,U00891,Social Media,Annual,2023-09-26,,1,432,883,India
2023-12-20,U00892,Social Media,Monthly,2023-12-21,,5,2130,55,India
2023-08-11,U00893,Social Media,Monthly,2023-08-13,,9,2745,476,USA
2023-10-01,U00894,Organic,Free Trial,2023-10-03,,6,1320,52,Germany
2023-09-05,U00895,PPC,Monthly,2023-09-16,,2,588,238,Germany
2023-01-31,U00896,Organic,Free Trial,2023-02-09,,9,261,448,India
2023-03-23,U00897,Organic,Inactive,2023-03-25,2023-04-27,0,0,310,Brazil
2023-12-21,U00898,Social Media,Monthly,2024-01-02,,5,1695,453,UK
2023-10-18,U00899,Organic,Inactive,2023-10-25,2023-11-19,0,0,243,Germany
2023-07-10,U00900,Organic,Monthly,2023-07-13,,3,387,208,France
2023-08-06,U00901,Organic,Monthly,2023-08-20,,6,636,345,Brazil
2023-03-17,U00902,Organic,Monthly,2023-03-24,,4,516,41,India
2023-09-10,U00903,Organic,Free Trial,2023-09-17,,2,68,273,Germany
2023-06-13,U00904,PPC,Monthly,2023-06-19,,3,486,122,USA
2023-04-21,U00905,PPC,Free Trial,2023-05-02,,9,2286,470,India
2023-06-16,U00906,Social Media,Monthly,2023-06-23,,9,2421,327,France
2023-09-29,U00907,Social Media,Monthly,2023-10-11,,6,78,468,USA
2023-07-16,U00908,Organic,Annual,2023-07-22,,9,3618,1468,India
2023-05-31,U00909,Organic,Free Trial,2023-06-11,,4,608,155,India
2023-09-04,U00910,Organic,Free Trial,2023-09-07,,5,1455,366,Germany
2023-09-29,U00911,PPC,Monthly,2023-10-05,,6,2064,15,USA
2023-09-15,U00912,Organic,Inactive,2023-09-19,2023-10-13,0,0,349,India
2023-08-11,U00913,PPC,Annual,2023-08-23,,5,1145,1909,Brazil
2023-10-06,U00914,PPC,Monthly,2023-10-16,,8,2688,117,France
2023-09-03,U00915,PPC,Monthly,2023-09-05,,1,169,422,USA
2023-05-04,U00916,PPC,Free Trial,2023-05-15,,5,425,269,Brazil
2023-07-25,U00917,Organic,Inactive,2023-07-27,2023-09-18,0,0,80,Germany
2023-10-07,U00918,Referral,Monthly,2023-10-16,,6,1134,436,UK
2023-05-13,U00919,Social Media,Free Trial,2023-05-27,,7,952,349,India
2023-12-02,U00920,Organic,Monthly,2023-12-09,,5,205,171,UK
2023-11-23,U00921,Social Media,Free Trial,2023-12-03,,1,274,109,India
2023-08-02,U00922,PPC,Inactive,2023-08-09,2023-09-21,0,0,336,Brazil
2023-02-25,U00923,Social Media,Free Trial,2023-03-01,,5,110,42,Germany
2023-12-09,U00924,Social Media,Monthly,2023-12-15,,6,2694,152,Germany
2023-10-15,U00925,PPC,Free Trial,2023-10-25,,7,2723,253,Germany
2023-12-20,U00926,Organic,Annual,2023-12-28,,7,3059,543,Germany
2023-04-12,U00927,Organic,Annual,2023-04-25,,2,980,1606,USA
2023-05-11,U00928,PPC,Monthly,2023-05-23,,3,1083,129,USA
2023-03-06,U00929,PPC,Monthly,2023-03-10,,6,2088,177,India
2023-10-14,U00930,Organic,Inactive,2023-10-26,2023-12-20,0,0,358,USA
2023-11-24,U00931,Organic,Free Trial,2023-12-07,,2,818,226,India
2023-03-18,U00932,Social Media,Monthly,2023-03-22,,4,1620,398,USA
2023-02-05,U00933,Referral,Free Trial,2023-02-09,,5,1055,471,USA
2023-11-03,U00934,PPC,Inactive,2023-11-12,2023-11-27,0,0,443,USA
2023-07-18,U00935,Organic,Monthly,2023-07-29,,3,81,364,France
2023-05-17,U00936,Organic,Annual,2023-05-26,,3,1218,588,Germany
2023-08-22,U00937,Organic,Monthly,2023-09-03,,6,612,226,France
2023-12-19,U00938,Referral,Free Trial,2023-12-26,,5,1445,63,USA
2023-04-17,U00939,Organic,Free Trial,2023-04-23,,6,2202,217,USA
2023-05-06,U00940,PPC,Free Trial,2023-05-12,,7,2835,439,France
2023-03-12,U00941,Organic,Monthly,2023-03-15,,3,975,89,Brazil
2023-11-02,U00942,PPC,Free Trial,2023-11-04,,5,345,404,India
2023-03-24,U00943,PPC,Free Trial,2023-04-01,,8,3888,389,Germany
2023-02-04,U00944,Social Media,Inactive,2023-02-15,2023-03-05,0,0,442,India
2023-10-13,U00945,Organic,Inactive,2023-10-23,2023-11-28,0,0,492,Brazil
2022-12-31,U00946,Organic,Monthly,2023-01-08,,4,40,160,Germany
2023-09-02,U00947,Organic,Monthly,2023-09-16,,2,104,64,UK
2023-07-25,U00948,Referral,Free Trial,2023-07-28,,3,960,14,Germany
2023-12-28,U00949,Social Media,Monthly,2024-01-02,,4,708,457,India
2023-10-21,U00950,PPC,Inactive,2023-11-02,2023-12-23,0,0,44,Germany
2023-12-22,U00951,PPC,Free Trial,2023-12-27,,9,387,358,UK
2023-10-29,U00952,PPC,Free Trial,2023-11-11,,6,258,128,UK
2023-09-22,U00953,Organic,Annual,2023-10-05,,9,1665,820,USA
2023-03-09,U00954,Referral,Monthly,2023-03-21,,4,1704,63,UK
2023-04-11,U00955,PPC,Free Trial,2023-04-14,,9,1845,268,France
2023-06-15,U00956,Organic,Monthly,2023-06-28,,9,4455,271,India
2023-08-30,U00957,PPC,Monthly,2023-08-31,,6,1002,352,France
2023-05-05,U00958,Organic,Monthly,2023-05-09,,5,1270,375,Brazil
2023-12-01,U00959,Organic,Annual,2023-12-11,,3,1125,1726,France
2023-04-03,U00960,Social Media,Inactive,2023-04-17,2023-05-05,0,0,11,India
2023-01-09,U00961,Organic,Monthly,2023-01-18,,3,1065,91,Brazil
2023-05-16,U00962,PPC,Inactive,2023-05-19,2023-06-15,0,0,359,France
2023-09-10,U00963,Organic,Monthly,2023-09-18,,5,400,431,France
2023-10-11,U00964,Organic,Annual,2023-10-22,,2,672,1952,Brazil
2023-12-24,U00965,Organic,Monthly,2024-01-06,,9,1107,14,France
2023-10-08,U00966,Organic,Inactive,2023-10-17,2023-11-26,0,0,183,UK
2023-12-05,U00967,Social Media,Inactive,2023-12-12,2024-02-02,0,0,148,India
2023-11-30,U00968,Organic,Free Trial,2023-12-06,,5,2135,202,India
2023-03-27,U00969,PPC,Inactive,2023-04-05,2023-05-19,0,0,147,India
2023-03-09,U00970,PPC,Inactive,2023-03-20,2023-05-18,0,0,306,France
2023-02-14,U00971,PPC,Annual,2023-02-21,,2,212,1041,UK
2023-02-02,U00972,Referral,Free Trial,2023-02-11,,8,2544,53,India
2023-08-24,U00973,Social Media,Inactive,2023-08-30,2023-10-01,0,0,355,Germany
2023-08-11,U00974,Organic,Inactive,2023-08-24,2023-09-14,0,0,298,India
2023-02-22,U00975,Organic,Free Trial,2023-02-24,,3,663,228,USA
2023-05-24,U00976,Organic,Inactive,2023-06-05,2023-07-08,0,0,65,Germany
2023-06-29,U00977,PPC,Free Trial,2023-07-13,,6,1164,251,India
2023-11-21,U00978,Organic,Free Trial,2023-11-22,,4,856,405,France
2023-07-18,U00979,PPC,Monthly,2023-07-31,,7,2611,267,India
2023-06-09,U00980,PPC,Monthly,2023-06-21,,7,1575,10,UK
2023-10-26,U00981,Organic,Monthly,2023-10-28,,2,510,458,UK
2023-04-08,U00982,Social Media,Free Trial,2023-04-11,,2,496,386,India
2023-02-18,U00983,Organic,Inactive,2023-02-25,2023-04-03,0,0,390,France
2023-12-10,U00984,Organic,Free Trial,2023-12-14,,2,800,298,France
2023-04-06,U00985,Social Media,Free Trial,2023-04-17,,9,153,479,France
2023-11-14,U00986,PPC,Free Trial,2023-11-27,,5,2400,469,India
2023-11-20,U00987,PPC,Monthly,2023-11-26,,8,696,112,India
2023-01-25,U00988,PPC,Inactive,2023-01-31,2023-03-24,0,0,301,USA
2023-04-27,U00989,Organic,Monthly,2023-05-08,,5,1430,158,UK
2023-01-30,U00990,Social Media,Inactive,2023-02-06,2023-04-01,0,0,93,Germany
2023-11-19,U00991,Social Media,Free Trial,2023-12-03,,6,1266,429,Germany
2023-08-12,U00992,PPC,Monthly,2023-08-18,,4,892,35,UK
2023-07-08,U00993,Organic,Monthly,2023-07-17,,3,309,184,Brazil
2023-01-09,U00994,PPC,Monthly,2023-01-20,,6,2922,232,USA
2023-11-26,U00995,Organic,Free Trial,2023-12-02,,2,946,138,UK
2023-05-01,U00996,Organic,Monthly,2023-05-07,,8,672,431,USA
2023-01-26,U00997,Referral,Monthly,2023-02-02,,1,479,151,Brazil
2023-03-19,U00998,Organic,Annual,2023-03-22,,9,1494,1754,USA
2023-05-28,U00999,Referral,Monthly,2023-06-09,,8,1296,311,France
2023-06-25,U01000,PPC,Free Trial,2023-07-02,,1,451,307,UK
2023-12-29,U01001,Organic,Monthly,2024-01-09,,9,1359,144,Germany
2023-07-22,U01002,PPC,Free Trial,2023-08-01,,2,174,64,India
2023-01-29,U01003,Social Media,Inactive,2023-02-10,2023-03-10,0,0,65,Brazil
2023-01-18,U01004,Social Media,Monthly,2023-01-26,,2,382,383,Brazil
2023-10-15,U01005,Social Media,Free Trial,2023-10-24,,8,3760,85,India
2023-12-27,U01006,PPC,Inactive,2024-01-07,2024-03-04,0,0,328,UK
2023-03-01,U01007,PPC,Monthly,2023-03-14,,2,334,417,India
2023-08-09,U01008,Social Media,Free Trial,2023-08-13,,1,155,348,USA
2023-11-16,U01009,Organic,Monthly,2023-11-23,,7,441,466,India
2023-05-08,U01010,PPC,Free Trial,2023-05-12,,2,730,364,USA
2023-07-19,U01011,Organic,Inactive,2023-07-26,2023-09-04,0,0,141,USA
2023-07-02,U01012,Referral,Inactive,2023-07-15,2023-08-21,0,0,51,Germany
2023-12-11,U01013,Referral,Inactive,2023-12-13,2024-01-14,0,0,361,India
2023-03-02,U01014,Organic,Monthly,2023-03-03,,3,1227,119,Germany
2023-09-06,U01015,Social Media,Monthly,2023-09-15,,3,495,79,India
2023-01-01,U01016,Referral,Annual,2023-01-04,,6,78,930,USA
2023-09-17,U01017,Organic,Free Trial,2023-10-01,,4,1280,135,India
2023-01-04,U01018,PPC,Monthly,2023-01-05,,3,840,357,Brazil
2023-06-26,U01019,Referral,Monthly,2023-07-08,,2,146,305,Brazil
2023-08-13,U01020,Organic,Free Trial,2023-08-18,,3,1374,188,Germany
2023-07-26,U01021,PPC,Monthly,2023-07-30,,4,484,422,France
2023-08-11,U01022,Organic,Inactive,2023-08-15,2023-08-31,0,0,307,Brazil
2023-04-20,U01023,Referral,Inactive,2023-04-25,2023-06-01,0,0,383,Germany
2023-10-27,U01024,Referral,Free Trial,2023-10-30,,8,3064,206,France
2023-01-29,U01025,Referral,Free Trial,2023-01-30,,3,87,270,UK
2023-06-24,U01026,PPC,Free Trial,2023-07-04,,3,219,110,Germany
2023-04-01,U01027,Social Media,Inactive,2023-04-06,2023-05-14,0,0,434,Brazil
2023-08-09,U01028,Social Media,Free Trial,2023-08-16,,8,720,70,Brazil
2023-10-01,U01029,Organic,Annual,2023-10-02,,4,824,695,India
2023-12-22,U01030,Social Media,Free Trial,2024-01-02,,1,391,421,France
2023-08-21,U01031,Organic,Monthly,2023-08-28,,2,156,306,Brazil
2023-11-02,U01032,PPC,Monthly,2023-11-11,,2,390,376,India
2023-06-08,U01033,Organic,Annual,2023-06-21,,3,528,1804,France
2023-10-30,U01034,Organic,Free Trial,2023-11-01,,6,1284,422,Germany
2023-01-25,U01035,Organic,Monthly,2023-01-31,,8,1384,215,Germany
2023-05-07,U01036,PPC,Free Trial,2023-05-19,,1,103,431,India
2023-08-20,U01037,Organic,Annual,2023-08-23,,9,2322,1516,Germany
2023-08-31,U01038,Social Media,Inactive,2023-09-04,2023-10-14,0,0,63,India
2023-04-26,U01039,Organic,Free Trial,2023-05-06,,2,704,189,USA
2023-07-19,U01040,Organic,Inactive,2023-07-24,2023-08-22,0,0,113,France
2023-07-30,U01041,PPC,Monthly,2023-08-08,,7,2296,135,India
2023-08-29,U01042,Social Media,Free Trial,2023-09-10,,9,846,43,France
2023-07-06,U01043,Organic,Monthly,2023-07-12,,3,1197,174,USA
2023-12-03,U01044,PPC,Free Trial,2023-12-09,,8,264,442,France
2023-02-04,U01045,Social Media,Annual,2023-02-11,,9,1080,788,India
2023-07-15,U01046,PPC,Annual,2023-07-27,,7,3122,1598,Germany
2023-03-17,U01047,Organic,Free Trial,2023-03-31,,4,1440,475,France
2023-07-26,U01048,Organic,Monthly,2023-07-30,,4,368,298,France
2023-10-07,U01049,Social Media,Inactive,2023-10-21,2023-11-17,0,0,127,Brazil
2023-02-13,U01050,Organic,Inactive,2023-02-22,2023-04-15,0,0,363,Brazil
2023-04-03,U01051,Social Media,Monthly,2023-04-16,,4,348,101,USA
2023-12-01,U01052,PPC,Inactive,2023-12-05,2024-01-07,0,0,109,UK
2023-05-20,U01053,Referral,Monthly,2023-05-31,,9,3501,494,Germany
2023-04-23,U01054,Social Media,Monthly,2023-05-02,,7,1043,96,India
2023-04-14,U01055,Referral,Inactive,2023-04-16,2023-05-13,0,0,243,USA
2023-09-29,U01056,Organic,Monthly,2023-10-07,,5,1925,410,India
2023-02-09,U01057,Social Media,Monthly,2023-02-22,,5,1400,133,India
2023-08-22,U01058,PPC,Monthly,2023-08-30,,7,2436,212,France
2023-09-27,U01059,PPC,Inactive,2023-09-29,2023-10-24,0,0,41,USA
2023-07-08,U01060,PPC,Inactive,2023-07-12,2023-09-07,0,0,366,USA
2023-05-28,U01061,Social Media,Monthly,2023-06-07,,2,356,472,Brazil
2023-07-21,U01062,Referral,Monthly,2023-07-28,,3,618,461,Germany
2023-01-15,U01063,Social Media,Monthly,2023-01-21,,2,924,48,UK
2023-09-13,U01064,PPC,Monthly,2023-09-22,,7,1897,103,India
2023-12-17,U01065,PPC,Free Trial,2023-12-19,,2,448,19,Germany
2023-11-10,U01066,Social Media,Annual,2023-11-11,,2,152,990,Brazil
2023-03-28,U01067,Organic,Monthly,2023-04-06,,2,476,417,Germany
2023-04-12,U01068,Organic,Monthly,2023-04-21,,4,680,109,India
2023-01-09,U01069,Organic,Free Trial,2023-01-10,,1,436,253,France
2023-06-01,U01070,Organic,Free Trial,2023-06-12,,2,262,67,France
2023-11-13,U01071,Organic,Inactive,2023-11-21,2023-12-30,0,0,462,India
2023-10-26,U01072,Organic,Monthly,2023-11-05,,7,2443,366,Brazil
2023-05-06,U01073,Organic,Free Trial,2023-05-13,,1,202,329,Brazil
2023-07-09,U01074,Organic,Monthly,2023-07-10,,6,1440,28,USA
2023-02-28,U01075,Referral,Monthly,2023-03-08,,3,360,366,UK
2023-10-22,U01076,PPC,Free Trial,2023-11-02,,3,462,126,France
2023-05-15,U01077,Organic,Monthly,2023-05-28,,4,920,145,UK
2023-02-26,U01078,PPC,Monthly,2023-03-12,,4,1604,336,Germany
2023-01-13,U01079,Organic,Monthly,2023-01-17,,7,511,305,Germany
2023-11-23,U01080,Referral,Monthly,2023-12-07,,3,405,22,India
2023-12-07,U01081,Social Media,Monthly,2023-12-18,,8,1816,110,India
2023-02-19,U01082,Organic,Inactive,2023-02-25,2023-04-17,0,0,389,India
2023-11-26,U01083,PPC,Monthly,2023-12-03,,7,2541,164,Brazil
2023-03-19,U01084,Social Media,Free Trial,2023-03-24,,2,966,91,France
2023-06-01,U01085,Referral,Free Trial,2023-06-02,,5,2030,97,UK
2023-09-22,U01086,PPC,Monthly,2023-09-25,,6,1470,114,Germany
2023-05-19,U01087,PPC,Annual,2023-05-24,,4,1976,1312,UK
2023-07-18,U01088,Organic,Free Trial,2023-07-20,,5,110,281,France
2023-06-01,U01089,Referral,Annual,2023-06-08,,9,3879,1454,UK
2023-11-04,U01090,Organic,Free Trial,2023-11-12,,7,1134,137,UK
2023-03-10,U01091,Referral,Monthly,2023-03-14,,2,496,410,Brazil
2023-01-14,U01092,PPC,Annual,2023-01-27,,1,199,1760,India
2023-03-26,U01093,PPC,Monthly,2023-04-07,,2,320,463,Brazil
2023-01-25,U01094,PPC,Monthly,2023-02-01,,3,285,236,Brazil
2023-05-27,U01095,Organic,Free Trial,2023-06-05,,2,60,26,UK
2023-10-20,U01096,Organic,Annual,2023-10-26,,3,573,1027,UK
2023-09-03,U01097,Organic,Free Trial,2023-09-15,,9,2952,47,Brazil
2023-11-08,U01098,Organic,Inactive,2023-11-18,2023-12-07,0,0,133,UK
2023-08-17,U01099,Social Media,Free Trial,2023-08-30,,9,4212,369,Brazil
2023-08-18,U01100,Organic,Inactive,2023-08-26,2023-09-22,0,0,73,USA
2023-01-09,U01101,Organic,Monthly,2023-01-17,,1,490,386,Brazil
2023-07-14,U01102,Referral,Annual,2023-07-27,,5,1880,1911,Germany
2023-07-31,U01103,Social Media,Monthly,2023-08-05,,2,170,271,Germany
2023-10-25,U01104,Referral,Inactive,2023-11-03,2023-12-01,0,0,453,UK
2023-03-29,U01105,Referral,Free Trial,2023-04-02,,2,850,121,Brazil
2023-09-03,U01106,Organic,Free Trial,2023-09-10,,2,424,111,Brazil
2023-03-18,U01107,Organic,Monthly,2023-03-23,,3,714,58,India
2023-05-18,U01108,Social Media,Free Trial,2023-06-01,,5,805,286,India
2023-10-03,U01109,PPC,Free Trial,2023-10-10,,4,1088,236,India
2023-06-22,U01110,Organic,Inactive,2023-07-04,2023-08-29,0,0,32,Brazil
2023-06-22,U01111,Social Media,Inactive,2023-06-28,2023-07-27,0,0,341,Brazil
2023-09-13,U01112,Organic,Monthly,2023-09-21,,6,2892,194,Germany
2023-05-29,U01113,Organic,Inactive,2023-06-05,2023-07-17,0,0,73,France
2023-10-05,U01114,PPC,Monthly,2023-10-07,,6,840,166,UK
2023-06-22,U01115,PPC,Free Trial,2023-07-01,,7,2583,292,Germany
2023-05-03,U01116,PPC,Annual,2023-05-05,,1,37,1017,India
2023-01-05,U01117,Organic,Monthly,2023-01-07,,6,1848,158,Germany
2023-09-25,U01118,Social Media,Inactive,2023-09-29,2023-11-28,0,0,336,Germany
2023-10-02,U01119,Organic,Free Trial,2023-10-16,,1,55,372,Germany
2023-08-02,U01120,Organic,Monthly,2023-08-05,,8,80,178,India
2023-09-05,U01121,Social Media,Free Trial,2023-09-18,,4,700,473,France
2023-11-04,U01122,Referral,Free Trial,2023-11-17,,8,2032,142,USA
2023-06-29,U01123,Social Media,Free Trial,2023-07-03,,4,912,408,UK
2023-03-09,U01124,Social Media,Inactive,2023-03-22,2023-04-12,0,0,414,UK
2023-10-10,U01125,PPC,Inactive,2023-10-16,2023-12-05,0,0,323,Germany
2023-03-28,U01126,PPC,Annual,2023-03-29,,6,2802,1832,France
2023-11-07,U01127,Organic,Monthly,2023-11-19,,9,1917,206,India
2023-08-02,U01128,PPC,Monthly,2023-08-09,,5,1055,144,USA
2023-05-18,U01129,Organic,Free Trial,2023-05-31,,8,504,44,USA
2023-01-01,U01130,Organic,Free Trial,2023-01-03,,8,3928,429,Germany
2023-07-22,U01131,Social Media,Monthly,2023-08-05,,4,1156,386,Germany
2023-09-08,U01132,PPC,Annual,2023-09-16,,9,3789,903,India
2023-08-31,U01133,Organic,Monthly,2023-09-06,,9,2583,229,India
2023-02-03,U01134,Organic,Free Trial,2023-02-08,,5,125,395,Brazil
2023-12-26,U01135,PPC,Free Trial,2024-01-06,,6,132,385,India
2023-01-05,U01136,Organic,Free Trial,2023-01-19,,5,1825,194,Germany
2023-09-01,U01137,Social Media,Monthly,2023-09-09,,3,1095,14,France
2023-05-27,U01138,PPC,Inactive,2023-06-07,2023-08-04,0,0,80,Germany
2023-02-03,U01139,PPC,Monthly,2023-02-15,,9,3924,351,Germany
2023-11-29,U01140,PPC,Inactive,2023-12-07,2023-12-25,0,0,250,USA
2023-12-14,U01141,Social Media,Monthly,2023-12-19,,9,783,360,India
2023-05-17,U01142,Organic,Monthly,2023-05-21,,9,3825,425,UK
2023-11-06,U01143,PPC,Free Trial,2023-11-10,,7,532,465,India
2023-05-05,U01144,PPC,Inactive,2023-05-12,2023-06-02,0,0,306,Brazil
2023-07-24,U01145,Organic,Annual,2023-07-28,,3,660,1632,France
2023-03-05,U01146,Social Media,Free Trial,2023-03-06,,5,1115,340,France
2023-03-02,U01147,Social Media,Monthly,2023-03-08,,3,582,202,India
2023-09-13,U01148,PPC,Monthly,2023-09-26,,7,3206,177,India
2023-05-09,U01149,Social Media,Monthly,2023-05-19,,6,2772,348,Germany
2023-12-09,U01150,Social Media,Inactive,2023-12-22,2024-02-08,0,0,245,UK
2023-07-19,U01151,Social Media,Monthly,2023-07-27,,9,378,303,Germany
2023-12-20,U01152,Social Media,Monthly,2023-12-23,,1,124,307,USA
2023-11-19,U01153,PPC,Free Trial,2023-11-20,,3,852,257,USA
2023-04-05,U01154,PPC,Free Trial,2023-04-15,,7,3003,174,France
2023-03-28,U01155,PPC,Free Trial,2023-04-11,,3,621,321,France
2023-08-20,U01156,Social Media,Free Trial,2023-08-21,,3,1167,80,UK
2023-05-05,U01157,Organic,Annual,2023-05-16,,2,304,1205,France
2023-01-31,U01158,Social Media,Annual,2023-02-10,,9,2133,861,Brazil
2023-08-09,U01159,Social Media,Free Trial,2023-08-12,,4,516,482,USA
2023-05-28,U01160,Organic,Inactive,2023-06-05,2023-07-28,0,0,191,UK
2023-11-19,U01161,Social Media,Free Trial,2023-11-21,,2,66,31,USA
2023-11-05,U01162,Organic,Monthly,2023-11-09,,9,324,292,India
2023-07-26,U01163,Organic,Free Trial,2023-08-06,,7,3094,114,India
2023-09-09,U01164,Social Media,Monthly,2023-09-17,,5,420,184,UK
2023-10-19,U01165,Organic,Free Trial,2023-10-31,,7,1750,303,Germany
2023-02-11,U01166,Social Media,Monthly,2023-02-19,,4,128,377,Brazil
2023-10-17,U01167,Social Media,Monthly,2023-10-23,,7,1190,48,Brazil
2023-10-29,U01168,PPC,Inactive,2023-11-04,2023-11-20,0,0,408,France
2023-09-11,U01169,Organic,Free Trial,2023-09-20,,7,1729,384,UK
2023-01-27,U01170,Organic,Free Trial,2023-01-31,,4,992,459,Brazil
2023-09-15,U01171,PPC,Free Trial,2023-09-27,,4,260,454,France
2023-04-18,U01172,Referral,Monthly,2023-04-19,,1,422,69,USA
2023-04-06,U01173,PPC,Free Trial,2023-04-12,,3,1272,401,Germany
2023-11-29,U01174,Organic,Inactive,2023-12-02,2024-01-26,0,0,309,France
2023-02-19,U01175,PPC,Monthly,2023-03-05,,5,535,308,India
2023-01-05,U01176,PPC,Monthly,2023-01-17,,2,310,399,India
2023-07-17,U01177,Social Media,Monthly,2023-07-29,,4,1900,221,USA
2023-08-27,U01178,Organic,Free Trial,2023-09-02,,1,271,164,UK
2023-08-09,U01179,Social Media,Free Trial,2023-08-11,,9,4005,182,France
2023-03-30,U01180,PPC,Monthly,2023-04-07,,1,49,32,USA
2023-10-20,U01181,Referral,Monthly,2023-10-22,,6,1212,249,India
2023-04-20,U01182,Organic,Free Trial,2023-04-28,,7,1736,497,India
2023-01-17,U01183,PPC,Free Trial,2023-01-20,,3,153,218,India
2023-05-02,U01184,Referral,Inactive,2023-05-09,2023-06-16,0,0,131,Germany
2023-11-25,U01185,Organic,Free Trial,2023-12-02,,7,1435,262,Germany
2023-09-20,U01186,Referral,Inactive,2023-09-24,2023-10-17,0,0,150,India
2023-03-16,U01187,PPC,Annual,2023-03-27,,6,114,1129,Brazil
2023-07-06,U01188,Organic,Free Trial,2023-07-16,,6,1464,349,UK
2023-03-19,U01189,Organic,Free Trial,2023-03-25,,4,1336,371,Germany
2023-05-25,U01190,Social Media,Free Trial,2023-05-28,,6,1644,329,France
2023-07-01,U01191,Organic,Monthly,2023-07-08,,4,312,162,Germany
2023-07-04,U01192,PPC,Monthly,2023-07-09,,8,3632,390,France
2023-07-06,U01193,Organic,Annual,2023-07-19,,9,1332,1315,Germany
2023-03-18,U01194,PPC,Inactive,2023-03-29,2023-04-29,0,0,317,India
2023-05-25,U01195,Organic,Monthly,2023-05-27,,7,1596,57,France
2023-01-20,U01196,Social Media,Free Trial,2023-01-29,,9,1845,326,UK
2023-05-28,U01197,Referral,Free Trial,2023-05-29,,9,747,26,Germany
2023-09-09,U01198,Referral,Inactive,2023-09-22,2023-11-16,0,0,305,Germany
2023-04-08,U01199,Social Media,Free Trial,2023-04-20,,1,234,340,India
2023-08-23,U01200,Organic,Free Trial,2023-08-28,,6,792,354,France
2023-03-23,U01201,Social Media,Annual,2023-03-26,,8,888,921,Brazil
2023-12-16,U01202,Organic,Monthly,2023-12-26,,1,273,94,India
2023-03-02,U01203,Organic,Inactive,2023-03-05,2023-04-15,0,0,291,France
2023-07-02,U01204,Organic,Monthly,2023-07-07,,1,417,217,Germany
2022-12-31,U01205,PPC,Free Trial,2023-01-08,,5,2480,449,Germany
2023-03-07,U01206,Social Media,Inactive,2023-03-08,2023-04-12,0,0,49,Germany
2023-08-23,U01207,PPC,Free Trial,2023-09-06,,4,968,478,Germany
2023-02-14,U01208,PPC,Monthly,2023-02-15,,1,284,105,USA
2023-11-01,U01209,Organic,Monthly,2023-11-06,,7,1869,461,Germany
2023-09-09,U01210,Referral,Free Trial,2023-09-15,,8,2560,495,Germany
2023-04-16,U01211,PPC,Monthly,2023-04-28,,5,740,259,Brazil
2023-01-24,U01212,PPC,Free Trial,2023-01-30,,2,472,382,Brazil
2023-12-16,U01213,Organic,Monthly,2023-12-24,,8,2256,145,France
2023-02-02,U01214,Social Media,Monthly,2023-02-09,,1,435,82,Germany
2023-09-07,U01215,PPC,Annual,2023-09-16,,7,2282,1339,Germany
2023-02-21,U01216,Organic,Inactive,2023-02-25,2023-04-10,0,0,282,France
2023-07-24,U01217,Organic,Free Trial,2023-07-25,,6,570,178,Germany
2023-06-18,U01218,PPC,Monthly,2023-06-28,,6,1800,342,Germany
2023-09-05,U01219,PPC,Monthly,2023-09-10,,5,2390,402,India
2023-05-07,U01220,Organic,Free Trial,2023-05-13,,2,452,207,USA
2023-06-28,U01221,Referral,Annual,2023-07-03,,2,736,1099,France
2023-02-10,U01222,Organic,Annual,2023-02-13,,9,675,1892,India
2023-11-13,U01223,PPC,Free Trial,2023-11-24,,5,1330,110,Brazil
2023-03-01,U01224,Referral,Monthly,2023-03-06,,5,720,368,UK
2023-09-06,U01225,PPC,Free Trial,2023-09-16,,7,2891,244,UK
2023-05-31,U01226,PPC,Monthly,2023-06-14,,6,2616,289,Brazil
2023-07-13,U01227,Organic,Free Trial,2023-07-17,,2,768,338,USA
2023-01-21,U01228,Organic,Inactive,2023-01-28,2023-03-14,0,0,386,UK
2023-04-19,U01229,Referral,Annual,2023-04-24,,5,320,976,USA
2023-11-01,U01230,PPC,Monthly,2023-11-15,,4,1460,404,UK
2023-09-15,U01231,Social Media,Monthly,2023-09-19,,3,756,44,UK
2023-02-07,U01232,Organic,Inactive,2023-02-12,2023-03-23,0,0,166,India
2023-11-01,U01233,Organic,Monthly,2023-11-12,,2,60,401,UK
2023-01-03,U01234,Organic,Free Trial,2023-01-07,,4,1264,282,Brazil
2023-11-03,U01235,PPC,Monthly,2023-11-05,,2,878,464,USA
2023-06-17,U01236,Organic,Inactive,2023-06-19,2023-07-22,0,0,405,Germany
2023-02-07,U01237,Social Media,Monthly,2023-02-08,,3,1095,249,Germany
2023-08-04,U01238,PPC,Monthly,2023-08-07,,9,2457,216,Germany
2023-12-12,U01239,Referral,Inactive,2023-12-17,2024-01-05,0,0,254,USA
2023-07-02,U01240,Organic,Inactive,2023-07-05,2023-07-24,0,0,102,USA
2023-11-15,U01241,Social Media,Inactive,2023-11-23,2024-01-03,0,0,118,Germany
2023-09-06,U01242,Social Media,Free Trial,2023-09-18,,9,684,315,Brazil
2023-02-20,U01243,Social Media,Monthly,2023-03-04,,7,1456,123,UK
2023-10-02,U01244,Social Media,Annual,2023-10-07,,6,1206,838,Germany
2023-08-21,U01245,Social Media,Annual,2023-08-31,,4,44,1030,France
2023-10-06,U01246,PPC,Monthly,2023-10-08,,5,1330,471,USA
2023-09-16,U01247,Organic,Free Trial,2023-09-29,,8,3608,261,France
2023-07-25,U01248,Organic,Annual,2023-08-03,,3,30,1584,France
2023-07-31,U01249,Referral,Annual,2023-08-13,,2,734,1608,USA
2023-12-31,U01250,PPC,Free Trial,2024-01-04,,3,372,218,Germany
2023-06-10,U01251,Social Media,Monthly,2023-06-23,,7,2800,452,Brazil
2023-03-03,U01252,PPC,Free Trial,2023-03-15,,8,776,64,India
2023-08-03,U01253,Organic,Monthly,2023-08-10,,1,206,36,France
2023-09-04,U01254,Organic,Free Trial,2023-09-08,,7,3346,332,Germany
2023-05-25,U01255,PPC,Monthly,2023-06-02,,9,909,453,India
2023-01-06,U01256,PPC,Monthly,2023-01-16,,3,849,11,France
2023-08-07,U01257,Organic,Monthly,2023-08-09,,3,1059,77,Germany
2023-08-18,U01258,PPC,Monthly,2023-08-27,,8,1352,411,France
2023-01-01,U01259,Organic,Inactive,2023-01-07,2023-02-04,0,0,157,Germany
2023-01-30,U01260,PPC,Free Trial,2023-02-08,,8,336,478,Brazil
2023-01-30,U01261,Organic,Free Trial,2023-01-31,,5,2335,328,UK
2023-03-09,U01262,Social Media,Inactive,2023-03-19,2023-04-23,0,0,471,UK
2023-04-07,U01263,Organic,Free Trial,2023-04-15,,4,1768,337,USA
2023-10-08,U01264,PPC,Inactive,2023-10-21,2023-12-06,0,0,139,India
2023-05-29,U01265,Organic,Inactive,2023-05-30,2023-06-22,0,0,483,France
2023-06-28,U01266,Organic,Monthly,2023-07-04,,6,2784,92,France
2023-08-01,U01267,Organic,Inactive,2023-08-03,2023-10-02,0,0,51,Germany
2023-02-22,U01268,PPC,Free Trial,2023-03-01,,9,2637,165,India
2023-03-17,U01269,PPC,Monthly,2023-03-27,,6,576,166,France
2023-01-25,U01270,Organic,Monthly,2023-02-07,,3,954,462,India
2023-10-12,U01271,PPC,Monthly,2023-10-22,,3,699,116,India
2023-12-08,U01272,Social Media,Inactive,2023-12-18,2024-02-13,0,0,293,UK
2023-01-03,U01273,Social Media,Free Trial,2023-01-04,,2,690,197,France
2023-08-17,U01274,Organic,Monthly,2023-08-30,,1,448,114,France
2023-11-30,U01275,PPC,Monthly,2023-12-04,,1,147,121,USA
2023-10-09,U01276,Organic,Monthly,2023-10-11,,4,1116,483,India
2023-09-04,U01277,Organic,Free Trial,2023-09-18,,3,1104,142,Germany
2023-07-05,U01278,Referral,Monthly,2023-07-19,,5,225,280,UK
2023-01-20,U01279,Organic,Inactive,2023-01-21,2023-02-09,0,0,119,USA
2023-10-06,U01280,PPC,Free Trial,2023-10-10,,8,776,82,UK
2023-08-14,U01281,PPC,Inactive,2023-08-20,2023-09-09,0,0,425,Germany
2023-01-30,U01282,Social Media,Monthly,2023-02-06,,5,125,445,USA
2023-12-24,U01283,PPC,Annual,2024-01-03,,8,1936,1674,UK
2023-01-13,U01284,Organic,Annual,2023-01-22,,4,1720,1788,Germany
2023-09-13,U01285,Organic,Free Trial,2023-09-18,,5,250,152,Brazil
2023-09-03,U01286,PPC,Monthly,2023-09-15,,3,792,434,USA
2023-08-18,U01287,Organic,Inactive,2023-08-23,2023-10-04,0,0,269,Germany
2023-05-02,U01288,Organic,Monthly,2023-05-12,,3,405,254,USA
2023-01-21,U01289,Organic,Inactive,2023-02-04,2023-03-11,0,0,446,France
2023-11-22,U01290,Organic,Monthly,2023-12-04,,5,2405,493,France
2023-01-01,U01291,Organic,Free Trial,2023-01-10,,6,2862,349,UK
2023-11-11,U01292,Organic,Monthly,2023-11-24,,9,3393,164,India
2023-05-31,U01293,PPC,Inactive,2023-06-06,2023-06-30,0,0,158,Brazil
2023-02-06,U01294,PPC,Monthly,2023-02-09,,6,2094,69,India
2023-01-18,U01295,Social Media,Inactive,2023-01-26,2023-03-19,0,0,95,Germany
2023-04-08,U01296,Organic,Inactive,2023-04-10,2023-04-25,0,0,201,USA
2023-03-19,U01297,Organic,Monthly,2023-03-28,,2,370,336,France
2023-05-11,U01298,Organic,Free Trial,2023-05-17,,8,1896,440,India
2023-08-26,U01299,PPC,Annual,2023-09-01,,3,1389,1703,France
2023-11-03,U01300,Social Media,Monthly,2023-11-06,,6,1992,296,Brazil
2023-04-27,U01301,Organic,Annual,2023-05-09,,6,2466,1853,Germany
2023-12-23,U01302,Referral,Monthly,2024-01-05,,4,1504,264,Brazil
2023-08-30,U01303,Organic,Monthly,2023-09-10,,5,2485,443,Brazil
2023-04-22,U01304,PPC,Annual,2023-04-26,,2,54,1952,Germany
2023-03-17,U01305,Social Media,Monthly,2023-03-25,,8,520,135,USA
2023-04-14,U01306,Social Media,Monthly,2023-04-27,,7,2912,92,Brazil
2023-01-16,U01307,Social Media,Monthly,2023-01-21,,6,264,37,India
2023-11-20,U01308,Social Media,Monthly,2023-11-21,,7,2793,275,Germany
2023-12-16,U01309,Organic,Monthly,2023-12-22,,1,127,292,Germany
2023-01-16,U01310,Social Media,Inactive,2023-01-20,2023-02-10,0,0,406,France
2023-09-08,U01311,Organic,Monthly,2023-09-15,,7,1841,459,UK
2023-03-20,U01312,Social Media,Monthly,2023-03-30,,1,222,479,Brazil
2023-07-17,U01313,PPC,Monthly,2023-07-24,,2,140,260,India
2023-05-20,U01314,Social Media,Free Trial,2023-05-28,,9,873,477,USA
2023-04-04,U01315,PPC,Free Trial,2023-04-06,,3,840,197,Brazil
2023-11-15,U01316,PPC,Inactive,2023-11-23,2024-01-01,0,0,392,USA
2023-11-14,U01317,PPC,Annual,2023-11-16,,7,287,1256,France
2023-06-24,U01318,Social Media,Monthly,2023-06-28,,9,3645,78,Brazil
2023-09-30,U01319,Organic,Monthly,2023-10-02,,5,710,328,USA
2023-06-25,U01320,Organic,Free Trial,2023-07-01,,4,292,335,Brazil
2023-12-05,U01321,Organic,Monthly,2023-12-10,,2,416,108,Germany
2023-12-30,U01322,Organic,Monthly,2023-12-31,,3,795,202,Brazil
2023-05-30,U01323,Social Media,Monthly,2023-06-04,,5,1755,236,India
2023-03-14,U01324,Organic,Monthly,2023-03-24,,2,328,460,Brazil
2023-11-09,U01325,Referral,Free Trial,2023-11-21,,4,1888,191,USA
2023-10-27,U01326,Organic,Free Trial,2023-10-29,,1,240,429,India
2023-03-09,U01327,Organic,Inactive,2023-03-18,2023-05-08,0,0,336,USA
2023-12-31,U01328,Social Media,Monthly,2024-01-11,,7,308,102,UK
2023-09-20,U01329,PPC,Monthly,2023-09-26,,3,105,152,UK
2023-12-20,U01330,PPC,Free Trial,2023-12-24,,8,256,212,India
2023-06-17,U01331,PPC,Free Trial,2023-06-27,,6,900,411,UK
2023-09-04,U01332,Social Media,Annual,2023-09-12,,6,2898,1730,UK
2023-07-17,U01333,Organic,Monthly,2023-07-21,,1,396,481,Germany
2023-10-16,U01334,Referral,Monthly,2023-10-18,,5,1470,276,USA
2023-10-11,U01335,Referral,Free Trial,2023-10-14,,3,1377,143,UK
2023-06-12,U01336,PPC,Annual,2023-06-15,,1,329,1878,India
2023-01-23,U01337,Organic,Free Trial,2023-02-01,,8,1320,188,Germany
2023-06-16,U01338,PPC,Free Trial,2023-06-20,,7,3360,195,UK
2023-03-15,U01339,Organic,Monthly,2023-03-23,,7,3003,453,Brazil
2023-05-29,U01340,Organic,Free Trial,2023-06-11,,4,488,27,India
2023-07-31,U01341,Organic,Free Trial,2023-08-06,,6,2394,472,USA
2023-09-27,U01342,PPC,Monthly,2023-10-04,,9,1332,332,Brazil
2023-09-15,U01343,Social Media,Monthly,2023-09-23,,3,1293,410,UK
2023-02-15,U01344,Social Media,Inactive,2023-02-23,2023-03-17,0,0,106,India
2023-02-09,U01345,Social Media,Monthly,2023-02-17,,4,1708,43,Brazil
2023-04-22,U01346,PPC,Free Trial,2023-04-23,,5,1090,423,India
2023-08-07,U01347,Organic,Free Trial,2023-08-10,,7,2324,412,France
2023-04-13,U01348,Organic,Inactive,2023-04-18,2023-05-08,0,0,402,Brazil
2023-02-25,U01349,Referral,Monthly,2023-02-27,,8,3512,433,India
2023-03-25,U01350,Organic,Annual,2023-04-03,,8,3928,742,Brazil
2023-07-10,U01351,Social Media,Free Trial,2023-07-11,,8,760,360,France
2023-07-22,U01352,PPC,Monthly,2023-07-23,,3,882,196,USA
2023-01-18,U01353,PPC,Free Trial,2023-01-22,,6,414,356,USA
2023-11-23,U01354,Social Media,Monthly,2023-12-01,,7,441,120,Germany
2023-11-07,U01355,PPC,Inactive,2023-11-16,2024-01-15,0,0,418,Brazil
2023-05-16,U01356,Social Media,Inactive,2023-05-27,2023-07-12,0,0,256,France
2023-11-03,U01357,Referral,Monthly,2023-11-17,,5,2335,80,India
2023-12-16,U01358,PPC,Monthly,2023-12-29,,8,3736,318,Germany
2023-01-02,U01359,Organic,Inactive,2023-01-12,2023-02-13,0,0,441,Brazil
2023-01-06,U01360,PPC,Monthly,2023-01-09,,6,1644,336,Germany
2023-02-26,U01361,Referral,Free Trial,2023-03-03,,4,1564,221,Brazil
2023-03-18,U01362,Organic,Monthly,2023-03-19,,5,1110,318,USA
2023-09-06,U01363,PPC,Free Trial,2023-09-10,,5,1710,117,India
2023-08-02,U01364,PPC,Monthly,2023-08-14,,2,38,186,France
2023-04-25,U01365,Social Media,Monthly,2023-05-01,,8,2936,436,USA
2023-02-14,U01366,Organic,Monthly,2023-02-15,,2,424,237,Germany
2023-09-03,U01367,Social Media,Monthly,2023-09-16,,4,820,28,UK
2023-10-17,U01368,Referral,Free Trial,2023-10-18,,5,335,331,Germany
2023-06-28,U01369,Organic,Monthly,2023-07-02,,1,265,427,UK
2023-12-06,U01370,Organic,Inactive,2023-12-12,2024-01-14,0,0,257,Brazil
2023-07-09,U01371,Referral,Monthly,2023-07-11,,2,756,218,USA
2023-01-20,U01372,Organic,Monthly,2023-01-21,,5,945,225,Brazil
2023-09-27,U01373,Social Media,Inactive,2023-09-29,2023-11-27,0,0,210,France
2023-07-21,U01374,PPC,Inactive,2023-07-22,2023-08-14,0,0,447,India
2023-01-07,U01375,Organic,Free Trial,2023-01-08,,9,396,266,UK
2023-01-07,U01376,Social Media,Free Trial,2023-01-12,,6,2208,115,India
2023-05-31,U01377,PPC,Annual,2023-06-06,,5,560,1495,Brazil
2023-12-27,U01378,PPC,Inactive,2023-12-29,2024-02-19,0,0,320,USA
2023-12-03,U01379,Organic,Inactive,2023-12-07,2024-01-04,0,0,280,USA
2023-12-29,U01380,PPC,Inactive,2024-01-08,2024-02-19,0,0,392,Brazil
2023-11-17,U01381,Organic,Monthly,2023-11-18,,7,1344,478,Brazil
2023-02-01,U01382,Organic,Monthly,2023-02-14,,5,1810,280,USA
2023-12-28,U01383,Referral,Free Trial,2024-01-01,,7,1015,130,France
2023-03-29,U01384,Organic,Free Trial,2023-04-06,,1,439,416,UK
2023-10-26,U01385,PPC,Monthly,2023-11-05,,1,407,254,India
2023-12-03,U01386,Organic,Monthly,2023-12-11,,5,1175,75,Germany
2023-09-17,U01387,Social Media,Monthly,2023-09-28,,2,802,439,Brazil
2023-04-08,U01388,Organic,Annual,2023-04-19,,8,2016,909,Brazil
2023-01-02,U01389,Referral,Free Trial,2023-01-10,,3,345,379,USA
2023-10-31,U01390,PPC,Monthly,2023-11-12,,1,80,146,India
2023-09-25,U01391,Organic,Free Trial,2023-09-30,,2,172,203,India
2023-07-21,U01392,Organic,Monthly,2023-07-31,,7,441,203,France
2023-02-02,U01393,Organic,Annual,2023-02-16,,6,1716,1687,UK
2023-11-20,U01394,PPC,Monthly,2023-12-04,,8,960,154,France
2023-07-27,U01395,Organic,Inactive,2023-08-10,2023-10-01,0,0,498,France
2023-06-18,U01396,Social Media,Free Trial,2023-06-23,,8,672,81,India
2023-02-18,U01397,PPC,Monthly,2023-02-24,,3,69,363,UK
2023-03-19,U01398,Organic,Monthly,2023-03-31,,6,2808,427,UK
2023-06-01,U01399,PPC,Monthly,2023-06-10,,7,1869,462,UK
2023-09-24,U01400,Social Media,Inactive,2023-09-27,2023-10-29,0,0,201,USA
2023-12-18,U01401,Organic,Monthly,2023-12-22,,1,198,53,UK
2023-07-11,U01402,Organic,Inactive,2023-07-19,2023-08-21,0,0,166,India
2023-05-28,U01403,Organic,Free Trial,2023-06-02,,3,744,455,USA
2023-01-14,U01404,Social Media,Inactive,2023-01-25,2023-02-27,0,0,485,Germany
2023-11-29,U01405,PPC,Free Trial,2023-12-13,,5,1715,25,Brazil
2023-06-10,U01406,PPC,Inactive,2023-06-23,2023-08-14,0,0,87,France
2023-06-05,U01407,Social Media,Monthly,2023-06-14,,2,626,61,UK
2023-06-10,U01408,Social Media,Monthly,2023-06-19,,3,300,11,Germany
2023-07-27,U01409,PPC,Monthly,2023-07-29,,6,2406,241,UK
2023-12-27,U01410,Social Media,Inactive,2024-01-10,2024-02-03,0,0,70,France
2022-12-31,U01411,Organic,Free Trial,2023-01-09,,5,130,141,India
2023-09-26,U01412,Organic,Monthly,2023-10-08,,9,4158,391,India
2023-08-08,U01413,Organic,Inactive,2023-08-15,2023-09-06,0,0,61,France
2023-02-06,U01414,Organic,Monthly,2023-02-15,,6,1050,306,Germany
2023-09-03,U01415,PPC,Free Trial,2023-09-10,,5,775,189,USA
2023-10-11,U01416,Referral,Monthly,2023-10-21,,5,1455,40,Brazil
2023-03-03,U01417,Organic,Monthly,2023-03-11,,6,2928,419,Brazil
2023-01-29,U01418,Organic,Inactive,2023-02-09,2023-04-10,0,0,164,Brazil
2023-12-22,U01419,PPC,Annual,2023-12-31,,1,79,1573,USA
2023-05-11,U01420,Referral,Monthly,2023-05-12,,9,1602,60,UK
2023-07-12,U01421,Organic,Inactive,2023-07-18,2023-09-08,0,0,491,France
2023-11-07,U01422,PPC,Monthly,2023-11-12,,1,179,104,France
2023-11-22,U01423,Organic,Free Trial,2023-12-05,,8,2096,185,USA
2023-04-04,U01424,Organic,Free Trial,2023-04-07,,7,2485,20,Germany
2023-04-26,U01425,Referral,Monthly,2023-05-06,,7,3283,401,Brazil
2023-02-28,U01426,Referral,Free Trial,2023-03-10,,5,1530,21,France
2023-12-20,U01427,Organic,Inactive,2023-12-27,2024-02-20,0,0,364,India
2023-08-12,U01428,Referral,Annual,2023-08-18,,9,1359,1811,India
2023-11-22,U01429,PPC,Free Trial,2023-11-26,,9,3546,299,France
2023-08-30,U01430,Social Media,Monthly,2023-09-12,,8,2256,214,Brazil
2023-04-08,U01431,PPC,Annual,2023-04-21,,5,1170,1119,Brazil
2023-10-31,U01432,PPC,Inactive,2023-11-03,2023-12-06,0,0,337,Brazil
2023-04-11,U01433,PPC,Inactive,2023-04-19,2023-05-24,0,0,440,Germany
2023-12-16,U01434,PPC,Monthly,2023-12-26,,1,62,265,India
2023-02-21,U01435,Organic,Annual,2023-03-06,,3,381,1644,Germany
2023-05-05,U01436,Organic,Monthly,2023-05-15,,7,2618,30,USA
2023-11-29,U01437,Organic,Monthly,2023-11-30,,4,672,50,UK
2023-10-30,U01438,Social Media,Free Trial,2023-11-07,,7,3185,468,Brazil
2023-03-05,U01439,Organic,Free Trial,2023-03-19,,5,725,287,USA
2023-02-16,U01440,PPC,Monthly,2023-02-18,,6,2538,286,UK
2023-09-19,U01441,Referral,Free Trial,2023-10-01,,7,602,421,India
2023-10-11,U01442,Organic,Free Trial,2023-10-12,,7,2415,204,UK
2023-03-03,U01443,PPC,Annual,2023-03-17,,7,3213,1994,UK
2023-06-11,U01444,PPC,Free Trial,2023-06-15,,7,378,279,France
2023-03-29,U01445,Social Media,Monthly,2023-04-08,,7,189,344,UK
2023-10-14,U01446,Organic,Monthly,2023-10-28,,3,1092,82,France
2023-02-03,U01447,PPC,Inactive,2023-02-16,2023-04-13,0,0,317,UK
2023-03-24,U01448,Social Media,Monthly,2023-03-27,,7,2884,436,France
2023-05-03,U01449,Referral,Free Trial,2023-05-17,,2,428,208,India
2023-03-12,U01450,PPC,Monthly,2023-03-13,,2,666,85,India
2023-02-20,U01451,PPC,Inactive,2023-02-26,2023-04-23,0,0,284,UK
2023-04-26,U01452,PPC,Inactive,2023-05-06,2023-06-20,0,0,292,Germany
2023-11-08,U01453,Social Media,Monthly,2023-11-18,,6,1740,155,India
2023-02-24,U01454,PPC,Monthly,2023-03-06,,8,1400,22,USA
2023-01-03,U01455,Organic,Inactive,2023-01-11,2023-02-19,0,0,372,USA
2023-01-17,U01456,Referral,Free Trial,2023-01-31,,4,1544,138,France
2023-12-28,U01457,PPC,Monthly,2023-12-31,,2,976,239,Germany
2023-07-23,U01458,PPC,Monthly,2023-08-03,,2,346,94,Brazil
2023-02-01,U01459,Organic,Free Trial,2023-02-04,,4,1332,171,France
2023-08-05,U01460,PPC,Monthly,2023-08-11,,6,390,406,UK
2023-06-09,U01461,Organic,Free Trial,2023-06-19,,3,144,374,India
2023-10-17,U01462,PPC,Monthly,2023-10-28,,6,1968,380,Germany
2023-05-28,U01463,Organic,Inactive,2023-06-08,2023-07-27,0,0,498,France
2023-11-25,U01464,PPC,Free Trial,2023-12-06,,5,2000,60,France
2023-02-07,U01465,Referral,Inactive,2023-02-18,2023-03-16,0,0,224,USA
2023-04-27,U01466,Organic,Free Trial,2023-05-04,,8,2048,10,UK
2023-02-16,U01467,Referral,Monthly,2023-02-24,,5,975,480,France
2023-05-02,U01468,PPC,Free Trial,2023-05-15,,2,434,386,USA
2023-01-31,U01469,Social Media,Inactive,2023-02-08,2023-02-28,0,0,421,Germany
2023-04-27,U01470,Social Media,Annual,2023-05-02,,9,2817,995,France
2023-07-26,U01471,PPC,Monthly,2023-08-07,,9,3582,297,Brazil
2023-10-08,U01472,Social Media,Inactive,2023-10-11,2023-11-30,0,0,209,Brazil
2023-06-23,U01473,Social Media,Monthly,2023-07-02,,7,1568,192,USA
2023-09-09,U01474,PPC,Inactive,2023-09-15,2023-11-04,0,0,419,Brazil
2023-11-06,U01475,Organic,Annual,2023-11-14,,6,1398,749,UK
2023-01-31,U01476,PPC,Inactive,2023-02-13,2023-03-21,0,0,225,India
2023-12-25,U01477,Social Media,Monthly,2024-01-03,,2,68,249,Brazil
2023-02-22,U01478,Social Media,Free Trial,2023-02-23,,4,1752,358,Germany
2023-03-15,U01479,Social Media,Monthly,2023-03-23,,4,916,77,France
2023-02-23,U01480,PPC,Free Trial,2023-03-01,,2,568,328,USA
2023-05-23,U01481,Social Media,Monthly,2023-05-29,,8,1152,91,France
2023-11-21,U01482,Organic,Monthly,2023-12-01,,2,902,151,India
2023-06-19,U01483,PPC,Monthly,2023-06-21,,3,726,420,France
2023-08-20,U01484,Organic,Free Trial,2023-08-31,,4,1896,50,France
2023-11-19,U01485,Organic,Free Trial,2023-11-23,,9,675,248,USA
2023-10-23,U01486,Organic,Monthly,2023-11-04,,1,89,12,India
2023-09-05,U01487,Organic,Inactive,2023-09-13,2023-09-29,0,0,103,Germany
2023-04-22,U01488,PPC,Monthly,2023-05-04,,5,1320,68,USA
2023-11-15,U01489,Organic,Monthly,2023-11-25,,7,938,237,India
2023-05-04,U01490,PPC,Annual,2023-05-06,,8,1240,1480,India
2023-08-28,U01491,Organic,Monthly,2023-09-08,,5,560,27,France
2023-02-17,U01492,Organic,Free Trial,2023-03-01,,8,3152,248,UK
2023-08-20,U01493,Organic,Monthly,2023-08-30,,8,3648,369,UK
2023-01-01,U01494,Organic,Free Trial,2023-01-09,,9,3564,83,Germany
2023-07-29,U01495,PPC,Inactive,2023-08-01,2023-09-01,0,0,385,France
2023-03-21,U01496,PPC,Free Trial,2023-04-04,,3,858,341,UK
2023-09-11,U01497,PPC,Monthly,2023-09-16,,1,391,178,USA
2023-05-19,U01498,PPC,Free Trial,2023-05-31,,4,532,273,Germany
2023-04-28,U01499,Organic,Free Trial,2023-05-10,,5,2115,169,France
2023-06-19,U01500,Social Media,Annual,2023-06-21,,1,276,1452,Brazil
2023-12-30,U01501,PPC,Free Trial,2024-01-12,,8,2296,178,USA
2023-08-12,U01502,PPC,Free Trial,2023-08-14,,2,240,438,UK
2023-12-09,U01503,Organic,Monthly,2023-12-17,,1,390,215,UK
2023-02-21,U01504,Organic,Free Trial,2023-03-01,,2,644,366,UK
2023-10-16,U01505,Organic,Free Trial,2023-10-22,,5,490,18,UK
2023-08-10,U01506,Organic,Inactive,2023-08-12,2023-08-27,0,0,355,India
2023-10-19,U01507,PPC,Annual,2023-10-26,,9,1503,1399,Brazil
2023-08-08,U01508,PPC,Inactive,2023-08-21,2023-09-29,0,0,124,Germany
2023-07-19,U01509,PPC,Inactive,2023-07-28,2023-09-19,0,0,161,Germany
2023-12-11,U01510,Social Media,Monthly,2023-12-14,,3,930,96,UK
2023-10-04,U01511,Social Media,Free Trial,2023-10-17,,7,315,104,Germany
2023-02-25,U01512,Social Media,Annual,2023-03-02,,3,288,1995,Brazil
2023-06-13,U01513,Referral,Inactive,2023-06-19,2023-08-05,0,0,437,USA
2023-11-30,U01514,Organic,Annual,2023-12-13,,6,2022,1599,USA
2023-11-08,U01515,Organic,Monthly,2023-11-15,,3,1371,459,Germany
2023-11-16,U01516,Organic,Free Trial,2023-11-22,,1,191,123,UK
2023-07-26,U01517,PPC,Inactive,2023-08-05,2023-09-01,0,0,283,France
2023-06-06,U01518,Social Media,Annual,2023-06-17,,1,443,1261,Brazil
2023-08-08,U01519,Organic,Inactive,2023-08-11,2023-09-19,0,0,38,UK
2023-11-24,U01520,Referral,Free Trial,2023-11-29,,2,336,212,India
2023-11-03,U01521,Organic,Free Trial,2023-11-12,,8,2352,11,France
2023-11-11,U01522,Referral,Free Trial,2023-11-25,,2,904,87,Brazil
2023-01-01,U01523,Organic,Annual,2023-01-12,,2,346,578,India
2023-05-29,U01524,Organic,Free Trial,2023-06-10,,8,3760,240,Germany
2023-02-19,U01525,PPC,Free Trial,2023-02-27,,6,2220,107,India
2023-02-02,U01526,Organic,Inactive,2023-02-05,2023-03-12,0,0,126,Germany
2023-12-30,U01527,Organic,Free Trial,2024-01-02,,3,384,119,India
2023-04-16,U01528,Organic,Inactive,2023-04-17,2023-05-14,0,0,176,France
2023-12-01,U01529,Social Media,Monthly,2023-12-02,,3,612,466,India
2023-08-18,U01530,PPC,Inactive,2023-08-20,2023-09-18,0,0,497,UK
2023-05-13,U01531,Organic,Monthly,2023-05-19,,5,1770,306,Germany
2023-12-17,U01532,PPC,Inactive,2023-12-23,2024-01-25,0,0,464,USA
2023-08-20,U01533,Social Media,Inactive,2023-09-02,2023-10-14,0,0,380,India
2023-03-11,U01534,Organic,Free Trial,2023-03-20,,1,148,346,Germany
2023-11-21,U01535,PPC,Free Trial,2023-12-02,,1,381,387,USA
2023-11-05,U01536,Organic,Free Trial,2023-11-07,,4,1616,96,Germany
2023-02-27,U01537,Organic,Monthly,2023-03-02,,3,750,468,Germany
2023-04-08,U01538,PPC,Inactive,2023-04-10,2023-06-06,0,0,31,USA
2023-08-09,U01539,Organic,Monthly,2023-08-15,,7,434,219,USA
2023-11-22,U01540,PPC,Monthly,2023-12-06,,7,1057,314,France
2023-03-14,U01541,Social Media,Free Trial,2023-03-28,,8,2632,421,Brazil
2023-11-11,U01542,Organic,Inactive,2023-11-15,2023-12-29,0,0,281,India
2023-10-17,U01543,PPC,Inactive,2023-10-18,2023-12-16,0,0,499,India
2023-07-25,U01544,Organic,Free Trial,2023-07-29,,4,160,333,Germany
2023-12-29,U01545,Referral,Monthly,2024-01-12,,6,1392,455,UK
2023-12-17,U01546,PPC,Free Trial,2023-12-24,,3,903,429,UK
2023-09-16,U01547,Social Media,Monthly,2023-09-27,,3,825,287,Brazil
2023-09-04,U01548,PPC,Monthly,2023-09-17,,6,1746,148,Germany
2023-04-15,U01549,Organic,Free Trial,2023-04-27,,1,285,350,France
2023-06-08,U01550,PPC,Monthly,2023-06-16,,1,390,386,USA
2023-05-01,U01551,Referral,Monthly,2023-05-15,,5,265,241,Germany
2023-04-23,U01552,PPC,Monthly,2023-05-02,,1,71,242,India
2023-03-14,U01553,Social Media,Monthly,2023-03-20,,8,1680,89,UK
2023-07-30,U01554,Social Media,Free Trial,2023-08-10,,2,688,435,UK
2023-01-20,U01555,Organic,Annual,2023-01-26,,6,108,1614,UK
2023-04-21,U01556,Organic,Annual,2023-05-03,,5,400,1908,France
2023-02-21,U01557,PPC,Monthly,2023-03-05,,4,396,300,India
2023-11-02,U01558,PPC,Free Trial,2023-11-15,,1,33,450,France
2023-12-23,U01559,Social Media,Annual,2023-12-30,,3,447,1767,USA
2023-03-25,U01560,Referral,Inactive,2023-03-27,2023-05-12,0,0,338,Germany
2023-03-01,U01561,Organic,Free Trial,2023-03-06,,2,698,342,Germany
2023-12-24,U01562,Organic,Monthly,2024-01-01,,2,770,463,UK
2023-08-29,U01563,Social Media,Free Trial,2023-08-31,,2,174,397,UK
2023-12-14,U01564,Organic,Monthly,2023-12-17,,1,223,261,USA
2023-11-21,U01565,Social Media,Free Trial,2023-12-01,,2,50,439,France
2023-01-05,U01566,PPC,Monthly,2023-01-10,,6,228,485,Brazil
2023-12-07,U01567,PPC,Monthly,2023-12-16,,3,1275,134,Brazil
2023-10-05,U01568,Organic,Monthly,2023-10-09,,5,2380,20,Brazil
2023-05-31,U01569,PPC,Monthly,2023-06-01,,1,384,491,India
2023-12-25,U01570,PPC,Monthly,2023-12-26,,8,2400,326,USA
2023-07-12,U01571,PPC,Monthly,2023-07-19,,4,208,131,Germany
2023-06-06,U01572,Organic,Free Trial,2023-06-11,,9,3249,44,Germany
2023-04-05,U01573,Social Media,Free Trial,2023-04-15,,4,1536,78,France
2023-06-27,U01574,Social Media,Inactive,2023-07-11,2023-08-30,0,0,322,USA
2023-05-15,U01575,Organic,Free Trial,2023-05-26,,3,855,496,India
2023-04-10,U01576,Organic,Annual,2023-04-20,,5,1900,987,USA
2023-04-15,U01577,Organic,Inactive,2023-04-27,2023-06-03,0,0,21,USA
2023-04-15,U01578,PPC,Free Trial,2023-04-26,,7,1547,134,France
2023-03-14,U01579,PPC,Monthly,2023-03-15,,4,68,308,India
2023-11-06,U01580,PPC,Monthly,2023-11-20,,7,917,156,Brazil
2023-11-02,U01581,Organic,Inactive,2023-11-04,2023-12-20,0,0,86,Germany
2023-02-28,U01582,Organic,Inactive,2023-03-13,2023-04-30,0,0,77,UK
2023-07-03,U01583,PPC,Annual,2023-07-11,,4,1368,1688,Brazil
2023-12-02,U01584,PPC,Free Trial,2023-12-16,,8,1936,245,India
2023-03-18,U01585,Referral,Monthly,2023-03-30,,9,711,68,Germany
2023-07-26,U01586,Organic,Monthly,2023-08-01,,7,2632,267,Brazil
2023-05-21,U01587,PPC,Monthly,2023-05-26,,8,200,263,France
2023-05-24,U01588,PPC,Free Trial,2023-05-30,,8,624,401,India
2023-05-10,U01589,PPC,Free Trial,2023-05-19,,2,124,415,India
2023-07-29,U01590,Social Media,Annual,2023-08-05,,9,1638,978,Germany
2023-02-25,U01591,PPC,Monthly,2023-03-02,,6,2664,470,Germany
2023-11-25,U01592,Referral,Monthly,2023-12-06,,4,1964,286,USA
2023-01-02,U01593,Organic,Monthly,2023-01-07,,5,1355,478,USA
2023-08-02,U01594,Organic,Inactive,2023-08-12,2023-08-29,0,0,229,India
2023-09-22,U01595,Social Media,Annual,2023-10-03,,7,2086,1868,UK
2023-10-02,U01596,PPC,Free Trial,2023-10-16,,9,4248,422,France
2022-12-31,U01597,Organic,Free Trial,2023-01-06,,7,168,110,Germany
2023-11-15,U01598,Organic,Free Trial,2023-11-28,,9,2511,351,USA
2023-06-16,U01599,Organic,Inactive,2023-06-27,2023-08-03,0,0,131,France
2023-08-17,U01600,Social Media,Monthly,2023-08-24,,4,288,227,Brazil
2023-03-27,U01601,Organic,Monthly,2023-04-09,,6,1620,84,Brazil
2023-10-04,U01602,Organic,Monthly,2023-10-05,,8,1040,340,India
2023-01-19,U01603,Organic,Monthly,2023-01-26,,9,3195,246,Germany
2022-12-31,U01604,Organic,Inactive,2023-01-01,2023-02-24,0,0,491,Brazil
2023-07-15,U01605,Organic,Monthly,2023-07-22,,1,474,348,Germany
2023-06-19,U01606,PPC,Free Trial,2023-07-02,,8,928,249,USA
2023-11-20,U01607,Organic,Free Trial,2023-11-24,,7,1323,174,Brazil
2023-09-14,U01608,Social Media,Monthly,2023-09-28,,9,225,343,UK
2023-08-19,U01609,Organic,Inactive,2023-08-21,2023-09-25,0,0,166,Brazil
2023-01-02,U01610,PPC,Monthly,2023-01-04,,5,2155,220,Germany
2023-05-24,U01611,Social Media,Inactive,2023-06-05,2023-07-15,0,0,430,UK
2023-03-14,U01612,PPC,Annual,2023-03-27,,5,1120,814,France
2023-09-12,U01613,PPC,Free Trial,2023-09-16,,1,86,225,Brazil
2023-07-06,U01614,Organic,Free Trial,2023-07-19,,4,936,227,Germany
2023-07-04,U01615,Organic,Free Trial,2023-07-18,,6,612,242,Brazil
2023-05-09,U01616,PPC,Annual,2023-05-16,,2,380,761,Brazil
2023-11-21,U01617,Referral,Free Trial,2023-12-04,,7,1281,21,Germany
2023-05-18,U01618,PPC,Monthly,2023-05-31,,8,2904,441,UK
2023-11-08,U01619,PPC,Monthly,2023-11-11,,1,363,92,USA
2023-05-10,U01620,Social Media,Annual,2023-05-24,,4,912,1785,Brazil
2023-07-23,U01621,PPC,Free Trial,2023-08-03,,4,608,122,India
2023-09-15,U01622,Organic,Monthly,2023-09-19,,5,1620,487,France
2023-12-16,U01623,PPC,Monthly,2023-12-21,,4,1772,280,Germany
2023-07-22,U01624,Referral,Monthly,2023-08-01,,9,3618,204,Brazil
2023-11-14,U01625,Organic,Inactive,2023-11-22,2024-01-07,0,0,378,USA
2023-02-04,U01626,PPC,Free Trial,2023-02-09,,2,536,150,Germany
2023-10-13,U01627,Organic,Inactive,2023-10-17,2023-11-18,0,0,452,Brazil
2023-08-04,U01628,PPC,Monthly,2023-08-05,,9,504,466,France
2023-10-10,U01629,Organic,Monthly,2023-10-17,,1,14,133,India
2023-10-09,U01630,PPC,Monthly,2023-10-19,,6,426,150,Germany
2023-05-03,U01631,Social Media,Monthly,2023-05-08,,2,954,217,Brazil
2023-08-26,U01632,Organic,Free Trial,2023-09-05,,4,372,124,UK
2023-05-26,U01633,PPC,Monthly,2023-06-07,,6,852,215,USA
2023-05-11,U01634,Social Media,Monthly,2023-05-15,,5,2015,465,India
2023-05-31,U01635,Referral,Monthly,2023-06-11,,6,2070,412,Germany
2023-10-03,U01636,Organic,Monthly,2023-10-09,,3,216,450,Brazil
2023-10-06,U01637,Organic,Inactive,2023-10-20,2023-12-01,0,0,297,India
2023-01-10,U01638,Organic,Monthly,2023-01-14,,2,106,364,UK
2023-03-10,U01639,Referral,Free Trial,2023-03-22,,7,1134,352,Germany
2023-07-01,U01640,Referral,Monthly,2023-07-11,,3,1269,158,India
2023-10-23,U01641,PPC,Annual,2023-11-01,,1,279,578,Germany
2023-07-19,U01642,Social Media,Annual,2023-07-22,,8,2808,1558,Germany
2023-04-24,U01643,PPC,Monthly,2023-04-26,,8,1440,151,India
2023-12-16,U01644,PPC,Inactive,2023-12-30,2024-01-16,0,0,473,Germany
2023-11-30,U01645,Organic,Free Trial,2023-12-02,,7,3409,33,UK
2023-01-23,U01646,Social Media,Monthly,2023-01-24,,9,2556,58,India
2023-07-10,U01647,Organic,Inactive,2023-07-21,2023-09-08,0,0,297,Brazil
2023-03-30,U01648,Social Media,Inactive,2023-04-03,2023-05-11,0,0,340,India
2023-05-31,U01649,Social Media,Monthly,2023-06-10,,2,58,374,UK
2023-12-24,U01650,Social Media,Inactive,2024-01-01,2024-02-05,0,0,20,UK
2023-02-22,U01651,Organic,Free Trial,2023-03-03,,7,1561,197,UK
2023-01-18,U01652,Organic,Inactive,2023-01-28,2023-03-22,0,0,77,Brazil
2023-01-16,U01653,Organic,Monthly,2023-01-22,,5,740,454,Brazil
2023-05-19,U01654,Organic,Free Trial,2023-05-21,,4,1788,99,Germany
2023-09-09,U01655,Organic,Free Trial,2023-09-10,,8,856,119,Germany
2023-06-25,U01656,Referral,Monthly,2023-07-01,,4,1544,398,France
2023-08-21,U01657,PPC,Free Trial,2023-08-31,,4,644,173,Germany
2023-05-29,U01658,Organic,Monthly,2023-06-03,,2,414,490,UK
2023-06-17,U01659,Organic,Free Trial,2023-06-19,,1,282,457,France
2023-04-25,U01660,PPC,Free Trial,2023-04-30,,4,660,215,UK
2023-11-22,U01661,PPC,Monthly,2023-12-06,,7,413,41,USA
2023-08-27,U01662,PPC,Monthly,2023-09-01,,9,4392,336,Brazil
2023-03-20,U01663,Referral,Monthly,2023-03-23,,9,2133,83,India
2023-03-25,U01664,PPC,Annual,2023-03-27,,1,448,796,USA
2023-10-25,U01665,Referral,Inactive,2023-10-26,2023-11-25,0,0,459,Brazil
2023-04-20,U01666,Social Media,Annual,2023-04-30,,7,133,1995,Brazil
2023-08-29,U01667,Organic,Monthly,2023-09-03,,7,1106,364,UK
2023-11-27,U01668,Referral,Annual,2023-12-09,,6,402,565,Germany
2023-03-21,U01669,Organic,Free Trial,2023-04-02,,4,684,305,India
2023-01-12,U01670,Social Media,Free Trial,2023-01-13,,3,1080,307,Germany
2023-01-22,U01671,Organic,Monthly,2023-01-24,,9,4374,337,Germany
2023-10-01,U01672,Social Media,Inactive,2023-10-09,2023-10-24,0,0,311,India
2023-11-13,U01673,Social Media,Free Trial,2023-11-19,,8,3488,347,India
2023-11-29,U01674,Social Media,Free Trial,2023-12-12,,1,404,82,USA
2023-01-03,U01675,Social Media,Free Trial,2023-01-15,,7,2086,383,UK
2023-06-07,U01676,Organic,Inactive,2023-06-09,2023-07-30,0,0,50,Germany
2023-05-15,U01677,Organic,Monthly,2023-05-22,,1,55,103,UK
2023-06-06,U01678,PPC,Free Trial,2023-06-15,,4,1816,141,UK
2023-08-11,U01679,Organic,Monthly,2023-08-22,,5,2275,108,France
2023-09-06,U01680,PPC,Monthly,2023-09-14,,8,1104,407,USA
2023-11-20,U01681,Organic,Monthly,2023-12-01,,4,1656,407,Germany
2023-10-17,U01682,Referral,Free Trial,2023-10-23,,3,981,62,Brazil
2023-09-12,U01683,PPC,Inactive,2023-09-23,2023-10-21,0,0,238,India
2023-07-09,U01684,Social Media,Monthly,2023-07-16,,4,384,137,India
2023-02-07,U01685,Organic,Monthly,2023-02-14,,4,1032,221,UK
2023-05-27,U01686,Social Media,Free Trial,2023-06-09,,5,1690,294,USA
2023-11-29,U01687,Referral,Monthly,2023-12-13,,7,3143,288,USA
2023-04-04,U01688,PPC,Monthly,2023-04-18,,9,2394,350,Germany
2023-01-08,U01689,PPC,Monthly,2023-01-22,,2,572,168,Germany
2023-05-31,U01690,Social Media,Free Trial,2023-06-12,,5,1435,361,UK
2023-01-17,U01691,Organic,Annual,2023-01-24,,9,4023,596,UK
2023-08-28,U01692,PPC,Free Trial,2023-09-07,,3,39,80,UK
2023-12-02,U01693,Organic,Monthly,2023-12-07,,1,74,214,France
2023-02-03,U01694,Organic,Inactive,2023-02-11,2023-04-10,0,0,198,USA
2023-06-22,U01695,Organic,Monthly,2023-06-23,,6,1266,160,UK
2023-02-18,U01696,Organic,Annual,2023-03-03,,5,360,790,USA
2023-06-13,U01697,Organic,Monthly,2023-06-18,,1,152,341,Brazil
2023-12-05,U01698,Organic,Monthly,2023-12-18,,1,253,109,India
2023-01-14,U01699,Referral,Inactive,2023-01-24,2023-02-19,0,0,25,India
2023-04-04,U01700,PPC,Free Trial,2023-04-17,,4,1176,163,USA
2023-07-23,U01701,Referral,Monthly,2023-07-31,,6,1134,166,Brazil
2023-07-07,U01702,PPC,Annual,2023-07-21,,6,1098,1401,India
2023-04-18,U01703,Organic,Monthly,2023-04-20,,6,2004,271,India
2023-01-02,U01704,PPC,Monthly,2023-01-14,,1,422,46,India
2023-10-26,U01705,PPC,Monthly,2023-10-29,,9,1080,170,Germany
2023-09-28,U01706,Organic,Inactive,2023-10-01,2023-11-21,0,0,360,Brazil
2023-10-23,U01707,PPC,Inactive,2023-10-26,2023-11-29,0,0,183,Germany
2023-06-14,U01708,Organic,Monthly,2023-06-23,,7,1134,326,USA
2023-04-28,U01709,PPC,Monthly,2023-05-08,,2,946,434,USA
2023-11-10,U01710,PPC,Inactive,2023-11-24,2024-01-20,0,0,27,France
2023-07-31,U01711,Organic,Free Trial,2023-08-07,,6,2190,495,Germany
2023-11-24,U01712,Organic,Free Trial,2023-12-07,,7,1582,376,USA
2023-04-28,U01713,Social Media,Annual,2023-05-08,,3,918,1305,Germany
2023-05-08,U01714,PPC,Inactive,2023-05-19,2023-06-15,0,0,25,France
2023-08-30,U01715,Organic,Inactive,2023-09-13,2023-10-20,0,0,369,USA
2023-11-24,U01716,Referral,Monthly,2023-11-28,,7,3486,444,USA
2023-09-09,U01717,Organic,Free Trial,2023-09-15,,7,2891,430,USA
2023-02-18,U01718,PPC,Monthly,2023-02-27,,4,1848,279,USA
2023-08-22,U01719,Referral,Free Trial,2023-08-23,,7,3003,368,UK
2023-09-23,U01720,Organic,Free Trial,2023-10-01,,5,2430,77,Brazil
2023-07-02,U01721,Organic,Annual,2023-07-08,,1,249,963,Brazil
2023-09-06,U01722,Organic,Free Trial,2023-09-17,,4,940,325,Germany
2023-02-18,U01723,Organic,Inactive,2023-03-04,2023-03-31,0,0,318,Germany
2023-10-20,U01724,Organic,Monthly,2023-10-24,,2,114,234,Germany
2023-02-10,U01725,PPC,Monthly,2023-02-22,,2,950,173,France
2023-08-17,U01726,Organic,Free Trial,2023-08-28,,1,395,423,UK
2023-08-08,U01727,PPC,Monthly,2023-08-21,,2,434,329,Germany
2023-04-25,U01728,Referral,Free Trial,2023-05-09,,8,1328,23,Germany
2023-08-13,U01729,Social Media,Inactive,2023-08-20,2023-09-16,0,0,288,USA
2023-11-17,U01730,PPC,Inactive,2023-11-22,2024-01-05,0,0,441,USA
2023-01-28,U01731,Organic,Monthly,2023-02-05,,1,428,165,USA
2023-11-25,U01732,PPC,Free Trial,2023-12-05,,1,120,131,Germany
2023-08-13,U01733,PPC,Inactive,2023-08-17,2023-09-26,0,0,272,USA
2023-02-07,U01734,PPC,Monthly,2023-02-20,,6,2232,179,Germany
2023-05-31,U01735,Organic,Free Trial,2023-06-07,,8,2968,19,France
2023-11-01,U01736,Social Media,Monthly,2023-11-09,,2,948,461,France
2023-04-15,U01737,PPC,Inactive,2023-04-16,2023-05-16,0,0,181,India
2023-04-03,U01738,Organic,Free Trial,2023-04-16,,6,732,367,UK
2023-06-20,U01739,Organic,Free Trial,2023-06-22,,4,1332,22,USA
2023-01-08,U01740,PPC,Inactive,2023-01-18,2023-02-03,0,0,222,Brazil
2023-02-13,U01741,Social Media,Free Trial,2023-02-14,,7,686,170,USA
2023-01-08,U01742,Social Media,Free Trial,2023-01-12,,4,680,241,UK
2023-12-13,U01743,Social Media,Monthly,2023-12-25,,8,2744,485,UK
2023-11-04,U01744,Organic,Inactive,2023-11-08,2023-12-06,0,0,480,India
2023-12-17,U01745,PPC,Monthly,2023-12-22,,7,588,169,UK
2023-04-23,U01746,PPC,Inactive,2023-04-25,2023-06-21,0,0,136,Germany
2023-01-16,U01747,Organic,Monthly,2023-01-24,,4,1684,57,USA
2023-12-21,U01748,Organic,Free Trial,2023-12-29,,7,112,270,UK
2023-02-02,U01749,Social Media,Inactive,2023-02-03,2023-04-02,0,0,70,Germany
2023-05-03,U01750,Organic,Monthly,2023-05-09,,4,180,131,UK
2023-09-15,U01751,PPC,Free Trial,2023-09-17,,2,550,99,Brazil
2023-07-31,U01752,Organic,Monthly,2023-08-03,,9,1098,368,Germany
2023-11-02,U01753,Organic,Monthly,2023-11-07,,5,1505,264,France
2023-05-17,U01754,Organic,Free Trial,2023-05-23,,3,696,99,Germany
2023-04-14,U01755,Referral,Free Trial,2023-04-19,,4,880,12,India
2023-03-22,U01756,Social Media,Monthly,2023-03-30,,6,162,289,Germany
2023-03-17,U01757,Referral,Inactive,2023-03-31,2023-04-24,0,0,126,UK
2023-11-20,U01758,PPC,Monthly,2023-11-29,,7,1001,107,France
2023-12-27,U01759,Organic,Inactive,2024-01-04,2024-01-30,0,0,171,France
2023-10-31,U01760,PPC,Free Trial,2023-11-10,,7,2800,349,Germany
2023-01-09,U01761,PPC,Free Trial,2023-01-20,,7,777,384,UK
2023-08-25,U01762,Social Media,Free Trial,2023-08-28,,9,1341,487,France
2023-01-05,U01763,Organic,Free Trial,2023-01-09,,4,712,307,Brazil
2023-08-03,U01764,PPC,Free Trial,2023-08-07,,7,1400,413,Germany
2023-07-26,U01765,Organic,Annual,2023-08-01,,9,4419,827,Germany
2023-12-21,U01766,Organic,Inactive,2023-12-28,2024-02-10,0,0,91,Germany
2023-04-12,U01767,Social Media,Inactive,2023-04-18,2023-05-31,0,0,367,France
2023-12-02,U01768,PPC,Free Trial,2023-12-14,,5,2230,157,USA
2023-09-01,U01769,Organic,Inactive,2023-09-07,2023-09-29,0,0,15,UK
2023-06-21,U01770,Organic,Monthly,2023-07-02,,8,2816,387,India
2023-10-22,U01771,PPC,Free Trial,2023-10-31,,5,1690,194,India
2023-05-10,U01772,Social Media,Inactive,2023-05-19,2023-07-13,0,0,435,UK
2023-07-04,U01773,Social Media,Monthly,2023-07-12,,9,4095,261,USA
2023-03-31,U01774,Referral,Free Trial,2023-04-12,,3,609,34,UK
2023-11-22,U01775,Social Media,Monthly,2023-12-01,,6,1434,50,Germany
2023-09-07,U01776,Organic,Free Trial,2023-09-21,,6,876,178,Brazil
2023-12-13,U01777,PPC,Annual,2023-12-17,,4,1328,1551,UK
2023-05-09,U01778,PPC,Monthly,2023-05-15,,3,1227,373,UK
2023-07-16,U01779,Organic,Inactive,2023-07-27,2023-09-12,0,0,180,Brazil
2023-11-30,U01780,Social Media,Free Trial,2023-12-03,,7,1575,439,France
2023-08-24,U01781,Organic,Monthly,2023-08-29,,5,1790,66,India
2023-06-11,U01782,Referral,Monthly,2023-06-18,,7,2611,92,India
2023-12-09,U01783,PPC,Monthly,2023-12-14,,1,192,339,Germany
2023-03-12,U01784,PPC,Monthly,2023-03-25,,8,1416,188,Brazil
2023-08-21,U01785,PPC,Annual,2023-08-29,,3,873,1688,Germany
2023-06-16,U01786,Social Media,Inactive,2023-06-19,2023-07-12,0,0,95,France
2023-08-30,U01787,PPC,Inactive,2023-09-05,2023-11-03,0,0,466,Germany
2023-10-15,U01788,PPC,Inactive,2023-10-29,2023-12-27,0,0,362,Brazil
2023-03-08,U01789,Organic,Inactive,2023-03-14,2023-04-09,0,0,280,Brazil
2023-08-21,U01790,PPC,Monthly,2023-08-31,,2,904,353,USA
2023-08-17,U01791,Organic,Inactive,2023-08-18,2023-10-08,0,0,103,France
2023-07-26,U01792,Social Media,Monthly,2023-08-01,,6,906,391,Brazil
2023-05-12,U01793,PPC,Monthly,2023-05-25,,3,771,365,Brazil
2023-05-19,U01794,PPC,Monthly,2023-05-24,,7,3080,259,France
2023-11-09,U01795,Organic,Monthly,2023-11-13,,7,784,304,UK
2023-08-15,U01796,Organic,Free Trial,2023-08-27,,5,1040,207,UK
2023-08-28,U01797,Social Media,Inactive,2023-09-03,2023-10-21,0,0,88,USA
2023-02-03,U01798,Organic,Monthly,2023-02-05,,2,102,175,Brazil
2023-12-24,U01799,Organic,Free Trial,2024-01-05,,4,1776,48,France
2023-02-22,U01800,Organic,Monthly,2023-02-23,,4,624,317,France
2023-03-31,U01801,Referral,Free Trial,2023-04-01,,8,600,223,UK
2023-12-25,U01802,Social Media,Free Trial,2024-01-03,,8,3520,140,India
2023-08-27,U01803,Organic,Free Trial,2023-08-28,,5,1010,166,India
2023-11-27,U01804,Organic,Monthly,2023-12-05,,6,1842,486,Brazil
2023-06-12,U01805,Organic,Monthly,2023-06-23,,8,376,391,UK
2023-05-07,U01806,Social Media,Annual,2023-05-08,,1,150,1961,Brazil
2023-06-01,U01807,PPC,Annual,2023-06-15,,5,575,501,Germany
2023-08-11,U01808,Organic,Monthly,2023-08-14,,4,1748,236,France
2023-01-01,U01809,Organic,Monthly,2023-01-10,,4,644,54,Brazil
2023-01-03,U01810,Organic,Monthly,2023-01-05,,2,722,210,USA
2023-09-06,U01811,PPC,Annual,2023-09-10,,1,423,645,India
2023-08-05,U01812,Social Media,Free Trial,2023-08-10,,6,2010,348,Brazil
2023-04-25,U01813,Organic,Free Trial,2023-04-30,,7,329,251,Germany
2023-11-21,U01814,Organic,Annual,2023-11-29,,5,530,1834,France
2023-10-12,U01815,Organic,Monthly,2023-10-17,,8,936,403,Germany
2023-06-20,U01816,Referral,Free Trial,2023-06-21,,9,1152,247,Brazil
2023-09-08,U01817,Organic,Free Trial,2023-09-09,,2,320,158,France
2023-06-18,U01818,Social Media,Inactive,2023-07-02,2023-08-20,0,0,282,France
2023-08-18,U01819,PPC,Inactive,2023-09-01,2023-09-29,0,0,76,UK
2023-03-13,U01820,Organic,Annual,2023-03-14,,5,1875,1487,UK
2023-12-08,U01821,Organic,Monthly,2023-12-09,,3,1032,242,USA
2023-09-19,U01822,Organic,Monthly,2023-09-29,,6,1566,366,USA
2023-06-11,U01823,PPC,Inactive,2023-06-19,2023-07-17,0,0,301,Germany
2023-03-01,U01824,Social Media,Inactive,2023-03-15,2023-04-24,0,0,265,UK
2023-10-06,U01825,PPC,Free Trial,2023-10-17,,3,966,76,France
2023-01-05,U01826,PPC,Inactive,2023-01-06,2023-03-01,0,0,259,UK
2023-11-10,U01827,Organic,Free Trial,2023-11-22,,5,1315,86,France
2023-04-05,U01828,Referral,Free Trial,2023-04-12,,9,3546,498,UK
2023-08-17,U01829,Social Media,Monthly,2023-08-21,,3,1395,423,France
2023-10-10,U01830,Organic,Monthly,2023-10-11,,6,1608,96,Germany
2023-09-06,U01831,Referral,Inactive,2023-09-12,2023-10-13,0,0,261,UK
2023-05-12,U01832,PPC,Free Trial,2023-05-24,,7,3318,464,India
2023-09-06,U01833,PPC,Monthly,2023-09-17,,6,258,231,India
2023-09-29,U01834,Social Media,Inactive,2023-10-07,2023-12-04,0,0,422,France
2023-10-30,U01835,Social Media,Inactive,2023-11-08,2023-12-13,0,0,81,Germany
2023-10-11,U01836,PPC,Free Trial,2023-10-18,,8,1976,211,France
2023-03-09,U01837,Organic,Monthly,2023-03-16,,1,188,426,Germany
2023-07-31,U01838,Organic,Monthly,2023-08-02,,9,4482,68,USA
2023-10-06,U01839,Referral,Free Trial,2023-10-08,,4,452,285,UK
2023-06-10,U01840,Organic,Inactive,2023-06-12,2023-07-23,0,0,230,Germany
2023-11-23,U01841,Organic,Inactive,2023-12-03,2024-01-10,0,0,166,France
2023-03-07,U01842,PPC,Free Trial,2023-03-20,,7,3325,190,USA
2023-10-05,U01843,PPC,Free Trial,2023-10-17,,2,482,222,France
2023-05-15,U01844,PPC,Free Trial,2023-05-23,,1,313,138,India
2023-01-10,U01845,Referral,Inactive,2023-01-15,2023-03-02,0,0,252,India
2023-10-12,U01846,Organic,Free Trial,2023-10-24,,2,688,427,UK
2023-04-22,U01847,Organic,Monthly,2023-05-05,,8,1008,181,Brazil
2023-02-27,U01848,Organic,Monthly,2023-03-05,,7,1512,489,UK
2023-03-19,U01849,Social Media,Monthly,2023-04-02,,8,3272,374,USA
2023-05-15,U01850,PPC,Free Trial,2023-05-25,,6,1164,279,India
2023-11-12,U01851,Organic,Free Trial,2023-11-15,,1,490,430,Germany
2023-06-20,U01852,Social Media,Inactive,2023-06-23,2023-08-03,0,0,172,India
2023-07-28,U01853,Social Media,Inactive,2023-08-04,2023-09-03,0,0,452,Brazil
2023-03-02,U01854,Social Media,Annual,2023-03-08,,1,494,828,UK
2023-04-09,U01855,Referral,Free Trial,2023-04-18,,1,332,202,France
2023-09-19,U01856,Organic,Monthly,2023-09-28,,8,1384,375,USA
2023-02-08,U01857,Social Media,Monthly,2023-02-20,,6,2382,399,Brazil
2023-05-22,U01858,PPC,Free Trial,2023-05-29,,8,672,461,India
2023-03-11,U01859,Social Media,Inactive,2023-03-23,2023-05-15,0,0,303,Germany
2023-07-06,U01860,Social Media,Monthly,2023-07-09,,8,3408,138,Brazil
2023-12-07,U01861,Social Media,Free Trial,2023-12-19,,7,2051,50,Germany
2023-09-20,U01862,PPC,Inactive,2023-09-28,2023-11-12,0,0,40,Germany
2023-09-02,U01863,Organic,Inactive,2023-09-10,2023-10-21,0,0,45,USA
2023-10-13,U01864,PPC,Free Trial,2023-10-26,,9,2376,466,Germany
2023-05-04,U01865,Referral,Monthly,2023-05-09,,2,946,370,Germany
2023-01-28,U01866,Referral,Monthly,2023-01-29,,9,162,262,India
2023-09-08,U01867,Organic,Monthly,2023-09-12,,3,636,447,USA
2023-01-13,U01868,Organic,Free Trial,2023-01-21,,2,798,374,France
2023-08-12,U01869,Organic,Monthly,2023-08-15,,4,1552,224,France
2023-11-29,U01870,Social Media,Inactive,2023-12-01,2024-01-19,0,0,296,Germany
2023-11-09,U01871,Social Media,Monthly,2023-11-15,,2,200,265,Brazil
2023-05-18,U01872,Organic,Free Trial,2023-05-22,,1,390,422,UK
2023-11-24,U01873,PPC,Monthly,2023-12-05,,5,1705,378,USA
2023-04-03,U01874,Social Media,Monthly,2023-04-09,,9,1431,478,UK
2023-07-09,U01875,Social Media,Inactive,2023-07-19,2023-09-16,0,0,396,USA
2023-10-27,U01876,PPC,Monthly,2023-11-01,,9,1665,195,USA
2023-12-12,U01877,PPC,Free Trial,2023-12-21,,6,2964,483,India
2023-11-28,U01878,PPC,Free Trial,2023-12-02,,3,1242,70,Germany
2023-09-10,U01879,Organic,Annual,2023-09-18,,4,168,1000,India
2023-02-03,U01880,PPC,Free Trial,2023-02-12,,4,1896,285,Brazil
2023-09-06,U01881,PPC,Annual,2023-09-16,,1,193,785,UK
2023-04-07,U01882,Social Media,Free Trial,2023-04-19,,3,498,326,UK
2023-11-07,U01883,PPC,Monthly,2023-11-13,,3,186,439,France
2023-07-06,U01884,Social Media,Monthly,2023-07-18,,1,305,150,Brazil
2023-07-24,U01885,Organic,Inactive,2023-08-07,2023-09-12,0,0,242,Brazil
2023-06-29,U01886,PPC,Inactive,2023-07-01,2023-07-23,0,0,32,India
2023-03-03,U01887,Organic,Free Trial,2023-03-12,,9,1656,88,India
2023-12-15,U01888,Organic,Monthly,2023-12-24,,1,253,40,Brazil
2023-10-15,U01889,Social Media,Free Trial,2023-10-23,,2,556,13,India
2023-09-21,U01890,Referral,Monthly,2023-09-25,,2,840,468,France
2023-06-05,U01891,Organic,Monthly,2023-06-18,,6,2730,127,India
2023-02-19,U01892,PPC,Inactive,2023-02-27,2023-03-29,0,0,75,India
2023-09-07,U01893,Social Media,Inactive,2023-09-13,2023-10-14,0,0,409,Brazil
2023-09-13,U01894,Organic,Monthly,2023-09-20,,3,1110,380,Brazil
2023-12-07,U01895,PPC,Monthly,2023-12-19,,2,364,296,India
2023-07-15,U01896,Social Media,Inactive,2023-07-17,2023-09-11,0,0,185,India
2023-07-31,U01897,PPC,Inactive,2023-08-01,2023-08-28,0,0,132,Brazil
2023-06-08,U01898,Organic,Free Trial,2023-06-15,,2,328,240,UK
2023-03-28,U01899,Organic,Monthly,2023-04-07,,2,384,52,Germany
2023-09-13,U01900,Social Media,Monthly,2023-09-15,,9,2988,13,UK
2023-04-15,U01901,PPC,Free Trial,2023-04-20,,4,1192,199,India
2023-07-13,U01902,Organic,Free Trial,2023-07-16,,5,1335,313,USA
2023-11-19,U01903,Social Media,Free Trial,2023-11-29,,9,756,421,USA
2023-05-21,U01904,Organic,Monthly,2023-05-30,,6,1098,259,France
2023-05-13,U01905,Social Media,Free Trial,2023-05-21,,9,3051,153,UK
2023-08-23,U01906,Organic,Free Trial,2023-08-25,,9,2160,496,Brazil
2023-07-10,U01907,Referral,Free Trial,2023-07-12,,7,1792,354,France
2023-05-28,U01908,Organic,Inactive,2023-06-03,2023-06-24,0,0,391,France
2023-10-16,U01909,Organic,Inactive,2023-10-18,2023-11-19,0,0,342,USA
2023-06-03,U01910,Organic,Monthly,2023-06-04,,5,2000,462,UK
2023-10-18,U01911,Organic,Monthly,2023-10-20,,8,1216,167,Germany
2023-06-11,U01912,Social Media,Inactive,2023-06-15,2023-07-12,0,0,74,Brazil
2023-12-31,U01913,Referral,Free Trial,2024-01-02,,9,3636,334,UK
2023-03-26,U01914,Organic,Free Trial,2023-03-27,,7,959,279,France
2023-08-01,U01915,PPC,Free Trial,2023-08-15,,7,1225,84,India
2023-07-07,U01916,Social Media,Free Trial,2023-07-14,,3,108,427,France
2023-08-01,U01917,Social Media,Monthly,2023-08-05,,4,1020,449,UK
2023-04-09,U01918,PPC,Inactive,2023-04-16,2023-05-20,0,0,38,USA
2023-06-23,U01919,Organic,Monthly,2023-07-07,,5,720,475,UK
2023-08-13,U01920,PPC,Monthly,2023-08-24,,3,1182,344,Germany
2023-07-16,U01921,PPC,Inactive,2023-07-23,2023-08-20,0,0,247,Brazil
2023-04-10,U01922,Organic,Free Trial,2023-04-24,,7,210,162,Brazil
2023-07-12,U01923,PPC,Free Trial,2023-07-19,,6,528,103,India
2023-02-18,U01924,Organic,Monthly,2023-02-20,,7,1169,246,India
2023-09-12,U01925,Social Media,Monthly,2023-09-15,,2,206,331,France
2023-08-19,U01926,Organic,Free Trial,2023-08-31,,4,68,124,UK
2023-12-29,U01927,PPC,Monthly,2024-01-11,,2,962,305,Brazil
2023-08-08,U01928,PPC,Monthly,2023-08-22,,8,2784,228,USA
2023-12-21,U01929,PPC,Monthly,2023-12-26,,7,1876,255,Germany
2023-07-27,U01930,Organic,Monthly,2023-07-31,,1,64,408,France
2023-09-23,U01931,PPC,Monthly,2023-09-30,,2,816,41,UK
2023-02-04,U01932,PPC,Free Trial,2023-02-17,,2,90,29,USA
2023-08-03,U01933,PPC,Monthly,2023-08-16,,4,60,62,UK
2023-03-08,U01934,PPC,Free Trial,2023-03-22,,3,1158,215,USA
2023-11-06,U01935,PPC,Inactive,2023-11-13,2023-12-16,0,0,228,UK
2023-06-02,U01936,Social Media,Monthly,2023-06-06,,2,118,204,UK
2023-01-09,U01937,Organic,Monthly,2023-01-17,,9,1089,314,Brazil
2023-03-08,U01938,Social Media,Annual,2023-03-12,,1,155,1668,France
2023-01-05,U01939,PPC,Monthly,2023-01-14,,9,2151,470,UK
2023-02-22,U01940,Organic,Monthly,2023-03-01,,7,1540,354,UK
2023-08-04,U01941,Organic,Inactive,2023-08-12,2023-10-10,0,0,91,France
2023-01-10,U01942,Organic,Inactive,2023-01-17,2023-03-10,0,0,10,France
2023-10-15,U01943,Social Media,Monthly,2023-10-29,,5,2350,176,India
2023-09-08,U01944,Social Media,Free Trial,2023-09-15,,5,1520,326,India
2023-07-09,U01945,Social Media,Monthly,2023-07-11,,4,500,192,Brazil
2023-01-11,U01946,PPC,Annual,2023-01-21,,3,1215,614,France
2023-09-25,U01947,PPC,Free Trial,2023-09-27,,4,940,395,Germany
2023-04-19,U01948,Organic,Free Trial,2023-04-23,,4,272,359,Brazil
2023-08-02,U01949,Organic,Inactive,2023-08-14,2023-09-16,0,0,282,USA
2023-02-16,U01950,PPC,Free Trial,2023-02-20,,5,2185,166,France
2023-08-22,U01951,Organic,Annual,2023-08-29,,5,1125,1347,India
2023-08-15,U01952,Organic,Monthly,2023-08-23,,5,705,371,UK
2023-06-07,U01953,PPC,Monthly,2023-06-15,,1,429,397,France
2023-07-13,U01954,Social Media,Free Trial,2023-07-19,,6,1878,210,France
2023-03-11,U01955,Referral,Inactive,2023-03-18,2023-04-03,0,0,201,India
2023-02-09,U01956,Referral,Monthly,2023-02-21,,7,630,350,India
2023-06-30,U01957,PPC,Monthly,2023-07-09,,4,1256,308,Germany
2023-11-18,U01958,PPC,Monthly,2023-11-26,,5,380,85,Brazil
2023-08-20,U01959,PPC,Annual,2023-09-02,,5,1195,800,India
2023-09-04,U01960,Social Media,Inactive,2023-09-05,2023-10-27,0,0,315,India
2023-12-31,U01961,Organic,Monthly,2024-01-12,,2,684,205,India
2023-05-08,U01962,PPC,Monthly,2023-05-22,,5,2010,70,Brazil
2023-04-25,U01963,Social Media,Inactive,2023-04-27,2023-06-23,0,0,485,UK
2023-04-06,U01964,Organic,Monthly,2023-04-10,,4,1480,466,France
2023-01-26,U01965,PPC,Free Trial,2023-01-28,,2,162,369,France
2023-10-14,U01966,PPC,Free Trial,2023-10-15,,4,872,316,India
2023-04-28,U01967,Organic,Inactive,2023-05-05,2023-05-24,0,0,489,Brazil
2023-02-09,U01968,Organic,Monthly,2023-02-10,,8,1224,342,Germany
2023-06-07,U01969,Organic,Monthly,2023-06-09,,3,780,363,India
2023-12-18,U01970,Organic,Monthly,2023-12-23,,1,293,92,Brazil
2023-07-30,U01971,Organic,Free Trial,2023-08-10,,1,188,343,Brazil
2023-07-17,U01972,Social Media,Monthly,2023-07-27,,6,2694,14,Germany
2023-01-08,U01973,Organic,Free Trial,2023-01-11,,3,267,228,Brazil
2023-12-03,U01974,PPC,Monthly,2023-12-10,,4,264,421,France
2023-07-18,U01975,Organic,Monthly,2023-07-19,,1,375,263,Germany
2023-02-23,U01976,Referral,Monthly,2023-02-26,,8,2536,483,Germany
2023-02-15,U01977,Organic,Annual,2023-03-01,,1,183,1536,USA
2023-10-18,U01978,PPC,Inactive,2023-10-30,2023-11-23,0,0,97,Germany
2023-01-06,U01979,Social Media,Annual,2023-01-09,,6,1482,704,Germany
2023-04-05,U01980,Social Media,Free Trial,2023-04-10,,2,350,189,UK
2023-01-24,U01981,Organic,Free Trial,2023-02-03,,7,651,217,France
2023-06-11,U01982,Social Media,Monthly,2023-06-19,,7,399,282,India
2023-02-14,U01983,PPC,Inactive,2023-02-20,2023-03-30,0,0,74,USA
2023-10-25,U01984,PPC,Inactive,2023-11-05,2023-12-13,0,0,389,Germany
2023-01-01,U01985,Organic,Inactive,2023-01-08,2023-01-26,0,0,30,UK
2023-07-06,U01986,Organic,Monthly,2023-07-14,,5,1915,447,UK
2023-06-17,U01987,Social Media,Monthly,2023-06-28,,1,452,376,Brazil
2023-09-05,U01988,PPC,Monthly,2023-09-16,,1,358,186,India
2023-06-21,U01989,PPC,Free Trial,2023-06-25,,7,532,372,India
2023-01-07,U01990,Social Media,Free Trial,2023-01-17,,9,3051,31,France
2023-11-18,U01991,Social Media,Inactive,2023-12-01,2023-12-27,0,0,334,Brazil
2023-09-01,U01992,Organic,Free Trial,2023-09-08,,2,406,457,Germany
2023-01-19,U01993,PPC,Free Trial,2023-01-24,,6,984,45,UK
2023-09-10,U01994,Organic,Free Trial,2023-09-20,,6,1014,259,USA
2023-03-18,U01995,Social Media,Inactive,2023-03-30,2023-05-03,0,0,158,France
2023-06-23,U01996,PPC,Monthly,2023-07-06,,9,2475,449,Germany
2023-08-06,U01997,Referral,Monthly,2023-08-09,,4,708,82,Brazil
2023-12-29,U01998,Organic,Inactive,2024-01-03,2024-02-17,0,0,100,India
2023-01-18,U01999,Organic,Monthly,2023-01-29,,6,1170,185,Brazil
2023-08-14,U02000,Organic,Monthly,2023-08-17,,3,1149,135,Germany
2023-06-23,U02001,Organic,Free Trial,2023-06-27,,8,2896,213,Brazil
2023-05-23,U02002,Organic,Free Trial,2023-05-28,,7,1897,411,India
2023-11-15,U02003,Referral,Inactive,2023-11-20,2023-12-28,0,0,255,Germany
2023-02-16,U02004,Organic,Annual,2023-02-24,,3,849,589,USA
2023-09-28,U02005,Organic,Monthly,2023-10-10,,1,466,280,France
2023-02-02,U02006,Social Media,Monthly,2023-02-14,,2,674,53,Brazil
2023-08-17,U02007,PPC,Monthly,2023-08-20,,1,354,231,India
2023-06-24,U02008,Social Media,Free Trial,2023-06-27,,5,1160,438,USA
2023-12-04,U02009,Organic,Free Trial,2023-12-07,,2,102,106,UK
2023-10-03,U02010,PPC,Free Trial,2023-10-06,,3,39,45,USA
2023-05-07,U02011,Organic,Free Trial,2023-05-08,,8,2280,177,USA
2023-04-11,U02012,Organic,Inactive,2023-04-14,2023-05-15,0,0,444,USA
2023-12-11,U02013,Referral,Free Trial,2023-12-15,,4,1732,39,India
2023-10-03,U02014,Organic,Free Trial,2023-10-11,,5,1010,291,UK
2023-03-24,U02015,PPC,Monthly,2023-03-31,,6,678,94,France
2023-12-13,U02016,PPC,Inactive,2023-12-25,2024-01-09,0,0,366,USA
2023-03-11,U02017,Organic,Free Trial,2023-03-19,,9,2781,130,India
2023-09-16,U02018,Social Media,Free Trial,2023-09-22,,1,32,296,India
2023-08-11,U02019,Organic,Monthly,2023-08-16,,4,1800,257,France
2023-09-18,U02020,PPC,Annual,2023-09-20,,9,2808,874,Germany
2023-07-16,U02021,Referral,Monthly,2023-07-24,,5,110,262,UK
2023-05-28,U02022,PPC,Inactive,2023-06-04,2023-07-11,0,0,454,UK
2023-07-27,U02023,Referral,Inactive,2023-08-06,2023-09-04,0,0,282,Brazil
2023-08-04,U02024,Organic,Annual,2023-08-16,,4,768,1672,USA
2023-04-20,U02025,PPC,Monthly,2023-04-25,,9,3240,363,Germany
2023-11-06,U02026,Organic,Monthly,2023-11-18,,1,251,391,UK
2023-01-27,U02027,Social Media,Free Trial,2023-02-05,,1,202,33,Brazil
2023-04-20,U02028,Referral,Inactive,2023-04-26,2023-06-23,0,0,131,USA
2023-11-16,U02029,Organic,Monthly,2023-11-21,,3,843,234,Germany
2023-11-30,U02030,PPC,Free Trial,2023-12-12,,7,2688,397,India
2023-03-15,U02031,Organic,Monthly,2023-03-28,,3,522,402,USA
2023-10-10,U02032,PPC,Free Trial,2023-10-18,,1,189,395,Germany
2023-02-27,U02033,PPC,Monthly,2023-03-05,,2,252,428,France
2023-09-04,U02034,Referral,Monthly,2023-09-14,,4,1100,132,UK
2023-03-10,U02035,PPC,Monthly,2023-03-18,,1,387,303,USA
2023-04-06,U02036,Organic,Inactive,2023-04-19,2023-06-16,0,0,182,Brazil
2023-10-05,U02037,Organic,Free Trial,2023-10-17,,8,424,152,India
2023-09-17,U02038,Organic,Monthly,2023-09-29,,7,2520,435,Brazil
2023-06-13,U02039,Organic,Monthly,2023-06-19,,8,664,396,USA
2023-12-18,U02040,Organic,Monthly,2024-01-01,,4,1788,424,UK
2023-05-04,U02041,Social Media,Annual,2023-05-17,,6,2268,978,UK
2023-12-08,U02042,PPC,Monthly,2023-12-16,,3,705,178,Germany
2023-05-29,U02043,PPC,Monthly,2023-06-02,,8,2528,66,Brazil
2023-08-02,U02044,Organic,Free Trial,2023-08-05,,4,1268,51,Brazil
2023-07-17,U02045,Social Media,Inactive,2023-07-27,2023-08-31,0,0,318,India
2023-02-14,U02046,Social Media,Monthly,2023-02-16,,4,1428,128,Germany
2023-07-20,U02047,Organic,Annual,2023-07-26,,6,2910,1427,India
2023-03-09,U02048,Social Media,Free Trial,2023-03-12,,7,2268,321,USA
2023-04-25,U02049,PPC,Free Trial,2023-04-26,,7,154,260,USA
2023-11-07,U02050,Organic,Monthly,2023-11-20,,4,1736,352,Brazil
2023-03-03,U02051,PPC,Inactive,2023-03-13,2023-04-01,0,0,341,Germany
2023-08-10,U02052,PPC,Monthly,2023-08-18,,7,413,465,France
2023-01-06,U02053,Organic,Inactive,2023-01-11,2023-02-15,0,0,446,UK
2023-11-24,U02054,Referral,Monthly,2023-12-06,,8,2576,350,Germany
2023-08-18,U02055,Social Media,Monthly,2023-08-19,,9,3987,350,Germany
2023-03-20,U02056,PPC,Free Trial,2023-03-31,,5,1290,425,USA
2023-03-02,U02057,PPC,Inactive,2023-03-15,2023-05-13,0,0,346,UK
2023-09-16,U02058,PPC,Free Trial,2023-09-29,,4,264,191,Germany
2023-07-06,U02059,PPC,Inactive,2023-07-13,2023-09-07,0,0,174,USA
2023-09-14,U02060,PPC,Inactive,2023-09-20,2023-11-12,0,0,481,USA
2023-01-24,U02061,Organic,Inactive,2023-02-05,2023-03-02,0,0,273,Brazil
2023-03-21,U02062,PPC,Monthly,2023-03-27,,7,805,219,Brazil
2023-04-19,U02063,Social Media,Monthly,2023-04-28,,7,1400,20,Germany
2023-12-30,U02064,PPC,Annual,2024-01-05,,5,730,659,Germany
2023-03-14,U02065,Organic,Free Trial,2023-03-16,,5,985,453,USA
2023-10-12,U02066,Social Media,Monthly,2023-10-21,,8,1032,260,Brazil
2023-10-06,U02067,Organic,Free Trial,2023-10-12,,7,1757,147,Germany
2023-04-22,U02068,Organic,Monthly,2023-04-25,,7,2296,227,UK
2023-05-27,U02069,Organic,Free Trial,2023-06-03,,6,486,248,USA
2023-03-03,U02070,Organic,Free Trial,2023-03-07,,7,1764,463,USA
2023-05-13,U02071,Social Media,Monthly,2023-05-21,,7,980,380,Germany
2023-06-15,U02072,PPC,Monthly,2023-06-17,,2,932,346,Germany
2023-04-20,U02073,Organic,Monthly,2023-04-21,,2,556,96,Germany
2023-06-21,U02074,Social Media,Free Trial,2023-06-22,,7,2814,307,UK
2023-02-11,U02075,Social Media,Monthly,2023-02-15,,7,3416,302,USA
2023-07-05,U02076,Social Media,Free Trial,2023-07-08,,7,3374,101,France
2023-09-02,U02077,Organic,Monthly,2023-09-16,,5,305,217,UK
2023-09-08,U02078,PPC,Monthly,2023-09-13,,1,71,213,UK
2023-02-28,U02079,Referral,Monthly,2023-03-07,,2,256,195,Brazil
2023-01-25,U02080,Social Media,Annual,2023-01-27,,9,3366,935,USA
2023-05-02,U02081,Organic,Monthly,2023-05-11,,8,2184,324,France
2023-10-20,U02082,Organic,Annual,2023-10-29,,8,1984,1668,USA
2023-04-20,U02083,PPC,Monthly,2023-05-02,,1,360,165,UK
2023-05-18,U02084,Referral,Monthly,2023-05-24,,6,2340,302,Germany
2023-05-20,U02085,PPC,Monthly,2023-05-22,,9,2376,30,USA
2023-11-13,U02086,PPC,Free Trial,2023-11-14,,8,1456,170,USA
2023-06-27,U02087,Organic,Monthly,2023-06-29,,3,954,395,Germany
2023-07-15,U02088,PPC,Monthly,2023-07-28,,4,984,494,France
2023-06-16,U02089,Social Media,Monthly,2023-06-26,,3,984,348,France
2023-07-17,U02090,Organic,Free Trial,2023-07-27,,6,624,165,USA
2023-01-03,U02091,Social Media,Free Trial,2023-01-07,,9,3114,152,Germany
2023-12-02,U02092,Referral,Inactive,2023-12-07,2024-01-26,0,0,266,Brazil
2023-07-29,U02093,Organic,Monthly,2023-08-02,,4,1788,116,USA
2023-02-21,U02094,PPC,Free Trial,2023-02-24,,2,824,293,Germany
2023-03-12,U02095,Organic,Monthly,2023-03-24,,8,608,59,UK
2023-01-26,U02096,Social Media,Monthly,2023-02-04,,8,440,44,Brazil
2023-07-20,U02097,PPC,Inactive,2023-07-24,2023-09-17,0,0,233,Germany
2023-10-18,U02098,PPC,Free Trial,2023-10-27,,8,1176,165,USA
2023-10-21,U02099,Social Media,Free Trial,2023-10-23,,9,3402,402,India
2023-05-26,U02100,Organic,Inactive,2023-06-05,2023-07-27,0,0,417,France
2023-09-09,U02101,Referral,Free Trial,2023-09-18,,9,2169,200,USA
2023-11-23,U02102,PPC,Free Trial,2023-11-26,,2,822,397,Germany
2023-10-18,U02103,Organic,Inactive,2023-10-23,2023-11-26,0,0,193,Brazil
2023-07-09,U02104,PPC,Monthly,2023-07-11,,8,464,246,Brazil
2023-11-30,U02105,Social Media,Free Trial,2023-12-08,,8,256,306,Germany
2023-01-01,U02106,Organic,Free Trial,2023-01-12,,4,284,332,France
2023-08-28,U02107,Social Media,Free Trial,2023-09-08,,8,2208,313,USA
2023-07-29,U02108,Referral,Free Trial,2023-08-12,,7,2366,351,Brazil
2023-02-15,U02109,Organic,Inactive,2023-02-20,2023-03-07,0,0,497,Brazil
2023-06-22,U02110,Referral,Monthly,2023-06-25,,5,2245,67,India
2023-03-24,U02111,Organic,Annual,2023-03-28,,4,388,1792,UK
2023-12-05,U02112,Organic,Inactive,2023-12-07,2024-01-09,0,0,250,India
2023-08-21,U02113,Organic,Monthly,2023-08-28,,1,64,34,UK
2023-05-02,U02114,Social Media,Free Trial,2023-05-03,,5,810,325,Brazil
2023-10-31,U02115,PPC,Monthly,2023-11-06,,8,1984,126,UK
2023-05-13,U02116,Organic,Inactive,2023-05-20,2023-07-12,0,0,351,USA
2023-01-04,U02117,PPC,Inactive,2023-01-16,2023-02-16,0,0,379,Brazil
2023-09-06,U02118,PPC,Free Trial,2023-09-12,,1,404,249,Brazil
2023-09-04,U02119,Organic,Monthly,2023-09-10,,1,122,184,UK
2023-07-19,U02120,Social Media,Monthly,2023-08-01,,1,175,491,Germany
2023-02-28,U02121,Social Media,Inactive,2023-03-08,2023-04-16,0,0,454,UK
2023-03-18,U02122,PPC,Free Trial,2023-03-20,,1,17,349,UK
2023-10-13,U02123,Referral,Monthly,2023-10-23,,4,844,237,France
2023-03-02,U02124,PPC,Inactive,2023-03-07,2023-04-04,0,0,494,France
2023-05-14,U02125,Referral,Monthly,2023-05-17,,4,1760,496,USA
2023-05-09,U02126,PPC,Monthly,2023-05-11,,4,1204,262,USA
2023-12-27,U02127,PPC,Free Trial,2024-01-02,,7,2730,420,Germany
2023-12-25,U02128,Organic,Free Trial,2023-12-27,,9,531,389,France
2023-12-06,U02129,Social Media,Monthly,2023-12-13,,7,812,120,India
2023-09-22,U02130,PPC,Inactive,2023-09-23,2023-10-11,0,0,250,USA
2023-07-25,U02131,Organic,Free Trial,2023-08-08,,1,242,233,USA
2023-10-23,U02132,Organic,Monthly,2023-10-26,,4,788,307,France
2023-05-15,U02133,PPC,Monthly,2023-05-28,,4,1860,61,France
2023-07-27,U02134,PPC,Free Trial,2023-08-05,,1,332,230,Germany
2023-06-15,U02135,Social Media,Monthly,2023-06-23,,6,1908,498,France
2023-02-20,U02136,Social Media,Annual,2023-02-21,,2,694,1576,UK
2023-12-04,U02137,Organic,Inactive,2023-12-15,2024-01-28,0,0,297,Brazil
2023-12-24,U02138,Social Media,Monthly,2024-01-02,,8,3936,161,India
2023-09-14,U02139,Organic,Monthly,2023-09-27,,3,462,396,Brazil
2023-02-10,U02140,Social Media,Free Trial,2023-02-24,,9,2133,127,UK
2023-01-03,U02141,Social Media,Inactive,2023-01-06,2023-02-20,0,0,420,UK
2023-03-29,U02142,PPC,Free Trial,2023-04-06,,9,3789,466,Brazil
2023-02-25,U02143,Social Media,Annual,2023-03-11,,1,123,1470,UK
2023-06-08,U02144,Organic,Free Trial,2023-06-14,,5,360,288,USA
2023-08-08,U02145,PPC,Inactive,2023-08-09,2023-09-05,0,0,144,Brazil
2023-11-25,U02146,Social Media,Annual,2023-12-09,,4,1136,707,UK
2023-02-02,U02147,PPC,Annual,2023-02-11,,4,532,759,USA
2023-05-01,U02148,Organic,Free Trial,2023-05-15,,7,665,302,France
2023-10-02,U02149,PPC,Monthly,2023-10-05,,8,632,16,India
2023-07-14,U02150,Social Media,Monthly,2023-07-19,,5,280,231,India
2023-08-11,U02151,Organic,Annual,2023-08-13,,7,1456,1004,UK
2023-07-29,U02152,Organic,Free Trial,2023-08-11,,3,1119,347,India
2023-09-05,U02153,Social Media,Inactive,2023-09-18,2023-10-12,0,0,360,USA
2023-05-06,U02154,Social Media,Inactive,2023-05-18,2023-07-17,0,0,287,France
2023-03-17,U02155,Organic,Free Trial,2023-03-25,,4,1140,343,UK
2023-11-13,U02156,Organic,Inactive,2023-11-25,2024-01-15,0,0,347,Germany
2023-09-23,U02157,Organic,Monthly,2023-09-26,,5,1060,236,Brazil
2023-09-27,U02158,Organic,Monthly,2023-10-11,,8,1112,410,India
2023-07-26,U02159,PPC,Monthly,2023-07-29,,5,2285,284,India
2023-07-23,U02160,Social Media,Monthly,2023-08-03,,5,2395,360,UK
2023-08-31,U02161,PPC,Annual,2023-09-12,,2,602,1935,Brazil
2023-10-11,U02162,PPC,Monthly,2023-10-12,,5,1990,126,Brazil
2023-05-22,U02163,Organic,Monthly,2023-05-23,,7,511,301,India
2023-09-29,U02164,Social Media,Monthly,2023-10-01,,2,544,280,India
2023-12-06,U02165,PPC,Annual,2023-12-14,,6,2778,1296,Germany
2023-10-26,U02166,Referral,Free Trial,2023-11-06,,7,903,166,Brazil
2023-11-03,U02167,PPC,Inactive,2023-11-12,2023-12-12,0,0,69,USA
2023-01-21,U02168,Organic,Monthly,2023-02-04,,9,1899,193,UK
2023-07-15,U02169,PPC,Free Trial,2023-07-22,,4,220,433,UK
2023-09-25,U02170,Organic,Free Trial,2023-09-26,,1,177,153,Germany
2023-04-17,U02171,PPC,Monthly,2023-04-19,,8,3632,170,Germany
2023-12-10,U02172,Organic,Inactive,2023-12-22,2024-01-16,0,0,98,USA
2023-03-11,U02173,Organic,Monthly,2023-03-19,,7,385,25,France
2023-03-21,U02174,Social Media,Annual,2023-03-29,,8,1768,768,UK
2023-10-18,U02175,Organic,Free Trial,2023-10-25,,2,74,258,Brazil
2023-12-05,U02176,Social Media,Monthly,2023-12-14,,3,288,107,India
2023-05-31,U02177,Organic,Inactive,2023-06-10,2023-07-14,0,0,459,USA
2023-06-23,U02178,PPC,Annual,2023-07-05,,1,394,1765,UK
2023-10-23,U02179,PPC,Free Trial,2023-10-30,,8,1328,309,Brazil
2023-10-27,U02180,PPC,Monthly,2023-11-09,,8,2192,244,USA
2023-07-07,U02181,Organic,Free Trial,2023-07-19,,7,1918,431,France
2023-11-04,U02182,Organic,Monthly,2023-11-13,,5,155,316,Brazil
2023-10-17,U02183,Organic,Annual,2023-10-25,,4,1060,1334,UK
2023-10-18,U02184,Organic,Annual,2023-10-28,,6,1200,912,India
2023-02-24,U02185,PPC,Free Trial,2023-02-27,,1,459,270,Brazil
2023-06-09,U02186,Referral,Inactive,2023-06-16,2023-08-10,0,0,248,UK
2023-02-03,U02187,Social Media,Monthly,2023-02-17,,4,964,433,USA
2023-11-06,U02188,Social Media,Monthly,2023-11-11,,4,780,271,France
2023-04-06,U02189,Social Media,Monthly,2023-04-15,,7,2345,341,Brazil
2023-09-16,U02190,PPC,Monthly,2023-09-19,,9,1728,124,USA
2023-11-26,U02191,Organic,Monthly,2023-12-08,,8,3248,277,USA
2023-04-18,U02192,Referral,Monthly,2023-04-25,,8,3920,21,Germany
2023-07-30,U02193,PPC,Monthly,2023-08-07,,5,2060,82,USA
2023-10-11,U02194,PPC,Free Trial,2023-10-12,,6,2832,371,Brazil
2023-10-17,U02195,Organic,Inactive,2023-10-25,2023-12-14,0,0,415,France
2023-02-24,U02196,PPC,Monthly,2023-02-27,,3,633,314,India
2023-09-08,U02197,PPC,Free Trial,2023-09-13,,5,370,187,Germany
2023-01-20,U02198,Social Media,Annual,2023-01-21,,2,906,1314,USA
2023-12-12,U02199,PPC,Inactive,2023-12-13,2024-01-18,0,0,269,Brazil
2023-11-07,U02200,Organic,Inactive,2023-11-18,2024-01-01,0,0,443,UK
2023-07-07,U02201,Referral,Monthly,2023-07-18,,6,1380,268,Germany
2023-08-21,U02202,Organic,Free Trial,2023-08-31,,5,130,409,France
2023-07-29,U02203,PPC,Monthly,2023-07-30,,4,1332,279,UK
2023-04-18,U02204,Organic,Free Trial,2023-04-19,,2,588,329,France
2023-03-05,U02205,Social Media,Inactive,2023-03-14,2023-03-31,0,0,129,UK
2023-06-16,U02206,Referral,Free Trial,2023-06-28,,5,2000,178,India
2023-07-23,U02207,Organic,Free Trial,2023-07-31,,7,371,495,France
2023-07-01,U02208,Social Media,Monthly,2023-07-11,,1,470,77,UK
2023-11-16,U02209,Organic,Monthly,2023-11-17,,4,1592,68,France
2023-08-01,U02210,Referral,Annual,2023-08-06,,5,985,1748,Germany
2023-02-05,U02211,Social Media,Monthly,2023-02-15,,8,3192,384,France
2023-03-12,U02212,Social Media,Free Trial,2023-03-21,,8,3928,275,Brazil
2023-04-11,U02213,Organic,Free Trial,2023-04-19,,1,272,84,France
2023-07-10,U02214,Referral,Monthly,2023-07-24,,5,915,496,UK
2023-04-21,U02215,Social Media,Free Trial,2023-04-25,,1,450,99,France
2023-09-13,U02216,Organic,Monthly,2023-09-16,,1,63,366,India
2023-12-29,U02217,Social Media,Monthly,2024-01-02,,2,458,163,USA
2023-12-29,U02218,Organic,Annual,2023-12-31,,2,110,518,Germany
2023-12-15,U02219,Social Media,Inactive,2023-12-23,2024-02-11,0,0,227,Brazil
2023-05-03,U02220,Organic,Inactive,2023-05-09,2023-06-03,0,0,495,UK
2023-03-06,U02221,Social Media,Inactive,2023-03-12,2023-05-05,0,0,37,France
2023-06-29,U02222,PPC,Free Trial,2023-07-09,,1,418,139,France
2023-03-14,U02223,Organic,Free Trial,2023-03-26,,2,960,75,France
2023-12-17,U02224,Organic,Monthly,2023-12-21,,6,2136,153,Germany
2023-01-11,U02225,Organic,Inactive,2023-01-16,2023-02-26,0,0,389,Brazil
2023-04-14,U02226,PPC,Inactive,2023-04-25,2023-06-14,0,0,322,USA
2023-07-18,U02227,Organic,Inactive,2023-07-26,2023-09-23,0,0,416,India
2023-12-26,U02228,PPC,Free Trial,2024-01-03,,5,845,416,Brazil
2023-09-29,U02229,Organic,Inactive,2023-10-02,2023-11-26,0,0,470,India
2023-07-17,U02230,Organic,Monthly,2023-07-25,,7,840,286,Brazil
2023-07-06,U02231,Social Media,Free Trial,2023-07-09,,8,3976,112,UK
2023-10-29,U02232,Organic,Monthly,2023-11-02,,4,184,418,USA
2023-09-02,U02233,Referral,Free Trial,2023-09-07,,8,96,323,USA
2023-12-18,U02234,Social Media,Monthly,2023-12-20,,6,2952,46,Germany
2023-05-27,U02235,PPC,Monthly,2023-06-08,,5,110,258,Brazil
2023-08-16,U02236,PPC,Monthly,2023-08-22,,7,1197,442,France
2023-11-11,U02237,Social Media,Monthly,2023-11-12,,6,2118,470,USA
2023-05-23,U02238,Organic,Inactive,2023-06-06,2023-07-28,0,0,408,Brazil
2023-09-17,U02239,Organic,Monthly,2023-09-26,,5,1705,165,France
2023-12-21,U02240,Organic,Monthly,2024-01-01,,9,2457,460,Germany
2023-04-02,U02241,Social Media,Inactive,2023-04-03,2023-05-18,0,0,480,Brazil
2023-02-01,U02242,Organic,Inactive,2023-02-12,2023-03-26,0,0,141,Brazil
2023-02-07,U02243,PPC,Free Trial,2023-02-10,,7,2947,56,UK
2023-02-05,U02244,Referral,Monthly,2023-02-19,,5,1715,443,Brazil
2023-08-11,U02245,Social Media,Free Trial,2023-08-20,,2,778,453,UK
2023-12-03,U02246,PPC,Free Trial,2023-12-10,,6,1368,455,France
2023-11-10,U02247,Organic,Monthly,2023-11-19,,7,1085,204,France
2023-10-11,U02248,Social Media,Inactive,2023-10-15,2023-11-12,0,0,112,USA
2023-11-25,U02249,PPC,Free Trial,2023-11-27,,6,1836,337,Germany
2023-10-08,U02250,Organic,Inactive,2023-10-13,2023-10-31,0,0,180,UK
2023-09-28,U02251,Organic,Inactive,2023-10-12,2023-11-30,0,0,98,USA
2023-12-02,U02252,Referral,Inactive,2023-12-03,2023-12-30,0,0,255,India
2023-09-01,U02253,PPC,Free Trial,2023-09-11,,6,1458,67,USA
2023-05-25,U02254,Social Media,Inactive,2023-06-03,2023-07-17,0,0,114,France
2023-03-14,U02255,Social Media,Monthly,2023-03-22,,6,2052,189,India
2023-10-14,U02256,PPC,Monthly,2023-10-18,,4,1276,469,USA
2023-06-03,U02257,PPC,Free Trial,2023-06-12,,7,1568,78,Brazil
2023-04-25,U02258,PPC,Free Trial,2023-05-08,,3,1287,490,Germany
2023-08-23,U02259,Organic,Annual,2023-09-04,,5,530,1533,UK
2023-04-26,U02260,PPC,Monthly,2023-04-30,,1,222,162,Brazil
2023-03-11,U02261,Social Media,Free Trial,2023-03-21,,3,1089,34,India
2023-01-06,U02262,PPC,Free Trial,2023-01-19,,8,2568,386,Germany
2023-12-10,U02263,Social Media,Monthly,2023-12-24,,9,981,44,USA
2023-10-22,U02264,PPC,Free Trial,2023-10-25,,9,1386,454,Brazil
2023-03-19,U02265,PPC,Inactive,2023-03-25,2023-05-17,0,0,24,France
2023-05-23,U02266,PPC,Free Trial,2023-06-03,,4,1920,115,France
2023-10-09,U02267,PPC,Free Trial,2023-10-12,,5,265,227,Germany
2023-09-25,U02268,Social Media,Monthly,2023-10-01,,3,780,393,France
2023-07-26,U02269,Organic,Monthly,2023-07-30,,1,395,83,UK
2023-01-19,U02270,PPC,Monthly,2023-01-30,,6,1416,353,Germany
2023-06-15,U02271,Organic,Monthly,2023-06-25,,2,814,428,Germany
2023-02-08,U02272,Organic,Inactive,2023-02-14,2023-03-15,0,0,294,France
2023-02-16,U02273,PPC,Monthly,2023-02-19,,1,178,47,Germany
2023-08-02,U02274,PPC,Free Trial,2023-08-13,,9,1251,206,USA
2023-10-06,U02275,Referral,Monthly,2023-10-15,,7,196,289,India
2023-12-04,U02276,PPC,Inactive,2023-12-09,2024-01-02,0,0,284,Brazil
2023-05-20,U02277,Social Media,Monthly,2023-05-23,,6,1464,183,India
2023-10-26,U02278,PPC,Free Trial,2023-11-09,,8,2832,314,Brazil
2023-04-19,U02279,PPC,Annual,2023-04-29,,2,20,590,France
2023-12-13,U02280,Organic,Monthly,2023-12-23,,5,695,466,UK
2023-09-28,U02281,Organic,Monthly,2023-10-08,,6,216,163,UK
2023-10-09,U02282,Organic,Free Trial,2023-10-23,,3,33,162,France
2023-12-28,U02283,PPC,Free Trial,2023-12-29,,2,518,300,France
2023-05-23,U02284,Organic,Monthly,2023-06-04,,6,1386,429,Germany
2023-07-10,U02285,Organic,Free Trial,2023-07-18,,3,1332,151,UK
2023-12-22,U02286,Organic,Monthly,2024-01-05,,2,294,265,India
2023-10-22,U02287,Referral,Monthly,2023-11-02,,1,284,321,France
2023-03-17,U02288,Organic,Free Trial,2023-03-29,,8,3992,143,India
2023-02-13,U02289,PPC,Inactive,2023-02-26,2023-03-16,0,0,41,Brazil
2023-06-19,U02290,Organic,Inactive,2023-06-23,2023-07-28,0,0,35,India
2023-04-16,U02291,PPC,Annual,2023-04-24,,6,2646,608,UK
2023-08-26,U02292,Organic,Free Trial,2023-09-03,,3,795,264,Brazil
2023-08-24,U02293,Organic,Free Trial,2023-09-02,,7,2653,442,India
2023-10-02,U02294,PPC,Monthly,2023-10-12,,2,642,232,Germany
2023-03-24,U02295,Organic,Free Trial,2023-04-06,,7,3255,65,Germany
2023-02-05,U02296,Organic,Inactive,2023-02-10,2023-04-06,0,0,302,UK
2023-05-28,U02297,Organic,Free Trial,2023-06-11,,5,2215,134,Germany
2023-08-29,U02298,Organic,Monthly,2023-09-09,,7,728,239,France
2023-10-04,U02299,Organic,Monthly,2023-10-12,,3,546,62,Brazil
2023-03-19,U02300,Organic,Monthly,2023-03-24,,4,1928,451,UK
2023-10-03,U02301,Social Media,Free Trial,2023-10-07,,1,452,110,Brazil
2023-12-28,U02302,PPC,Monthly,2023-12-31,,3,1296,476,India
2023-09-02,U02303,PPC,Free Trial,2023-09-08,,9,3726,343,France
2023-03-15,U02304,Organic,Inactive,2023-03-25,2023-04-23,0,0,301,UK
2023-10-18,U02305,Referral,Free Trial,2023-10-31,,8,528,366,India
2023-08-14,U02306,Organic,Inactive,2023-08-23,2023-10-05,0,0,276,India
2023-06-29,U02307,Organic,Inactive,2023-07-13,2023-08-15,0,0,292,India
2022-12-31,U02308,PPC,Free Trial,2023-01-04,,7,3402,11,India
2023-09-16,U02309,Organic,Annual,2023-09-28,,4,316,1919,India
2023-12-19,U02310,Organic,Free Trial,2023-12-20,,9,3123,75,UK
2023-03-04,U02311,PPC,Inactive,2023-03-07,2023-03-24,0,0,221,Germany
2023-05-05,U02312,Social Media,Monthly,2023-05-07,,1,437,245,India
2023-02-12,U02313,PPC,Monthly,2023-02-13,,4,1712,377,France
2023-10-27,U02314,Social Media,Monthly,2023-11-01,,6,2136,26,UK
2023-07-04,U02315,Referral,Free Trial,2023-07-13,,6,84,397,USA
2023-12-23,U02316,Organic,Inactive,2023-12-31,2024-02-13,0,0,23,Germany
2023-07-26,U02317,Organic,Free Trial,2023-08-08,,5,1055,16,France
2023-09-26,U02318,Organic,Monthly,2023-09-30,,3,633,344,India
2023-01-17,U02319,PPC,Monthly,2023-01-31,,2,376,231,UK
2023-10-15,U02320,PPC,Inactive,2023-10-18,2023-11-08,0,0,409,UK
2023-06-02,U02321,Referral,Free Trial,2023-06-16,,9,1755,113,India
2023-12-16,U02322,Social Media,Monthly,2023-12-23,,3,303,459,France
2023-10-04,U02323,PPC,Monthly,2023-10-14,,3,903,412,UK
2023-05-11,U02324,Organic,Annual,2023-05-23,,1,403,1983,Brazil
2023-07-28,U02325,Social Media,Free Trial,2023-08-09,,2,886,296,Germany
2023-12-15,U02326,Referral,Free Trial,2023-12-26,,3,1476,393,France
2023-07-14,U02327,Social Media,Free Trial,2023-07-18,,2,472,256,India
2023-10-08,U02328,Organic,Annual,2023-10-19,,8,3440,865,France
2023-01-15,U02329,PPC,Free Trial,2023-01-19,,6,726,100,Brazil
2023-08-14,U02330,Organic,Monthly,2023-08-26,,7,1099,323,France
2023-03-06,U02331,Organic,Free Trial,2023-03-19,,1,278,321,USA
2023-05-23,U02332,Organic,Inactive,2023-06-01,2023-06-28,0,0,446,India
2023-04-23,U02333,PPC,Inactive,2023-05-05,2023-06-11,0,0,482,Germany
2023-12-20,U02334,PPC,Monthly,2023-12-23,,6,2244,223,India
2023-08-12,U02335,Organic,Monthly,2023-08-14,,3,1236,52,USA
2023-07-17,U02336,Organic,Free Trial,2023-07-24,,7,2499,83,India
2023-04-28,U02337,PPC,Free Trial,2023-05-08,,3,1101,251,India
2023-02-08,U02338,Organic,Free Trial,2023-02-09,,9,585,490,Germany
2023-10-01,U02339,Organic,Monthly,2023-10-14,,3,930,58,USA
2023-06-16,U02340,PPC,Monthly,2023-06-25,,7,2275,377,India
2023-04-10,U02341,Social Media,Inactive,2023-04-21,2023-05-11,0,0,373,Brazil
2023-07-07,U02342,Organic,Monthly,2023-07-15,,8,1552,325,India
2023-05-28,U02343,Organic,Monthly,2023-05-30,,2,126,231,UK
2023-09-29,U02344,Organic,Monthly,2023-09-30,,8,368,359,India
2023-12-19,U02345,Referral,Monthly,2023-12-30,,9,1980,153,Germany
2023-04-01,U02346,PPC,Free Trial,2023-04-09,,8,2416,338,UK
2023-08-26,U02347,PPC,Monthly,2023-09-05,,6,1674,218,Brazil
2023-05-17,U02348,Organic,Monthly,2023-05-21,,1,360,108,Brazil
2023-08-29,U02349,PPC,Annual,2023-08-30,,7,1603,1865,Brazil
2023-02-27,U02350,Organic,Inactive,2023-03-02,2023-03-18,0,0,123,USA
2023-04-01,U02351,PPC,Monthly,2023-04-08,,7,3059,184,Brazil
2023-06-29,U02352,Referral,Free Trial,2023-07-04,,2,734,280,France
2023-12-22,U02353,PPC,Monthly,2023-12-27,,8,1760,72,Germany
2023-02-02,U02354,Social Media,Monthly,2023-02-03,,2,614,293,USA
2023-12-30,U02355,Social Media,Free Trial,2024-01-03,,3,30,413,UK
2023-11-18,U02356,Organic,Annual,2023-11-26,,3,96,1014,France
2023-12-18,U02357,Referral,Inactive,2023-12-26,2024-01-12,0,0,456,USA
2023-03-10,U02358,Organic,Inactive,2023-03-23,2023-05-13,0,0,170,Germany
2023-08-29,U02359,PPC,Free Trial,2023-09-12,,5,1985,45,UK
2023-06-13,U02360,Organic,Inactive,2023-06-26,2023-07-29,0,0,390,Germany
2023-04-29,U02361,Organic,Annual,2023-05-04,,9,1773,586,Germany
2023-06-14,U02362,PPC,Monthly,2023-06-16,,6,162,327,UK
2023-09-02,U02363,Organic,Monthly,2023-09-12,,6,2736,205,Brazil
2023-02-25,U02364,PPC,Inactive,2023-03-10,2023-04-05,0,0,160,India
2023-06-09,U02365,PPC,Monthly,2023-06-20,,5,290,465,Germany
2023-11-30,U02366,Organic,Monthly,2023-12-14,,7,392,278,Brazil
2023-08-22,U02367,Organic,Monthly,2023-08-24,,3,372,353,UK
2023-10-22,U02368,PPC,Monthly,2023-10-29,,2,96,49,Germany
2023-07-21,U02369,Organic,Free Trial,2023-07-23,,5,1130,247,India
2023-06-21,U02370,Social Media,Inactive,2023-07-01,2023-08-10,0,0,423,UK
2023-01-22,U02371,PPC,Monthly,2023-01-24,,5,1355,389,USA
2023-07-24,U02372,Social Media,Monthly,2023-07-27,,9,1980,231,USA
2023-01-13,U02373,PPC,Free Trial,2023-01-18,,1,62,290,Brazil
2023-08-26,U02374,PPC,Monthly,2023-09-07,,4,1876,234,USA
2023-07-21,U02375,PPC,Free Trial,2023-07-24,,5,1450,466,France
2023-04-28,U02376,Organic,Free Trial,2023-05-06,,2,728,163,Germany
2023-01-15,U02377,Organic,Monthly,2023-01-27,,2,660,289,Germany
2023-08-20,U02378,Social Media,Monthly,2023-08-26,,1,142,362,UK
2023-03-21,U02379,PPC,Monthly,2023-03-25,,8,3664,48,France
2023-07-10,U02380,Social Media,Free Trial,2023-07-23,,2,546,226,Germany
2023-05-07,U02381,Social Media,Monthly,2023-05-19,,3,912,253,UK
2023-01-12,U02382,Social Media,Free Trial,2023-01-18,,2,240,118,India
2023-05-21,U02383,Referral,Inactive,2023-05-30,2023-07-12,0,0,472,Germany
2023-07-30,U02384,PPC,Monthly,2023-08-07,,1,347,70,Brazil
2023-10-15,U02385,Organic,Monthly,2023-10-24,,3,741,498,Germany
2023-12-09,U02386,PPC,Monthly,2023-12-16,,5,1940,442,India
2023-03-12,U02387,Organic,Free Trial,2023-03-15,,1,466,434,India
2023-07-14,U02388,PPC,Inactive,2023-07-23,2023-09-09,0,0,207,Germany
2023-01-02,U02389,Social Media,Free Trial,2023-01-11,,6,1536,285,India
2023-03-08,U02390,PPC,Monthly,2023-03-11,,4,52,181,UK
2023-04-19,U02391,Organic,Monthly,2023-04-22,,7,2611,281,Germany
2023-06-15,U02392,Organic,Free Trial,2023-06-19,,7,2506,414,Germany
2023-10-16,U02393,PPC,Inactive,2023-10-26,2023-12-08,0,0,280,USA
2023-12-15,U02394,Organic,Monthly,2023-12-27,,9,3231,432,Brazil
2023-03-26,U02395,Social Media,Free Trial,2023-04-08,,2,642,51,Germany
2023-08-19,U02396,Organic,Free Trial,2023-08-24,,8,1456,198,USA
2023-12-07,U02397,Organic,Free Trial,2023-12-09,,8,1616,269,India
2023-06-06,U02398,Organic,Inactive,2023-06-08,2023-06-29,0,0,161,Brazil
2023-04-27,U02399,PPC,Monthly,2023-04-28,,6,1722,140,Brazil
2023-05-24,U02400,PPC,Free Trial,2023-05-26,,6,2790,123,India
2023-08-07,U02401,Organic,Free Trial,2023-08-12,,5,325,394,UK
2023-11-01,U02402,Organic,Monthly,2023-11-07,,1,283,231,USA
2023-02-22,U02403,PPC,Monthly,2023-03-07,,3,1254,406,Germany
2023-12-17,U02404,Organic,Monthly,2023-12-27,,7,1295,63,USA
2023-02-18,U02405,PPC,Monthly,2023-02-23,,8,1000,347,India
2023-11-30,U02406,PPC,Free Trial,2023-12-02,,2,186,305,India
2023-12-07,U02407,Organic,Monthly,2023-12-21,,3,504,392,UK
2023-06-14,U02408,Organic,Inactive,2023-06-15,2023-07-22,0,0,404,Brazil
2023-07-05,U02409,Referral,Free Trial,2023-07-09,,5,445,51,Brazil
2023-04-04,U02410,PPC,Monthly,2023-04-07,,3,225,102,India
2023-06-10,U02411,PPC,Monthly,2023-06-21,,5,1090,269,USA
2023-05-07,U02412,Organic,Monthly,2023-05-16,,8,152,290,Brazil
2023-02-25,U02413,PPC,Free Trial,2023-03-07,,8,1664,365,Germany
2023-02-01,U02414,Organic,Inactive,2023-02-04,2023-03-19,0,0,429,Germany
2023-03-08,U02415,PPC,Monthly,2023-03-17,,6,1458,201,USA
2023-11-12,U02416,Referral,Monthly,2023-11-15,,4,1264,134,UK
2023-04-21,U02417,Organic,Monthly,2023-04-27,,9,2277,437,Germany
2023-09-07,U02418,Organic,Free Trial,2023-09-10,,2,776,305,USA
2023-04-21,U02419,Organic,Free Trial,2023-04-27,,8,3216,357,USA
2023-11-11,U02420,Organic,Annual,2023-11-21,,1,63,1381,India
2023-12-25,U02421,Organic,Free Trial,2024-01-07,,6,2730,401,Brazil
2023-03-08,U02422,Organic,Monthly,2023-03-12,,1,346,350,India
2023-04-05,U02423,Social Media,Monthly,2023-04-11,,2,804,44,Brazil
2023-08-03,U02424,PPC,Monthly,2023-08-13,,3,54,437,UK
2023-03-07,U02425,Organic,Monthly,2023-03-13,,9,990,411,UK
2023-11-08,U02426,Referral,Monthly,2023-11-11,,5,2085,56,UK
2022-12-31,U02427,Organic,Free Trial,2023-01-08,,2,608,162,USA
2023-05-25,U02428,Referral,Monthly,2023-06-08,,5,1060,247,USA
2023-02-22,U02429,Organic,Monthly,2023-02-23,,5,2005,434,India
2023-03-27,U02430,Social Media,Monthly,2023-04-10,,1,162,14,Germany
2023-07-16,U02431,PPC,Free Trial,2023-07-23,,3,357,457,Brazil
2023-02-06,U02432,Social Media,Monthly,2023-02-15,,5,1655,455,Brazil
2023-12-29,U02433,Referral,Free Trial,2024-01-12,,9,2475,134,UK
2023-05-07,U02434,Organic,Free Trial,2023-05-17,,1,382,376,Brazil
2023-07-06,U02435,Referral,Free Trial,2023-07-13,,8,1288,337,France
2023-10-05,U02436,Organic,Inactive,2023-10-14,2023-11-18,0,0,96,UK
2023-04-28,U02437,Organic,Free Trial,2023-05-11,,9,828,12,Brazil
2023-07-01,U02438,Organic,Free Trial,2023-07-13,,6,2712,174,India
2023-01-09,U02439,PPC,Free Trial,2023-01-23,,1,424,232,Brazil
2023-06-19,U02440,Organic,Free Trial,2023-06-30,,8,3232,358,USA
2023-09-26,U02441,PPC,Monthly,2023-10-10,,5,715,306,India
2023-05-10,U02442,PPC,Free Trial,2023-05-17,,7,2345,413,India
2023-01-18,U02443,Social Media,Free Trial,2023-01-26,,7,1183,460,India
2023-01-08,U02444,Social Media,Monthly,2023-01-17,,7,336,352,France
2023-01-23,U02445,PPC,Monthly,2023-01-28,,6,1110,433,France
2023-01-14,U02446,Organic,Annual,2023-01-16,,8,176,986,Brazil
2023-12-08,U02447,Organic,Monthly,2023-12-13,,9,2916,470,UK
2023-12-06,U02448,Organic,Free Trial,2023-12-18,,2,152,401,Brazil
2023-11-17,U02449,Organic,Monthly,2023-11-25,,7,3143,398,Brazil
2023-03-11,U02450,Organic,Free Trial,2023-03-17,,2,514,34,Brazil
2023-09-28,U02451,Organic,Monthly,2023-10-02,,6,300,48,USA
2023-08-30,U02452,Referral,Monthly,2023-09-02,,2,386,430,India
2023-05-16,U02453,PPC,Free Trial,2023-05-22,,6,264,390,Germany
2023-04-11,U02454,Organic,Monthly,2023-04-15,,2,862,114,UK
2023-07-14,U02455,PPC,Inactive,2023-07-28,2023-09-13,0,0,14,UK
2023-06-21,U02456,Organic,Inactive,2023-07-02,2023-08-27,0,0,145,India
2023-11-19,U02457,PPC,Monthly,2023-11-26,,3,897,13,UK
2023-08-21,U02458,PPC,Monthly,2023-09-01,,4,340,178,India
2023-01-18,U02459,PPC,Free Trial,2023-01-23,,6,2886,325,UK
2023-06-17,U02460,PPC,Free Trial,2023-06-26,,5,395,319,Brazil
2023-02-05,U02461,Referral,Monthly,2023-02-18,,4,972,415,USA
2023-01-28,U02462,Social Media,Monthly,2023-02-06,,9,180,87,UK
2023-06-02,U02463,PPC,Inactive,2023-06-11,2023-07-23,0,0,28,UK
2023-09-22,U02464,PPC,Monthly,2023-10-02,,6,1752,214,Germany
2023-08-15,U02465,PPC,Monthly,2023-08-17,,2,626,364,USA
2023-04-07,U02466,Organic,Monthly,2023-04-10,,6,198,333,Brazil
2023-03-18,U02467,Organic,Inactive,2023-03-20,2023-05-14,0,0,42,USA
2023-05-02,U02468,Organic,Monthly,2023-05-15,,8,288,159,USA
2023-11-21,U02469,PPC,Monthly,2023-12-05,,8,504,202,UK
2023-03-04,U02470,PPC,Monthly,2023-03-08,,9,576,148,France
2023-02-27,U02471,Organic,Inactive,2023-03-12,2023-05-09,0,0,281,UK
2023-08-11,U02472,Referral,Free Trial,2023-08-21,,7,1694,205,India
2023-08-15,U02473,Referral,Inactive,2023-08-27,2023-09-26,0,0,136,Germany
2023-01-27,U02474,Social Media,Monthly,2023-01-30,,1,452,358,USA
2023-10-26,U02475,PPC,Monthly,2023-11-02,,8,3040,240,India
2023-07-13,U02476,Social Media,Monthly,2023-07-20,,4,1708,53,Brazil
2023-06-14,U02477,Organic,Monthly,2023-06-19,,5,645,239,India
2023-06-05,U02478,Social Media,Free Trial,2023-06-17,,6,1404,225,France
2023-05-08,U02479,Organic,Inactive,2023-05-14,2023-06-03,0,0,253,USA
2023-11-08,U02480,Social Media,Monthly,2023-11-14,,5,1320,18,UK
2023-02-14,U02481,Organic,Monthly,2023-02-23,,5,925,259,USA
2023-11-29,U02482,Social Media,Free Trial,2023-12-07,,1,63,209,Germany
2023-09-29,U02483,Referral,Monthly,2023-10-07,,3,465,343,USA
2023-11-17,U02484,Organic,Monthly,2023-11-28,,3,804,88,India
2023-12-03,U02485,PPC,Monthly,2023-12-17,,1,161,254,India
2023-05-26,U02486,Referral,Monthly,2023-06-02,,7,2758,199,UK
2023-09-30,U02487,PPC,Monthly,2023-10-14,,1,271,95,UK
2023-09-01,U02488,Social Media,Inactive,2023-09-08,2023-10-31,0,0,494,UK
2023-05-27,U02489,PPC,Monthly,2023-05-31,,4,1404,280,Brazil
2023-07-29,U02490,Organic,Inactive,2023-08-09,2023-08-29,0,0,271,Germany
2023-04-20,U02491,Organic,Free Trial,2023-04-24,,7,1260,10,Brazil
2023-06-06,U02492,Organic,Monthly,2023-06-12,,5,1940,29,Brazil
2023-12-15,U02493,Social Media,Monthly,2023-12-26,,7,2807,498,Brazil
2023-12-24,U02494,Organic,Monthly,2023-12-27,,9,1854,429,USA
2023-03-12,U02495,PPC,Inactive,2023-03-20,2023-04-12,0,0,139,France
2023-01-13,U02496,PPC,Free Trial,2023-01-18,,1,82,335,USA
2023-05-23,U02497,PPC,Free Trial,2023-05-28,,6,1872,267,UK
2023-12-11,U02498,Social Media,Inactive,2023-12-12,2024-01-01,0,0,140,Germany
2023-04-26,U02499,Referral,Free Trial,2023-05-05,,4,1172,16,Brazil
2023-05-01,U02500,PPC,Monthly,2023-05-12,,8,2488,349,USA
2023-06-16,U02501,Social Media,Monthly,2023-06-22,,5,705,250,India
2023-10-23,U02502,Social Media,Inactive,2023-11-04,2023-12-29,0,0,201,Brazil
2023-09-24,U02503,PPC,Free Trial,2023-09-27,,8,1800,434,USA
2023-08-24,U02504,Referral,Free Trial,2023-09-06,,8,1160,319,India
2023-10-23,U02505,Organic,Monthly,2023-10-24,,1,125,306,USA
2023-08-21,U02506,Organic,Inactive,2023-08-29,2023-09-23,0,0,124,USA
2023-03-01,U02507,Social Media,Monthly,2023-03-12,,5,130,398,Brazil
2023-08-22,U02508,PPC,Monthly,2023-08-24,,8,344,482,USA
2023-08-27,U02509,Social Media,Monthly,2023-09-10,,1,29,111,UK
2023-12-27,U02510,Social Media,Inactive,2024-01-01,2024-02-10,0,0,347,India
2023-10-01,U02511,Organic,Inactive,2023-10-09,2023-11-18,0,0,328,Germany
2023-03-19,U02512,Social Media,Inactive,2023-04-02,2023-05-20,0,0,10,France
2023-08-19,U02513,PPC,Free Trial,2023-08-24,,2,616,34,Brazil
2023-10-01,U02514,PPC,Free Trial,2023-10-11,,3,57,218,India
2023-09-02,U02515,PPC,Monthly,2023-09-06,,4,412,439,UK
2023-04-17,U02516,Referral,Inactive,2023-04-25,2023-05-20,0,0,152,India
2023-03-16,U02517,Organic,Free Trial,2023-03-27,,7,2660,206,Germany
2023-06-03,U02518,PPC,Free Trial,2023-06-08,,3,1254,154,Brazil
2023-09-05,U02519,PPC,Annual,2023-09-14,,3,1176,1991,India
2023-03-06,U02520,Social Media,Free Trial,2023-03-19,,3,1350,190,UK
2023-12-14,U02521,PPC,Monthly,2023-12-26,,8,3000,64,Brazil
2023-04-06,U02522,Organic,Monthly,2023-04-12,,9,4104,480,UK
2023-06-14,U02523,Organic,Monthly,2023-06-19,,2,232,372,Brazil
2023-09-29,U02524,Organic,Annual,2023-10-11,,1,114,1590,France
2023-01-01,U02525,Social Media,Monthly,2023-01-10,,9,720,218,Germany
2023-02-11,U02526,Organic,Monthly,2023-02-21,,6,2640,194,France
2023-02-09,U02527,Organic,Monthly,2023-02-18,,9,837,74,USA
2023-10-22,U02528,Referral,Monthly,2023-10-24,,6,1308,46,UK
2023-03-29,U02529,Organic,Monthly,2023-04-03,,2,536,121,France
2023-01-31,U02530,Referral,Free Trial,2023-02-14,,1,248,272,UK
2023-09-18,U02531,PPC,Free Trial,2023-09-26,,8,2488,85,Brazil
2023-03-19,U02532,Social Media,Free Trial,2023-03-29,,3,723,305,UK
2023-01-24,U02533,Organic,Free Trial,2023-01-29,,1,429,187,USA
2023-08-12,U02534,Organic,Monthly,2023-08-20,,8,2328,263,UK
2023-02-10,U02535,Social Media,Inactive,2023-02-23,2023-04-05,0,0,10,Brazil
2023-05-02,U02536,Social Media,Annual,2023-05-13,,8,3416,1815,Brazil
2023-01-06,U02537,Social Media,Annual,2023-01-17,,1,215,706,France
2023-08-10,U02538,Organic,Monthly,2023-08-17,,9,2457,168,Germany
2023-09-27,U02539,Social Media,Monthly,2023-10-10,,9,2880,333,India
2023-07-27,U02540,Social Media,Monthly,2023-07-31,,9,3204,483,France
2023-02-17,U02541,PPC,Free Trial,2023-03-02,,3,1209,277,USA
2023-04-18,U02542,Social Media,Free Trial,2023-05-02,,4,776,159,India
2023-02-16,U02543,Social Media,Monthly,2023-02-26,,5,615,138,UK
2023-10-07,U02544,PPC,Inactive,2023-10-17,2023-11-11,0,0,135,France
2023-05-03,U02545,Organic,Free Trial,2023-05-16,,9,3294,10,India
2023-07-10,U02546,PPC,Free Trial,2023-07-23,,4,1404,396,France
2023-09-18,U02547,Organic,Annual,2023-09-20,,6,1860,1125,UK
2023-05-30,U02548,PPC,Free Trial,2023-06-01,,1,59,469,Brazil
2023-05-17,U02549,PPC,Inactive,2023-05-18,2023-06-26,0,0,158,France
2023-10-18,U02550,Organic,Annual,2023-10-25,,8,832,1028,USA
2023-06-15,U02551,Organic,Inactive,2023-06-25,2023-08-06,0,0,198,India
2023-09-29,U02552,Organic,Monthly,2023-10-03,,7,3066,150,India
2023-03-27,U02553,Social Media,Monthly,2023-04-03,,4,1440,114,India
2023-11-13,U02554,Referral,Monthly,2023-11-22,,9,639,475,France
2023-07-03,U02555,Organic,Monthly,2023-07-04,,9,1359,261,UK
2023-07-29,U02556,Referral,Monthly,2023-08-02,,4,1356,426,France
2023-11-30,U02557,PPC,Free Trial,2023-12-04,,8,1848,399,France
2023-12-14,U02558,Organic,Monthly,2023-12-26,,6,2190,290,Brazil
2023-01-20,U02559,Organic,Monthly,2023-01-21,,1,120,416,India
2023-11-12,U02560,PPC,Inactive,2023-11-19,2024-01-11,0,0,353,UK
2023-03-30,U02561,Social Media,Annual,2023-04-09,,1,24,567,Germany
2023-11-15,U02562,Social Media,Monthly,2023-11-17,,3,837,291,UK
2023-02-27,U02563,Organic,Free Trial,2023-03-08,,8,1344,397,France
2023-11-02,U02564,Organic,Annual,2023-11-03,,9,1494,1600,USA
2023-10-02,U02565,PPC,Monthly,2023-10-12,,3,108,172,UK
2023-03-13,U02566,Organic,Inactive,2023-03-18,2023-04-23,0,0,212,India
2023-08-08,U02567,Organic,Inactive,2023-08-22,2023-09-10,0,0,109,USA
2023-03-21,U02568,Organic,Free Trial,2023-03-28,,7,1995,290,Germany
2023-09-09,U02569,Social Media,Inactive,2023-09-19,2023-10-07,0,0,413,Germany
2023-12-02,U02570,Referral,Free Trial,2023-12-12,,1,195,266,USA
2023-08-12,U02571,PPC,Monthly,2023-08-16,,6,528,103,Germany
2023-05-22,U02572,Referral,Monthly,2023-06-05,,6,1350,333,USA
2023-01-03,U02573,Organic,Free Trial,2023-01-17,,4,1768,288,France
2023-04-24,U02574,PPC,Annual,2023-04-26,,7,462,1470,USA
2023-07-16,U02575,Organic,Free Trial,2023-07-30,,7,1071,371,France
2023-04-19,U02576,PPC,Free Trial,2023-05-01,,9,3285,159,India
2023-05-04,U02577,Referral,Monthly,2023-05-09,,1,340,360,India
2023-05-30,U02578,PPC,Annual,2023-06-03,,5,2005,699,Germany
2023-08-20,U02579,Organic,Inactive,2023-09-02,2023-09-25,0,0,138,Brazil
2023-10-15,U02580,PPC,Annual,2023-10-22,,7,1988,1046,Brazil
2023-11-07,U02581,Organic,Monthly,2023-11-18,,4,456,77,USA
2023-05-23,U02582,Social Media,Monthly,2023-05-24,,4,1840,412,France
2023-08-17,U02583,PPC,Free Trial,2023-08-28,,1,429,39,India
2023-10-05,U02584,PPC,Free Trial,2023-10-13,,1,482,394,India
2023-04-05,U02585,PPC,Monthly,2023-04-14,,2,394,313,India
2023-10-23,U02586,PPC,Monthly,2023-10-26,,2,346,284,Germany
2023-03-23,U02587,Organic,Monthly,2023-04-01,,1,276,136,India
2023-03-03,U02588,PPC,Annual,2023-03-07,,8,480,1095,Brazil
2023-05-02,U02589,Organic,Monthly,2023-05-05,,6,810,222,UK
2023-11-14,U02590,Social Media,Free Trial,2023-11-23,,6,534,415,Germany
2023-10-23,U02591,Social Media,Free Trial,2023-10-26,,9,1728,315,USA
2023-04-03,U02592,Social Media,Inactive,2023-04-07,2023-05-06,0,0,459,UK
2023-11-19,U02593,PPC,Annual,2023-11-21,,4,104,624,Germany
2023-12-17,U02594,PPC,Inactive,2023-12-30,2024-01-29,0,0,457,Germany
2023-09-30,U02595,Organic,Free Trial,2023-10-13,,8,1432,414,France
2023-02-24,U02596,Social Media,Inactive,2023-03-05,2023-04-05,0,0,490,UK
2023-01-24,U02597,Organic,Free Trial,2023-02-03,,7,2870,412,UK
2023-11-06,U02598,PPC,Free Trial,2023-11-18,,8,2504,228,Brazil
2023-02-16,U02599,Organic,Inactive,2023-02-17,2023-03-28,0,0,430,UK
2023-03-14,U02600,Organic,Free Trial,2023-03-26,,8,1784,328,India
2023-11-01,U02601,PPC,Monthly,2023-11-09,,7,1449,166,Brazil
2023-01-05,U02602,Organic,Free Trial,2023-01-18,,3,48,197,India
2023-05-19,U02603,Social Media,Monthly,2023-05-28,,2,814,485,Brazil
2023-10-04,U02604,Organic,Inactive,2023-10-16,2023-12-15,0,0,171,USA
2023-01-25,U02605,Organic,Monthly,2023-02-01,,4,84,138,Brazil
2023-01-30,U02606,PPC,Monthly,2023-02-03,,4,476,313,USA
2023-12-11,U02607,Organic,Free Trial,2023-12-20,,6,852,98,Brazil
2023-06-02,U02608,Organic,Monthly,2023-06-13,,7,2786,392,USA
2023-03-02,U02609,Social Media,Monthly,2023-03-10,,4,548,414,India
2023-12-23,U02610,Organic,Free Trial,2023-12-28,,6,942,171,Brazil
2023-05-10,U02611,Social Media,Monthly,2023-05-17,,9,567,419,France
2023-09-29,U02612,Organic,Free Trial,2023-10-03,,6,1920,45,Brazil
2023-05-04,U02613,Organic,Inactive,2023-05-05,2023-06-14,0,0,236,USA
2023-09-28,U02614,Social Media,Monthly,2023-10-01,,1,88,160,Germany
2023-07-23,U02615,Organic,Free Trial,2023-08-06,,5,1775,90,India
2023-04-15,U02616,Organic,Monthly,2023-04-17,,3,318,56,France
2023-03-05,U02617,Organic,Monthly,2023-03-10,,8,2064,499,Germany
2023-08-15,U02618,Organic,Annual,2023-08-17,,1,136,988,Germany
2023-01-17,U02619,Social Media,Inactive,2023-01-25,2023-02-11,0,0,437,India
2023-10-16,U02620,Organic,Monthly,2023-10-26,,3,99,157,Brazil
2023-11-13,U02621,Social Media,Inactive,2023-11-27,2023-12-24,0,0,240,UK
2023-04-06,U02622,Social Media,Monthly,2023-04-14,,8,1680,36,France
2023-04-03,U02623,PPC,Free Trial,2023-04-08,,5,700,499,Brazil
2023-11-13,U02624,Referral,Monthly,2023-11-20,,8,1048,198,India
2023-09-03,U02625,Organic,Monthly,2023-09-16,,6,2190,174,UK
2023-07-05,U02626,Referral,Monthly,2023-07-14,,2,882,221,India
2023-12-25,U02627,Organic,Inactive,2024-01-05,2024-02-09,0,0,317,India
2022-12-31,U02628,PPC,Monthly,2023-01-12,,9,1431,84,Germany
2023-08-10,U02629,PPC,Inactive,2023-08-14,2023-09-30,0,0,101,Brazil
2023-02-25,U02630,Organic,Annual,2023-03-10,,5,1565,1971,India
2023-03-03,U02631,PPC,Monthly,2023-03-12,,5,190,75,Brazil
2023-07-21,U02632,Social Media,Monthly,2023-07-31,,8,472,417,UK
2023-07-25,U02633,Organic,Monthly,2023-08-08,,6,2838,89,Germany
2023-11-05,U02634,Organic,Inactive,2023-11-13,2024-01-04,0,0,149,UK
2023-12-05,U02635,Social Media,Monthly,2023-12-10,,6,2946,409,UK
2023-10-19,U02636,PPC,Free Trial,2023-11-02,,5,2015,429,Germany
2023-09-24,U02637,Referral,Monthly,2023-10-02,,5,2320,139,Brazil
2023-12-03,U02638,Social Media,Monthly,2023-12-04,,3,1446,482,UK
2023-01-18,U02639,Referral,Free Trial,2023-01-29,,7,2044,263,USA
2023-03-13,U02640,Social Media,Free Trial,2023-03-18,,5,1720,455,Brazil
2023-12-21,U02641,Organic,Monthly,2023-12-30,,7,2527,329,India
2023-09-14,U02642,Organic,Monthly,2023-09-23,,2,330,38,Germany
2023-11-29,U02643,Social Media,Monthly,2023-12-13,,9,1314,485,Germany
2023-07-11,U02644,PPC,Free Trial,2023-07-15,,8,2688,211,Brazil
2023-11-09,U02645,Organic,Free Trial,2023-11-16,,5,1725,246,USA
2023-08-12,U02646,Organic,Monthly,2023-08-20,,2,326,96,USA
2023-05-07,U02647,Referral,Monthly,2023-05-21,,6,2952,105,USA
2023-06-26,U02648,PPC,Free Trial,2023-07-07,,8,720,296,USA
2023-07-26,U02649,PPC,Monthly,2023-07-28,,7,672,348,France
2023-11-02,U02650,PPC,Monthly,2023-11-16,,8,2184,408,Germany
2023-06-13,U02651,Organic,Free Trial,2023-06-24,,4,1068,448,UK
2023-10-17,U02652,Organic,Free Trial,2023-10-28,,3,1464,298,Germany
2023-09-26,U02653,Organic,Free Trial,2023-10-03,,7,1358,261,Germany
2023-11-07,U02654,Organic,Inactive,2023-11-14,2023-12-27,0,0,474,Germany
2023-11-22,U02655,Social Media,Annual,2023-11-25,,5,975,1451,USA
2023-04-07,U02656,PPC,Annual,2023-04-11,,7,924,673,USA
2023-01-03,U02657,Social Media,Annual,2023-01-10,,1,386,1568,France
2023-11-08,U02658,Social Media,Monthly,2023-11-18,,4,420,82,Brazil
2023-08-06,U02659,Organic,Monthly,2023-08-16,,2,204,431,Germany
2023-11-04,U02660,PPC,Monthly,2023-11-11,,6,72,140,India
2023-01-10,U02661,PPC,Free Trial,2023-01-15,,1,401,191,Brazil
2023-02-11,U02662,Social Media,Monthly,2023-02-25,,7,3164,203,France
2023-04-16,U02663,Organic,Annual,2023-04-29,,3,33,549,USA
2023-06-24,U02664,PPC,Monthly,2023-06-27,,1,488,480,Germany
2023-04-26,U02665,PPC,Monthly,2023-05-08,,8,3640,135,USA
2023-10-14,U02666,Organic,Free Trial,2023-10-20,,7,2660,220,Brazil
2023-05-19,U02667,Organic,Monthly,2023-05-26,,2,628,16,UK
2023-10-30,U02668,PPC,Monthly,2023-10-31,,7,2562,428,USA
2023-10-06,U02669,Social Media,Inactive,2023-10-10,2023-11-19,0,0,389,USA
2023-07-26,U02670,Organic,Monthly,2023-07-28,,9,2646,123,France
2023-09-09,U02671,PPC,Annual,2023-09-12,,8,1232,1554,UK
2023-02-24,U02672,Organic,Monthly,2023-03-01,,5,1695,93,Brazil
2023-04-08,U02673,Social Media,Inactive,2023-04-09,2023-06-05,0,0,348,India
2023-05-02,U02674,Organic,Monthly,2023-05-09,,3,1245,370,India
2023-01-28,U02675,Social Media,Monthly,2023-02-10,,1,271,473,India
2023-09-21,U02676,Organic,Monthly,2023-09-28,,1,71,111,Germany
2023-06-10,U02677,Organic,Annual,2023-06-19,,2,470,1972,India
2023-11-05,U02678,Organic,Inactive,2023-11-17,2024-01-09,0,0,102,Germany
2023-11-01,U02679,Organic,Free Trial,2023-11-10,,1,199,325,Brazil
2023-12-19,U02680,PPC,Free Trial,2023-12-31,,5,1920,111,Brazil
2023-05-21,U02681,Organic,Inactive,2023-05-29,2023-07-04,0,0,260,USA
2023-04-12,U02682,Social Media,Monthly,2023-04-14,,9,189,33,India
2023-06-10,U02683,Organic,Monthly,2023-06-22,,2,400,494,France
2023-10-21,U02684,Organic,Monthly,2023-10-30,,7,2863,486,Brazil
2022-12-31,U02685,Organic,Free Trial,2023-01-07,,1,34,488,UK
2023-12-30,U02686,Organic,Annual,2024-01-11,,3,1245,1663,UK
2023-04-30,U02687,Organic,Annual,2023-05-07,,6,600,1201,Brazil
2023-03-19,U02688,PPC,Monthly,2023-03-26,,9,873,149,USA
2023-05-27,U02689,PPC,Monthly,2023-06-07,,2,682,103,UK
2023-02-05,U02690,PPC,Inactive,2023-02-18,2023-03-21,0,0,190,UK
2023-06-21,U02691,PPC,Free Trial,2023-07-05,,4,1240,73,USA
2023-06-09,U02692,PPC,Inactive,2023-06-14,2023-08-01,0,0,13,USA
2023-06-01,U02693,Organic,Free Trial,2023-06-15,,3,267,103,USA
2023-10-12,U02694,PPC,Monthly,2023-10-24,,6,1998,398,France
2023-06-08,U02695,Referral,Inactive,2023-06-09,2023-07-12,0,0,281,USA
2023-12-18,U02696,PPC,Monthly,2023-12-27,,8,3536,292,USA
2023-07-12,U02697,PPC,Monthly,2023-07-18,,9,3834,141,USA
2023-09-25,U02698,Organic,Monthly,2023-09-29,,4,892,81,Brazil
2023-08-01,U02699,Social Media,Monthly,2023-08-14,,4,1824,313,India
2023-04-01,U02700,Social Media,Free Trial,2023-04-13,,9,243,401,Brazil
2023-08-02,U02701,PPC,Inactive,2023-08-06,2023-09-01,0,0,90,India
2023-04-26,U02702,Referral,Annual,2023-05-07,,2,754,866,France
2023-07-24,U02703,Organic,Monthly,2023-07-29,,8,848,309,France
2023-07-10,U02704,Organic,Monthly,2023-07-11,,1,292,460,UK
2023-12-02,U02705,Social Media,Free Trial,2023-12-16,,9,2187,484,Brazil
2023-02-11,U02706,Social Media,Free Trial,2023-02-23,,9,4284,61,India
2023-05-16,U02707,Organic,Monthly,2023-05-25,,8,1992,299,France
2023-08-28,U02708,Organic,Annual,2023-09-08,,5,1715,965,France
2023-11-17,U02709,Organic,Monthly,2023-11-23,,5,2090,246,Brazil
2023-08-22,U02710,Organic,Inactive,2023-09-05,2023-09-30,0,0,286,UK
2023-12-24,U02711,Social Media,Free Trial,2024-01-03,,5,1765,289,USA
2023-08-06,U02712,PPC,Monthly,2023-08-14,,4,1980,53,Germany
2023-07-14,U02713,Organic,Free Trial,2023-07-26,,1,453,379,UK
2023-09-18,U02714,Organic,Monthly,2023-09-24,,9,567,263,Germany
2023-05-19,U02715,Organic,Free Trial,2023-05-24,,4,384,434,UK
2023-05-15,U02716,Organic,Inactive,2023-05-23,2023-06-14,0,0,422,UK
2023-01-22,U02717,PPC,Free Trial,2023-01-24,,6,1470,368,USA
2023-10-11,U02718,Referral,Inactive,2023-10-13,2023-11-05,0,0,143,France
2023-10-02,U02719,Social Media,Monthly,2023-10-04,,5,2145,65,India
2023-10-02,U02720,Organic,Inactive,2023-10-16,2023-12-07,0,0,23,UK
2023-05-17,U02721,Social Media,Monthly,2023-05-21,,2,450,187,USA
2023-06-10,U02722,Social Media,Inactive,2023-06-12,2023-08-11,0,0,471,Germany
2023-11-18,U02723,Social Media,Free Trial,2023-11-21,,6,1236,110,Brazil
2023-11-16,U02724,PPC,Annual,2023-11-24,,2,96,841,Brazil
2023-08-02,U02725,Organic,Inactive,2023-08-08,2023-09-21,0,0,481,France
2023-11-13,U02726,Organic,Free Trial,2023-11-25,,8,2992,470,Brazil
2023-05-21,U02727,Organic,Free Trial,2023-05-23,,1,237,266,UK
2023-11-22,U02728,Organic,Monthly,2023-11-25,,1,246,277,Germany
2023-08-25,U02729,Organic,Inactive,2023-09-07,2023-09-28,0,0,380,UK
2023-09-23,U02730,PPC,Monthly,2023-10-01,,4,1356,371,Brazil
2023-06-25,U02731,Social Media,Monthly,2023-07-07,,4,1320,417,India
2023-08-07,U02732,PPC,Free Trial,2023-08-20,,8,3824,46,Brazil
2023-09-19,U02733,Organic,Free Trial,2023-09-28,,1,177,477,India
2023-10-24,U02734,Referral,Inactive,2023-11-07,2023-12-27,0,0,463,Brazil
2023-04-04,U02735,Referral,Free Trial,2023-04-09,,1,46,213,France
2023-02-24,U02736,Social Media,Monthly,2023-03-01,,9,684,478,Germany
2023-02-16,U02737,Referral,Inactive,2023-02-18,2023-04-19,0,0,268,India
2023-12-29,U02738,PPC,Free Trial,2024-01-04,,7,2968,164,USA
2023-02-18,U02739,Referral,Monthly,2023-02-20,,8,1824,247,France
2023-09-13,U02740,Organic,Free Trial,2023-09-16,,1,218,318,UK
2023-05-18,U02741,Organic,Monthly,2023-05-26,,5,1950,109,Brazil
2023-12-18,U02742,Organic,Free Trial,2023-12-28,,2,192,282,Germany
2023-06-29,U02743,Organic,Annual,2023-07-09,,1,470,1136,Germany
2023-07-21,U02744,Organic,Monthly,2023-07-24,,3,936,119,Brazil
2023-01-19,U02745,PPC,Monthly,2023-01-26,,7,2940,152,USA
2023-11-23,U02746,Social Media,Monthly,2023-12-03,,1,188,176,India
2023-05-22,U02747,PPC,Free Trial,2023-05-27,,2,826,269,Brazil
2023-08-26,U02748,Organic,Annual,2023-09-08,,2,44,948,Germany
2023-08-23,U02749,Social Media,Monthly,2023-08-30,,4,1824,239,USA
2023-06-28,U02750,PPC,Monthly,2023-07-08,,3,927,404,USA
2023-08-23,U02751,Organic,Free Trial,2023-08-29,,3,1251,277,UK
2023-06-27,U02752,PPC,Monthly,2023-07-07,,5,670,41,USA
2023-06-08,U02753,Organic,Free Trial,2023-06-18,,3,1152,420,France
2023-07-06,U02754,Organic,Monthly,2023-07-20,,7,1694,437,Germany
2023-01-23,U02755,Referral,Free Trial,2023-01-28,,5,1300,308,France
2023-12-10,U02756,Organic,Annual,2023-12-21,,4,1584,1696,USA
2023-04-10,U02757,PPC,Free Trial,2023-04-20,,3,405,186,USA
2023-07-25,U02758,Social Media,Inactive,2023-08-06,2023-10-04,0,0,113,France
2023-01-11,U02759,Social Media,Inactive,2023-01-21,2023-02-21,0,0,245,UK
2023-03-20,U02760,Organic,Free Trial,2023-04-03,,1,458,102,USA
2023-06-08,U02761,Organic,Monthly,2023-06-12,,3,174,210,France
2023-11-27,U02762,Organic,Free Trial,2023-12-09,,2,778,308,France
2023-05-17,U02763,PPC,Monthly,2023-05-27,,1,195,396,Germany
2023-10-12,U02764,PPC,Annual,2023-10-16,,1,214,664,UK
2023-12-11,U02765,Organic,Monthly,2023-12-15,,2,174,422,India
2023-10-10,U02766,Referral,Monthly,2023-10-16,,9,4410,264,France
2023-06-07,U02767,PPC,Free Trial,2023-06-19,,5,1975,94,Germany
2023-10-12,U02768,Organic,Monthly,2023-10-14,,9,1827,44,India
2023-03-27,U02769,PPC,Free Trial,2023-03-28,,8,896,126,Germany
2023-04-02,U02770,PPC,Annual,2023-04-13,,6,684,1147,Germany
2023-07-24,U02771,Organic,Monthly,2023-07-28,,1,385,467,Brazil
2023-01-15,U02772,Organic,Annual,2023-01-28,,5,1480,1318,UK
2023-02-17,U02773,Social Media,Free Trial,2023-03-01,,1,333,432,USA
2023-03-07,U02774,PPC,Monthly,2023-03-14,,7,3437,482,UK
2023-10-02,U02775,PPC,Monthly,2023-10-14,,8,1760,417,India
2023-06-08,U02776,PPC,Free Trial,2023-06-17,,8,2072,285,Brazil
2023-02-11,U02777,Organic,Monthly,2023-02-17,,7,2114,408,UK
2023-06-09,U02778,Organic,Inactive,2023-06-14,2023-07-27,0,0,94,USA
2023-04-04,U02779,PPC,Inactive,2023-04-05,2023-05-27,0,0,126,UK
2023-12-07,U02780,Organic,Monthly,2023-12-18,,4,1880,371,UK
2023-07-24,U02781,Organic,Monthly,2023-07-29,,5,1545,213,UK
2023-04-14,U02782,Social Media,Free Trial,2023-04-26,,9,4383,155,France
2023-09-25,U02783,Referral,Inactive,2023-10-07,2023-11-01,0,0,453,France
2023-02-19,U02784,Social Media,Free Trial,2023-03-03,,8,2448,224,UK
2023-08-14,U02785,Social Media,Inactive,2023-08-17,2023-09-07,0,0,114,USA
2023-12-17,U02786,Organic,Monthly,2023-12-27,,2,376,358,USA
2023-10-26,U02787,Referral,Monthly,2023-10-28,,6,1842,306,USA
2023-10-23,U02788,Organic,Inactive,2023-10-28,2023-12-18,0,0,365,USA
2023-01-22,U02789,Referral,Free Trial,2023-01-27,,2,430,78,Brazil
2023-01-12,U02790,Referral,Monthly,2023-01-19,,4,196,496,Brazil
2023-10-13,U02791,Social Media,Monthly,2023-10-15,,7,2191,483,Germany
2023-10-10,U02792,Referral,Free Trial,2023-10-14,,1,122,264,UK
2023-04-09,U02793,PPC,Monthly,2023-04-15,,9,3141,240,UK
2023-03-05,U02794,Organic,Monthly,2023-03-17,,1,13,212,Germany
2023-10-10,U02795,PPC,Annual,2023-10-20,,5,2475,1401,USA
2023-06-11,U02796,PPC,Free Trial,2023-06-25,,7,819,404,India
2023-11-24,U02797,Organic,Inactive,2023-12-01,2023-12-20,0,0,257,India
2023-03-25,U02798,PPC,Free Trial,2023-04-01,,2,246,449,Germany
2023-07-21,U02799,Referral,Free Trial,2023-07-27,,4,704,411,India
2023-11-22,U02800,Organic,Free Trial,2023-12-06,,2,540,405,France
2023-04-22,U02801,Social Media,Free Trial,2023-04-23,,4,460,258,UK
2023-09-06,U02802,Referral,Free Trial,2023-09-15,,6,1398,153,India
2023-11-23,U02803,Referral,Inactive,2023-12-01,2023-12-18,0,0,292,Brazil
2023-02-12,U02804,Referral,Monthly,2023-02-24,,2,520,365,Brazil
2023-06-11,U02805,PPC,Free Trial,2023-06-18,,4,92,410,France
2023-05-11,U02806,Referral,Free Trial,2023-05-17,,4,828,250,UK
2023-06-08,U02807,Social Media,Annual,2023-06-11,,1,135,791,France
2023-05-06,U02808,Organic,Inactive,2023-05-14,2023-06-20,0,0,384,UK
2023-02-14,U02809,PPC,Free Trial,2023-02-23,,3,447,238,UK
2023-04-17,U02810,Social Media,Free Trial,2023-04-19,,5,355,40,India
2023-05-07,U02811,Organic,Free Trial,2023-05-09,,8,2336,118,Brazil
2023-09-28,U02812,PPC,Free Trial,2023-10-10,,6,378,428,Germany
2023-09-10,U02813,PPC,Free Trial,2023-09-20,,3,1065,36,India
2023-08-27,U02814,Organic,Monthly,2023-09-03,,6,126,352,USA
2023-07-27,U02815,PPC,Free Trial,2023-08-09,,7,1015,169,France
2023-11-29,U02816,Social Media,Monthly,2023-12-06,,6,2034,26,USA
2023-09-25,U02817,PPC,Free Trial,2023-09-30,,6,918,276,UK
2023-12-02,U02818,Organic,Inactive,2023-12-16,2023-12-31,0,0,138,India
2023-09-30,U02819,Organic,Inactive,2023-10-07,2023-11-16,0,0,229,USA
2023-11-25,U02820,Organic,Monthly,2023-11-30,,7,1015,91,USA
2023-05-21,U02821,Referral,Monthly,2023-05-26,,4,1992,58,Brazil
2023-03-26,U02822,Organic,Monthly,2023-03-28,,4,1240,50,USA
2023-02-21,U02823,PPC,Monthly,2023-02-28,,7,1610,29,Brazil
2023-11-30,U02824,Organic,Annual,2023-12-06,,9,3141,1061,Brazil
2023-04-09,U02825,Organic,Monthly,2023-04-19,,2,436,46,UK
2023-01-14,U02826,Social Media,Inactive,2023-01-19,2023-02-07,0,0,391,Brazil
2023-07-29,U02827,Social Media,Inactive,2023-08-06,2023-08-26,0,0,409,UK
2023-04-13,U02828,Organic,Monthly,2023-04-17,,6,2208,48,Brazil
2023-02-26,U02829,PPC,Monthly,2023-03-09,,4,1556,118,Brazil
2023-08-25,U02830,Organic,Free Trial,2023-08-31,,1,458,438,UK
2023-11-29,U02831,PPC,Free Trial,2023-12-05,,9,1188,73,USA
2023-04-01,U02832,PPC,Monthly,2023-04-14,,6,750,184,France
2023-09-19,U02833,Organic,Free Trial,2023-09-24,,8,1328,288,India
2023-03-20,U02834,Organic,Inactive,2023-03-31,2023-05-29,0,0,41,India
2023-05-24,U02835,Organic,Free Trial,2023-05-26,,7,182,442,UK
2023-11-29,U02836,Referral,Monthly,2023-12-06,,6,1668,218,USA
2023-03-17,U02837,Referral,Monthly,2023-03-31,,2,716,388,France
2023-06-20,U02838,Organic,Monthly,2023-06-21,,2,982,28,Germany
2023-10-20,U02839,Social Media,Monthly,2023-11-02,,4,912,115,UK
2023-03-23,U02840,Organic,Inactive,2023-04-01,2023-04-27,0,0,491,Germany
2023-08-23,U02841,Organic,Monthly,2023-08-24,,3,741,215,India
2023-04-16,U02842,Social Media,Monthly,2023-04-23,,8,336,256,India
2023-12-30,U02843,Referral,Free Trial,2024-01-02,,7,2058,332,France
2023-03-31,U02844,Referral,Monthly,2023-04-06,,2,92,176,France
2023-05-20,U02845,PPC,Inactive,2023-05-24,2023-06-17,0,0,98,Germany
2023-12-17,U02846,Organic,Monthly,2023-12-30,,9,1980,325,India
2023-06-09,U02847,Social Media,Inactive,2023-06-23,2023-07-26,0,0,20,France
2023-11-19,U02848,Organic,Monthly,2023-11-29,,2,578,58,France
2023-06-22,U02849,PPC,Free Trial,2023-06-29,,3,453,408,India
2023-07-28,U02850,Organic,Free Trial,2023-08-07,,8,1984,393,India
2023-07-22,U02851,PPC,Monthly,2023-07-24,,4,952,476,USA
2023-06-19,U02852,Organic,Monthly,2023-06-22,,2,284,70,Brazil
2023-10-26,U02853,Organic,Annual,2023-11-08,,2,268,1778,France
2023-04-18,U02854,Referral,Free Trial,2023-04-22,,6,372,152,Germany
2023-05-14,U02855,Organic,Monthly,2023-05-16,,8,776,216,UK
2023-05-11,U02856,PPC,Monthly,2023-05-23,,7,749,495,UK
2023-09-17,U02857,Organic,Monthly,2023-09-23,,4,1516,472,India
2023-09-19,U02858,Organic,Free Trial,2023-09-22,,2,208,210,Brazil
2023-04-23,U02859,Organic,Free Trial,2023-04-29,,9,3807,14,Germany
2023-08-05,U02860,Organic,Free Trial,2023-08-12,,4,788,220,USA
2023-02-02,U02861,Social Media,Free Trial,2023-02-08,,9,3465,481,France
2023-10-29,U02862,Organic,Free Trial,2023-11-07,,5,1325,38,USA
2023-10-20,U02863,Referral,Free Trial,2023-10-29,,7,574,199,Germany
2023-11-06,U02864,PPC,Monthly,2023-11-07,,5,2420,197,USA
2023-10-24,U02865,PPC,Monthly,2023-10-26,,2,842,334,India
2023-09-26,U02866,PPC,Inactive,2023-09-30,2023-10-30,0,0,264,UK
2023-09-17,U02867,PPC,Free Trial,2023-09-22,,7,2037,159,India
2023-05-04,U02868,Social Media,Monthly,2023-05-07,,6,162,22,France
2023-08-16,U02869,Organic,Monthly,2023-08-22,,3,519,443,India
2023-01-08,U02870,Organic,Free Trial,2023-01-13,,8,3208,381,Germany
2023-11-20,U02871,Social Media,Inactive,2023-11-22,2024-01-03,0,0,440,Germany
2023-10-10,U02872,Referral,Free Trial,2023-10-21,,5,2385,375,France
2023-06-05,U02873,Social Media,Inactive,2023-06-11,2023-06-28,0,0,166,France
2023-02-17,U02874,PPC,Inactive,2023-03-03,2023-03-18,0,0,89,UK
2023-10-18,U02875,Social Media,Monthly,2023-10-28,,7,1183,365,USA
2023-05-20,U02876,PPC,Monthly,2023-05-22,,7,2506,282,UK
2023-05-07,U02877,PPC,Monthly,2023-05-09,,5,290,157,India
2023-07-22,U02878,Organic,Monthly,2023-07-29,,2,370,215,USA
2023-01-04,U02879,PPC,Monthly,2023-01-10,,5,2375,123,France
2023-03-01,U02880,Organic,Free Trial,2023-03-07,,7,2352,15,Germany
2023-05-16,U02881,Organic,Free Trial,2023-05-29,,7,518,287,India
2023-02-11,U02882,Social Media,Monthly,2023-02-14,,4,1940,241,UK
2023-01-13,U02883,Organic,Monthly,2023-01-23,,1,298,146,Brazil
2023-09-29,U02884,Organic,Inactive,2023-09-30,2023-10-20,0,0,169,Brazil
2023-10-10,U02885,Organic,Free Trial,2023-10-23,,3,39,353,France
2023-11-28,U02886,Referral,Inactive,2023-12-06,2024-01-04,0,0,298,USA
2023-11-13,U02887,PPC,Free Trial,2023-11-21,,4,1396,214,Brazil
2023-02-15,U02888,PPC,Monthly,2023-02-18,,2,764,492,USA
2023-04-25,U02889,Social Media,Monthly,2023-05-02,,7,1211,335,Germany
2023-05-18,U02890,Social Media,Monthly,2023-05-24,,5,1160,314,France
2023-12-12,U02891,Organic,Free Trial,2023-12-14,,7,2569,369,France
2023-05-09,U02892,PPC,Monthly,2023-05-11,,9,1485,167,India
2023-06-05,U02893,Social Media,Inactive,2023-06-08,2023-07-28,0,0,367,India
2023-05-19,U02894,PPC,Monthly,2023-05-20,,5,1355,409,USA
2023-10-30,U02895,Organic,Monthly,2023-11-02,,9,1638,458,Brazil
2023-08-06,U02896,Social Media,Inactive,2023-08-18,2023-09-18,0,0,115,Brazil
2023-07-16,U02897,PPC,Annual,2023-07-28,,5,2000,1397,UK
2023-06-30,U02898,Organic,Monthly,2023-07-05,,5,1925,351,USA
2023-02-13,U02899,PPC,Free Trial,2023-02-27,,8,560,483,Brazil
2023-08-05,U02900,Organic,Inactive,2023-08-12,2023-09-24,0,0,279,India
2023-11-21,U02901,Organic,Monthly,2023-12-02,,4,1320,449,India
2023-05-21,U02902,Social Media,Free Trial,2023-06-04,,7,1001,430,India
2023-05-20,U02903,Organic,Free Trial,2023-06-02,,5,165,58,USA
2023-05-27,U02904,PPC,Inactive,2023-05-29,2023-06-27,0,0,215,France
2023-07-18,U02905,PPC,Free Trial,2023-08-01,,6,324,227,UK
2023-01-04,U02906,Organic,Inactive,2023-01-16,2023-03-11,0,0,315,UK
2023-09-18,U02907,Referral,Free Trial,2023-09-22,,5,1825,173,India
2023-07-03,U02908,Organic,Annual,2023-07-04,,5,2405,1136,Germany
2023-03-11,U02909,Organic,Monthly,2023-03-21,,9,3303,288,USA
2023-11-28,U02910,Organic,Monthly,2023-12-05,,8,3504,331,Brazil
2023-04-27,U02911,Organic,Inactive,2023-05-09,2023-06-02,0,0,240,Brazil
2023-07-14,U02912,Organic,Monthly,2023-07-22,,7,266,208,France
2023-03-13,U02913,Social Media,Monthly,2023-03-19,,8,2928,496,India
2023-02-28,U02914,Referral,Free Trial,2023-03-11,,9,3366,438,Germany
2023-04-01,U02915,Organic,Free Trial,2023-04-15,,5,525,380,India
2023-12-26,U02916,PPC,Free Trial,2024-01-08,,3,1254,223,Germany
2023-02-20,U02917,Social Media,Monthly,2023-02-27,,4,1100,293,UK
2023-08-26,U02918,Social Media,Free Trial,2023-09-05,,6,1800,495,Germany
2023-03-12,U02919,PPC,Free Trial,2023-03-19,,5,320,285,UK
2023-05-16,U02920,Organic,Monthly,2023-05-30,,9,1458,442,UK
2023-12-15,U02921,Organic,Monthly,2023-12-16,,3,684,194,USA
2023-01-24,U02922,Social Media,Annual,2023-01-26,,2,364,1035,Germany
2023-03-08,U02923,Social Media,Free Trial,2023-03-12,,6,630,130,France
2023-07-02,U02924,Organic,Free Trial,2023-07-04,,7,924,225,France
2023-10-16,U02925,Organic,Inactive,2023-10-28,2023-12-26,0,0,106,Germany
2023-06-13,U02926,Referral,Free Trial,2023-06-23,,1,13,452,USA
2023-07-29,U02927,Social Media,Inactive,2023-08-06,2023-10-03,0,0,128,France
2023-11-24,U02928,Referral,Inactive,2023-11-26,2024-01-25,0,0,374,India
2023-12-27,U02929,Social Media,Annual,2024-01-03,,4,304,1812,France
2023-09-01,U02930,Organic,Free Trial,2023-09-05,,6,924,412,USA
2023-05-20,U02931,PPC,Inactive,2023-05-21,2023-07-03,0,0,115,UK
2023-11-07,U02932,PPC,Annual,2023-11-16,,1,486,1683,UK
2023-09-08,U02933,Organic,Monthly,2023-09-16,,6,444,467,UK
2023-06-18,U02934,PPC,Monthly,2023-06-29,,9,819,327,USA
2023-11-11,U02935,Social Media,Free Trial,2023-11-23,,1,114,391,UK
2023-09-07,U02936,Organic,Free Trial,2023-09-11,,8,1520,151,UK
2023-04-20,U02937,Social Media,Monthly,2023-04-28,,8,2792,466,USA
2023-03-13,U02938,PPC,Monthly,2023-03-17,,3,1350,404,India
2023-03-21,U02939,Referral,Monthly,2023-04-01,,9,1026,332,France
2023-01-17,U02940,Organic,Monthly,2023-01-30,,8,1880,497,USA
2023-01-12,U02941,Organic,Monthly,2023-01-22,,3,1140,277,USA
2023-04-07,U02942,PPC,Monthly,2023-04-08,,5,185,300,Germany
2023-11-08,U02943,Organic,Inactive,2023-11-12,2023-12-02,0,0,496,UK
2023-02-18,U02944,Social Media,Free Trial,2023-02-20,,5,125,375,Brazil
2023-04-24,U02945,Social Media,Monthly,2023-04-28,,9,2574,176,India
2023-05-26,U02946,Organic,Free Trial,2023-06-09,,4,1368,169,Brazil
2023-07-25,U02947,PPC,Monthly,2023-08-08,,6,2952,240,Germany
2023-10-27,U02948,PPC,Annual,2023-11-01,,3,921,1015,India
2023-07-19,U02949,Organic,Inactive,2023-07-29,2023-09-07,0,0,202,UK
2023-06-24,U02950,Referral,Free Trial,2023-06-29,,5,1485,164,Brazil
2023-10-24,U02951,Social Media,Inactive,2023-10-28,2023-11-25,0,0,110,UK
2023-01-14,U02952,PPC,Free Trial,2023-01-22,,8,376,69,UK
2023-08-27,U02953,Social Media,Monthly,2023-09-02,,3,1389,52,France
2023-03-10,U02954,PPC,Free Trial,2023-03-19,,8,3032,202,India
2023-03-02,U02955,Referral,Inactive,2023-03-11,2023-05-09,0,0,320,India
2023-10-18,U02956,PPC,Monthly,2023-10-25,,3,525,118,Germany
2023-02-14,U02957,Social Media,Monthly,2023-02-17,,2,382,102,USA
2023-08-09,U02958,Social Media,Inactive,2023-08-15,2023-10-02,0,0,225,UK
2023-03-05,U02959,Organic,Free Trial,2023-03-09,,9,1926,474,UK
2023-08-18,U02960,Social Media,Free Trial,2023-08-30,,7,2625,172,Brazil
2023-08-17,U02961,Organic,Inactive,2023-08-30,2023-10-13,0,0,360,Germany
2023-03-05,U02962,Organic,Monthly,2023-03-16,,7,2576,243,India
2023-09-24,U02963,Organic,Free Trial,2023-09-25,,8,2736,425,France
2023-05-22,U02964,Referral,Monthly,2023-05-27,,1,440,412,India
2023-01-29,U02965,Social Media,Monthly,2023-02-05,,8,3240,360,France
2023-12-13,U02966,Social Media,Free Trial,2023-12-26,,3,954,176,France
2023-04-28,U02967,Social Media,Free Trial,2023-05-08,,3,1278,157,India
2023-07-22,U02968,PPC,Free Trial,2023-07-23,,6,2526,37,Brazil
2023-07-05,U02969,Referral,Monthly,2023-07-07,,4,520,268,UK
2023-05-24,U02970,PPC,Inactive,2023-05-25,2023-07-04,0,0,425,France
2023-01-02,U02971,Organic,Inactive,2023-01-03,2023-02-12,0,0,95,Brazil
2023-03-06,U02972,Organic,Monthly,2023-03-11,,9,3771,117,Germany
2023-12-28,U02973,Social Media,Free Trial,2024-01-01,,8,2552,451,Germany
2023-07-09,U02974,Social Media,Inactive,2023-07-10,2023-08-08,0,0,447,France
2023-07-04,U02975,Organic,Monthly,2023-07-07,,1,203,435,UK
2023-03-18,U02976,Organic,Free Trial,2023-03-20,,1,77,126,France
2023-01-31,U02977,Social Media,Inactive,2023-02-09,2023-03-08,0,0,373,Germany
2023-11-09,U02978,Organic,Annual,2023-11-17,,4,916,1562,Germany
2023-11-11,U02979,Social Media,Annual,2023-11-15,,6,1374,1520,India
2023-06-02,U02980,Referral,Annual,2023-06-13,,4,1928,1988,UK
2023-08-09,U02981,PPC,Free Trial,2023-08-20,,3,681,327,India
2023-07-27,U02982,Organic,Free Trial,2023-07-28,,8,1968,40,Brazil
2023-05-28,U02983,Social Media,Monthly,2023-05-30,,8,3520,454,Brazil
2023-06-25,U02984,Social Media,Free Trial,2023-07-01,,6,2370,291,Brazil
2023-02-03,U02985,PPC,Monthly,2023-02-10,,9,2763,462,USA
2023-06-24,U02986,Referral,Annual,2023-06-25,,1,427,1282,Brazil
2023-10-10,U02987,Organic,Annual,2023-10-12,,8,824,1448,France
2023-04-22,U02988,PPC,Monthly,2023-04-23,,6,1572,75,India
2023-05-25,U02989,Social Media,Annual,2023-05-27,,1,414,571,Brazil
2023-03-29,U02990,Social Media,Inactive,2023-04-09,2023-05-29,0,0,380,UK
2023-01-30,U02991,Organic,Monthly,2023-02-04,,5,2185,325,Brazil
2023-01-23,U02992,Social Media,Free Trial,2023-01-29,,7,1568,72,France
2023-04-12,U02993,PPC,Free Trial,2023-04-22,,8,3920,444,France
2023-07-01,U02994,Organic,Monthly,2023-07-11,,9,3501,237,France
2023-01-13,U02995,Organic,Free Trial,2023-01-23,,6,1602,485,France
2023-06-23,U02996,Social Media,Free Trial,2023-07-04,,9,3204,477,France
2023-11-21,U02997,Organic,Free Trial,2023-12-02,,4,996,110,UK
2023-02-19,U02998,Organic,Monthly,2023-02-28,,8,2592,432,USA
2023-12-20,U02999,Organic,Inactive,2023-12-29,2024-02-12,0,0,365,Germany
2023-03-11,U03000,Social Media,Free Trial,2023-03-14,,4,428,148,USA
2023-07-23,U03001,PPC,Annual,2023-08-03,,4,100,635,Germany
2023-02-25,U03002,Social Media,Monthly,2023-03-03,,6,2478,66,India
2023-11-15,U03003,Organic,Free Trial,2023-11-28,,9,1467,140,France
2023-12-10,U03004,PPC,Inactive,2023-12-19,2024-02-07,0,0,46,India
2023-09-08,U03005,PPC,Monthly,2023-09-13,,1,207,477,India
2023-09-14,U03006,Social Media,Monthly,2023-09-23,,5,585,489,Germany
2023-12-05,U03007,Referral,Annual,2023-12-14,,9,288,1213,UK
2023-11-24,U03008,Organic,Free Trial,2023-12-01,,5,255,162,France
2023-06-04,U03009,PPC,Monthly,2023-06-18,,6,276,414,Brazil
2023-10-05,U03010,Organic,Free Trial,2023-10-17,,3,1011,259,India
2023-12-31,U03011,PPC,Inactive,2024-01-01,2024-01-20,0,0,251,USA
2023-08-14,U03012,Organic,Monthly,2023-08-24,,4,696,217,France
2023-09-13,U03013,Organic,Monthly,2023-09-14,,4,500,377,UK
2023-10-31,U03014,Organic,Free Trial,2023-11-10,,5,795,179,France
2023-05-01,U03015,PPC,Monthly,2023-05-09,,9,135,266,Brazil
2023-11-08,U03016,Organic,Annual,2023-11-16,,8,328,1464,Brazil
2023-03-03,U03017,Social Media,Monthly,2023-03-09,,7,1078,372,India
2023-02-11,U03018,PPC,Monthly,2023-02-12,,5,1515,122,USA
2023-09-26,U03019,Organic,Monthly,2023-09-28,,9,3690,417,India
2023-09-09,U03020,Social Media,Inactive,2023-09-10,2023-10-09,0,0,184,UK
2023-04-28,U03021,Organic,Monthly,2023-05-03,,2,832,98,Germany
2023-03-16,U03022,PPC,Inactive,2023-03-25,2023-05-07,0,0,144,Brazil
2023-12-18,U03023,PPC,Inactive,2023-12-26,2024-02-13,0,0,303,USA
2023-09-02,U03024,Organic,Monthly,2023-09-07,,1,186,312,Brazil
2023-10-16,U03025,Organic,Free Trial,2023-10-26,,5,350,368,UK
2023-02-15,U03026,Organic,Monthly,2023-02-24,,8,688,428,UK
2023-02-13,U03027,Referral,Inactive,2023-02-26,2023-04-23,0,0,215,Brazil
2023-12-23,U03028,PPC,Free Trial,2024-01-05,,2,784,327,India
2023-04-25,U03029,PPC,Monthly,2023-05-05,,8,760,82,Brazil
2023-11-24,U03030,PPC,Inactive,2023-11-28,2024-01-10,0,0,268,India
2023-03-20,U03031,Organic,Monthly,2023-03-22,,7,112,367,Brazil
2023-10-03,U03032,PPC,Monthly,2023-10-08,,8,3320,157,India
2023-02-09,U03033,Social Media,Free Trial,2023-02-19,,5,470,498,Germany
2023-05-23,U03034,Organic,Free Trial,2023-06-02,,1,271,234,France
2023-12-09,U03035,Organic,Annual,2023-12-15,,4,1816,1979,France
2023-05-22,U03036,Organic,Free Trial,2023-05-24,,2,814,53,India
2023-11-28,U03037,PPC,Free Trial,2023-12-08,,3,1227,425,India
2023-08-15,U03038,Referral,Inactive,2023-08-23,2023-10-03,0,0,365,Germany
2023-05-26,U03039,Organic,Monthly,2023-06-02,,9,3618,35,France
2023-12-02,U03040,PPC,Inactive,2023-12-10,2024-01-20,0,0,313,Germany
2023-06-25,U03041,Organic,Inactive,2023-07-06,2023-08-02,0,0,270,UK
2023-01-31,U03042,Referral,Free Trial,2023-02-03,,3,309,68,Brazil
2023-04-25,U03043,Organic,Free Trial,2023-05-03,,3,1461,70,France
2023-12-09,U03044,PPC,Annual,2023-12-13,,7,3045,1839,India
2023-12-25,U03045,Social Media,Monthly,2023-12-28,,8,3480,423,USA
2023-08-12,U03046,Social Media,Free Trial,2023-08-20,,6,1398,410,UK
2023-08-30,U03047,PPC,Annual,2023-09-07,,4,1152,1152,Brazil
2023-02-09,U03048,Organic,Free Trial,2023-02-20,,6,72,451,USA
2023-09-13,U03049,Organic,Inactive,2023-09-19,2023-11-15,0,0,456,Germany
2023-07-08,U03050,Organic,Free Trial,2023-07-16,,8,2656,454,Brazil
2023-04-28,U03051,Organic,Free Trial,2023-05-02,,1,258,456,Germany
2023-05-07,U03052,PPC,Free Trial,2023-05-12,,5,1190,280,Germany
2023-09-23,U03053,Organic,Inactive,2023-09-25,2023-10-10,0,0,266,India
2023-06-15,U03054,Organic,Monthly,2023-06-24,,6,840,406,Germany
2023-09-07,U03055,PPC,Inactive,2023-09-13,2023-10-31,0,0,441,USA
2023-04-02,U03056,Referral,Monthly,2023-04-10,,5,930,393,UK
2023-11-25,U03057,PPC,Monthly,2023-12-07,,4,1328,427,India
2023-10-18,U03058,Organic,Free Trial,2023-10-19,,2,640,134,UK
2023-10-25,U03059,Organic,Monthly,2023-11-05,,3,1191,423,Germany
2023-02-23,U03060,Referral,Monthly,2023-02-26,,6,240,28,France
2023-04-22,U03061,Organic,Monthly,2023-04-26,,8,600,128,Brazil
2023-10-28,U03062,Organic,Free Trial,2023-11-07,,8,1720,329,India
2023-04-26,U03063,PPC,Inactive,2023-04-27,2023-06-22,0,0,75,Germany
2023-12-31,U03064,PPC,Free Trial,2024-01-05,,5,1645,254,India
2023-09-04,U03065,PPC,Inactive,2023-09-10,2023-10-06,0,0,66,France
2023-02-23,U03066,Organic,Free Trial,2023-03-09,,7,2674,53,USA
2023-06-12,U03067,Organic,Monthly,2023-06-24,,6,1200,21,USA
2023-03-16,U03068,Referral,Monthly,2023-03-28,,1,75,387,Brazil
2023-08-23,U03069,Organic,Monthly,2023-08-29,,4,1696,433,USA
2023-07-26,U03070,PPC,Monthly,2023-07-28,,6,1872,245,France
2023-10-31,U03071,Social Media,Monthly,2023-11-12,,6,1464,33,UK
2023-05-31,U03072,PPC,Monthly,2023-06-09,,3,861,404,France
2023-08-03,U03073,Organic,Annual,2023-08-17,,6,1266,708,France
2023-12-13,U03074,Organic,Monthly,2023-12-27,,6,2154,266,Germany
2023-11-04,U03075,PPC,Inactive,2023-11-12,2023-11-28,0,0,451,USA
2023-09-23,U03076,Social Media,Free Trial,2023-09-27,,9,828,293,India
2023-08-11,U03077,Referral,Monthly,2023-08-22,,2,110,333,Brazil
2023-01-03,U03078,Organic,Monthly,2023-01-14,,4,392,370,UK
2023-06-13,U03079,Organic,Monthly,2023-06-20,,9,1755,260,India
2023-11-04,U03080,Referral,Monthly,2023-11-08,,4,1536,103,Germany
2023-05-30,U03081,Social Media,Monthly,2023-06-12,,8,1584,389,Germany
2023-06-07,U03082,Social Media,Free Trial,2023-06-16,,3,765,452,UK
2023-03-09,U03083,Organic,Free Trial,2023-03-18,,3,165,464,India
2023-12-29,U03084,PPC,Free Trial,2024-01-10,,9,2394,389,UK
2023-01-04,U03085,Social Media,Monthly,2023-01-18,,8,2888,31,UK
2023-09-10,U03086,PPC,Monthly,2023-09-14,,1,418,483,USA
2023-06-10,U03087,PPC,Inactive,2023-06-22,2023-07-19,0,0,166,India
2023-04-01,U03088,Organic,Annual,2023-04-04,,3,342,1542,USA
2023-02-03,U03089,PPC,Free Trial,2023-02-06,,2,692,211,USA
2023-07-24,U03090,Organic,Inactive,2023-07-26,2023-09-06,0,0,477,Brazil
2023-03-30,U03091,PPC,Inactive,2023-04-11,2023-06-04,0,0,471,USA
2023-10-18,U03092,Referral,Monthly,2023-10-25,,6,516,490,France
2023-06-18,U03093,Organic,Monthly,2023-06-22,,7,1673,206,Germany
2023-12-11,U03094,Social Media,Inactive,2023-12-22,2024-02-08,0,0,54,Germany
2023-06-24,U03095,Organic,Monthly,2023-07-08,,1,75,463,France
2023-03-09,U03096,PPC,Inactive,2023-03-14,2023-04-01,0,0,479,UK
2023-03-20,U03097,Referral,Free Trial,2023-04-02,,1,105,389,India
2023-12-13,U03098,Organic,Free Trial,2023-12-26,,9,603,410,India
2023-01-19,U03099,Organic,Monthly,2023-02-01,,9,1017,88,India
2023-08-20,U03100,PPC,Monthly,2023-09-02,,5,1605,48,USA
2023-07-18,U03101,Organic,Inactive,2023-07-22,2023-09-19,0,0,433,India
2023-01-17,U03102,Social Media,Inactive,2023-01-18,2023-03-15,0,0,293,India
2023-12-27,U03103,Referral,Monthly,2024-01-06,,9,684,395,India
2023-08-27,U03104,PPC,Free Trial,2023-09-04,,3,1425,475,Germany
2023-10-27,U03105,Organic,Inactive,2023-11-10,2023-12-21,0,0,164,France
2023-07-06,U03106,PPC,Monthly,2023-07-14,,3,1149,158,Brazil
2023-07-01,U03107,Social Media,Free Trial,2023-07-09,,2,512,352,UK
2023-02-23,U03108,Organic,Monthly,2023-02-25,,1,303,400,France
2023-07-24,U03109,PPC,Annual,2023-07-26,,2,488,898,India
2023-06-06,U03110,PPC,Annual,2023-06-09,,8,1120,1456,UK
2023-11-01,U03111,PPC,Monthly,2023-11-07,,8,968,260,UK
2023-12-11,U03112,Organic,Monthly,2023-12-24,,3,1194,441,France
2023-05-14,U03113,Social Media,Inactive,2023-05-18,2023-06-17,0,0,391,France
2023-07-14,U03114,Organic,Monthly,2023-07-22,,7,441,156,France
2023-07-11,U03115,Organic,Monthly,2023-07-13,,2,598,338,Brazil
2023-10-12,U03116,Social Media,Free Trial,2023-10-25,,9,2232,405,France
2023-12-15,U03117,Social Media,Annual,2023-12-18,,3,747,1410,Brazil
2023-12-20,U03118,Organic,Free Trial,2023-12-31,,2,608,464,USA
2023-09-16,U03119,Organic,Free Trial,2023-09-17,,3,363,267,Germany
2023-02-20,U03120,Organic,Monthly,2023-03-05,,2,194,282,Brazil
2023-12-09,U03121,Organic,Free Trial,2023-12-10,,8,1896,468,Germany
2023-08-14,U03122,Organic,Monthly,2023-08-16,,5,2425,134,India
2023-08-16,U03123,Organic,Free Trial,2023-08-26,,3,939,213,USA
2023-01-18,U03124,PPC,Monthly,2023-01-24,,5,1570,265,UK
2023-09-06,U03125,Social Media,Free Trial,2023-09-11,,8,2392,140,France
2023-03-29,U03126,PPC,Free Trial,2023-03-31,,7,1519,30,India
2023-11-14,U03127,PPC,Free Trial,2023-11-26,,6,2190,87,UK
2023-03-28,U03128,Organic,Inactive,2023-04-05,2023-06-03,0,0,344,Germany
2023-07-05,U03129,Referral,Inactive,2023-07-07,2023-07-23,0,0,60,UK
2023-09-25,U03130,Social Media,Free Trial,2023-09-26,,1,79,371,France
2023-10-10,U03131,Social Media,Annual,2023-10-14,,8,3032,572,France
2023-02-17,U03132,Social Media,Monthly,2023-02-19,,8,1832,275,Brazil
2023-05-18,U03133,Referral,Inactive,2023-05-27,2023-07-20,0,0,125,Brazil
2023-05-27,U03134,PPC,Monthly,2023-06-02,,6,1794,64,Germany
2023-08-17,U03135,Organic,Monthly,2023-08-30,,4,1264,301,France
2023-11-23,U03136,PPC,Free Trial,2023-12-03,,1,370,60,USA
2023-07-20,U03137,Social Media,Monthly,2023-08-02,,9,3222,339,India
2023-07-24,U03138,Social Media,Inactive,2023-08-02,2023-09-22,0,0,282,Germany
2023-02-23,U03139,PPC,Monthly,2023-02-26,,4,1844,263,Germany
2023-04-18,U03140,Organic,Free Trial,2023-04-28,,3,453,482,UK
2023-02-10,U03141,Organic,Free Trial,2023-02-22,,7,546,70,Germany
2023-01-22,U03142,Referral,Annual,2023-01-25,,5,490,779,India
2023-01-06,U03143,PPC,Monthly,2023-01-15,,5,1840,490,USA
2023-06-23,U03144,PPC,Monthly,2023-07-05,,4,580,468,UK
2023-09-01,U03145,Organic,Inactive,2023-09-15,2023-10-13,0,0,406,India
2023-11-30,U03146,Organic,Free Trial,2023-12-14,,5,1740,458,Brazil
2023-05-18,U03147,Social Media,Monthly,2023-05-21,,4,784,360,Germany
2023-10-30,U03148,PPC,Inactive,2023-11-04,2023-11-21,0,0,234,France
2023-10-11,U03149,Social Media,Monthly,2023-10-14,,2,314,478,Brazil
2023-07-14,U03150,PPC,Free Trial,2023-07-24,,8,3584,345,France
2023-05-28,U03151,PPC,Monthly,2023-06-09,,1,301,112,India
2023-02-12,U03152,Organic,Inactive,2023-02-19,2023-03-16,0,0,480,USA
2023-08-09,U03153,Social Media,Free Trial,2023-08-23,,3,1221,467,France
2023-11-01,U03154,PPC,Inactive,2023-11-15,2023-12-12,0,0,57,India
2023-10-11,U03155,PPC,Annual,2023-10-16,,5,235,675,UK
2023-09-27,U03156,PPC,Free Trial,2023-10-02,,5,1770,351,Germany
2023-01-03,U03157,Referral,Annual,2023-01-14,,4,868,1470,USA
2023-10-08,U03158,Organic,Monthly,2023-10-18,,8,1752,79,USA
2023-12-03,U03159,Social Media,Monthly,2023-12-09,,3,30,56,UK
2023-09-16,U03160,Organic,Annual,2023-09-17,,4,1476,1402,USA
2023-01-15,U03161,PPC,Inactive,2023-01-16,2023-03-07,0,0,19,India
2023-10-05,U03162,Organic,Free Trial,2023-10-17,,7,70,194,USA
2023-01-09,U03163,Organic,Monthly,2023-01-13,,1,252,89,USA
2023-08-29,U03164,PPC,Monthly,2023-09-07,,2,956,22,USA
2023-03-29,U03165,Organic,Monthly,2023-04-08,,7,2730,454,India
2023-09-23,U03166,PPC,Monthly,2023-10-04,,1,325,323,Brazil
2023-10-06,U03167,Referral,Free Trial,2023-10-08,,3,102,349,Germany
2023-08-10,U03168,Organic,Monthly,2023-08-19,,6,2136,333,France
2023-04-16,U03169,Social Media,Monthly,2023-04-29,,6,2418,93,Brazil
2023-08-20,U03170,PPC,Free Trial,2023-08-29,,6,354,95,USA
2023-01-07,U03171,PPC,Inactive,2023-01-14,2023-03-15,0,0,166,UK
2023-11-02,U03172,Organic,Inactive,2023-11-08,2023-12-27,0,0,153,UK
2023-12-14,U03173,Organic,Monthly,2023-12-21,,6,1500,72,India
2023-12-01,U03174,Organic,Free Trial,2023-12-05,,5,205,440,Germany
2023-11-05,U03175,Organic,Monthly,2023-11-10,,7,294,52,USA
2023-02-20,U03176,Organic,Free Trial,2023-02-24,,7,1463,416,India
2023-05-10,U03177,PPC,Free Trial,2023-05-16,,5,1215,167,France
2023-07-28,U03178,Social Media,Annual,2023-07-30,,8,280,1290,Germany
2023-04-01,U03179,Social Media,Free Trial,2023-04-13,,6,306,295,Germany
2023-12-21,U03180,PPC,Free Trial,2023-12-30,,5,2215,332,India
2023-10-24,U03181,Organic,Free Trial,2023-11-06,,4,280,449,Brazil
2023-06-25,U03182,Organic,Free Trial,2023-06-30,,7,350,33,UK
2023-01-30,U03183,Organic,Free Trial,2023-02-10,,4,1800,366,Brazil
2023-03-29,U03184,Organic,Inactive,2023-04-07,2023-05-10,0,0,214,Germany
2023-11-03,U03185,PPC,Free Trial,2023-11-08,,5,1820,371,UK
2023-07-14,U03186,PPC,Free Trial,2023-07-22,,1,363,233,Germany
2023-07-25,U03187,Organic,Free Trial,2023-08-06,,1,207,110,Germany
2023-11-29,U03188,Organic,Inactive,2023-12-13,2023-12-29,0,0,213,Germany
2023-03-28,U03189,Social Media,Monthly,2023-04-05,,3,480,17,France
2023-08-25,U03190,Social Media,Monthly,2023-09-01,,2,426,481,UK
2023-03-13,U03191,Organic,Inactive,2023-03-25,2023-05-08,0,0,181,France
2023-11-23,U03192,Referral,Monthly,2023-11-27,,6,2280,217,UK
2023-11-19,U03193,Referral,Monthly,2023-11-25,,1,421,105,France
2023-09-22,U03194,Organic,Free Trial,2023-09-30,,6,1296,171,France
2023-02-26,U03195,Organic,Monthly,2023-03-08,,5,780,300,France
2023-10-07,U03196,PPC,Monthly,2023-10-12,,6,1278,105,India
2023-03-30,U03197,Referral,Monthly,2023-04-12,,5,285,315,France
2023-02-11,U03198,Social Media,Free Trial,2023-02-22,,7,1869,154,Brazil
2023-08-30,U03199,Organic,Monthly,2023-09-01,,1,148,267,Brazil
2023-08-14,U03200,Organic,Free Trial,2023-08-27,,3,543,483,Germany
2023-08-12,U03201,PPC,Free Trial,2023-08-25,,6,660,447,USA
2023-02-17,U03202,PPC,Monthly,2023-02-21,,1,196,309,France
2023-04-29,U03203,Organic,Inactive,2023-05-04,2023-06-17,0,0,474,USA
2023-01-17,U03204,Social Media,Monthly,2023-01-29,,4,1296,111,USA
2023-03-04,U03205,PPC,Monthly,2023-03-06,,3,1155,186,Germany
2023-04-21,U03206,Social Media,Free Trial,2023-04-30,,9,2727,395,USA
2023-01-28,U03207,Social Media,Free Trial,2023-02-01,,1,418,337,USA
2023-11-23,U03208,Social Media,Free Trial,2023-12-06,,8,2976,119,Brazil
2023-06-04,U03209,PPC,Monthly,2023-06-10,,1,30,207,USA
2023-08-23,U03210,PPC,Free Trial,2023-09-06,,5,1535,402,UK
2023-07-02,U03211,Organic,Free Trial,2023-07-04,,8,3432,138,France
2023-09-10,U03212,PPC,Annual,2023-09-16,,6,2412,1970,France
2023-12-11,U03213,Organic,Free Trial,2023-12-19,,7,2835,368,USA
2023-10-28,U03214,PPC,Monthly,2023-10-29,,8,152,146,Germany
2023-02-10,U03215,Organic,Monthly,2023-02-19,,6,1176,407,UK
2023-10-20,U03216,Organic,Monthly,2023-10-30,,6,852,36,Germany
2023-01-31,U03217,Organic,Monthly,2023-02-08,,6,252,146,Germany
2023-11-19,U03218,Organic,Monthly,2023-12-01,,5,390,173,USA
2023-06-12,U03219,Social Media,Free Trial,2023-06-19,,8,712,358,India
2023-08-09,U03220,Social Media,Annual,2023-08-10,,2,400,1628,USA
2023-04-19,U03221,PPC,Inactive,2023-04-30,2023-06-29,0,0,472,Brazil
2023-06-07,U03222,Organic,Free Trial,2023-06-16,,4,1976,365,India
2023-08-07,U03223,Organic,Free Trial,2023-08-18,,1,294,140,UK
2023-05-20,U03224,Organic,Inactive,2023-06-01,2023-06-16,0,0,382,India
2023-01-19,U03225,Organic,Monthly,2023-01-31,,3,690,160,USA
2023-04-07,U03226,Social Media,Monthly,2023-04-20,,4,1596,387,USA
2023-11-02,U03227,Organic,Monthly,2023-11-11,,7,434,255,Germany
2023-06-11,U03228,Organic,Free Trial,2023-06-14,,5,2375,119,USA
2023-06-20,U03229,Organic,Monthly,2023-06-25,,4,676,82,Brazil
2023-06-13,U03230,Organic,Monthly,2023-06-22,,1,389,295,USA
2023-01-05,U03231,PPC,Free Trial,2023-01-17,,6,306,284,France
2023-02-17,U03232,PPC,Monthly,2023-02-22,,6,336,367,France
2023-09-17,U03233,Organic,Annual,2023-09-22,,7,1176,582,Germany
2023-11-20,U03234,Organic,Monthly,2023-11-29,,1,455,59,India
2023-06-27,U03235,Organic,Free Trial,2023-06-28,,4,772,313,India
2023-10-20,U03236,Organic,Monthly,2023-10-29,,9,2295,12,France
2023-07-16,U03237,Organic,Annual,2023-07-29,,6,120,1365,Brazil
2023-02-09,U03238,Referral,Annual,2023-02-17,,2,326,703,UK
2023-01-02,U03239,PPC,Monthly,2023-01-10,,4,916,164,Brazil
2023-06-28,U03240,PPC,Free Trial,2023-07-06,,6,984,480,France
2023-07-05,U03241,PPC,Annual,2023-07-13,,4,1392,996,Brazil
2023-06-29,U03242,PPC,Monthly,2023-06-30,,7,3150,489,UK
2023-02-12,U03243,PPC,Free Trial,2023-02-23,,3,1122,120,India
2023-04-06,U03244,PPC,Monthly,2023-04-08,,6,1752,492,France
2023-09-29,U03245,Social Media,Monthly,2023-10-03,,4,784,305,USA
2023-12-24,U03246,Organic,Monthly,2023-12-25,,3,213,390,UK
2023-06-22,U03247,PPC,Free Trial,2023-07-03,,3,471,265,UK
2023-01-09,U03248,PPC,Monthly,2023-01-23,,2,792,283,UK
2023-06-05,U03249,Social Media,Inactive,2023-06-16,2023-08-08,0,0,164,India
2023-07-19,U03250,PPC,Annual,2023-07-28,,1,112,579,Brazil
2023-09-04,U03251,PPC,Inactive,2023-09-15,2023-11-01,0,0,176,Germany
2023-04-20,U03252,Organic,Inactive,2023-05-04,2023-06-26,0,0,28,USA
2023-12-04,U03253,PPC,Free Trial,2023-12-13,,4,1888,354,France
2023-04-25,U03254,Organic,Monthly,2023-05-09,,3,885,400,Brazil
2023-03-24,U03255,Organic,Monthly,2023-03-26,,8,3464,232,UK
2023-08-03,U03256,Organic,Inactive,2023-08-07,2023-08-27,0,0,66,India
2023-12-29,U03257,PPC,Free Trial,2024-01-12,,5,2290,395,UK
2023-01-24,U03258,Organic,Inactive,2023-02-07,2023-03-29,0,0,303,Brazil
2023-03-24,U03259,Organic,Monthly,2023-04-01,,7,273,142,France
2023-04-22,U03260,Social Media,Annual,2023-05-05,,5,1845,1511,USA
2023-12-13,U03261,Organic,Free Trial,2023-12-24,,2,750,347,UK
2023-07-23,U03262,PPC,Free Trial,2023-08-06,,1,297,301,India
2023-04-23,U03263,PPC,Annual,2023-05-04,,7,1029,1087,India
2023-12-12,U03264,Organic,Free Trial,2023-12-23,,1,484,353,Germany
2023-03-10,U03265,Social Media,Inactive,2023-03-11,2023-04-05,0,0,214,India
2023-01-30,U03266,Organic,Free Trial,2023-02-06,,6,2406,128,Germany
2023-11-17,U03267,PPC,Monthly,2023-11-30,,6,2664,262,USA
2023-10-04,U03268,PPC,Monthly,2023-10-17,,7,2107,94,France
2023-06-25,U03269,PPC,Monthly,2023-07-06,,1,243,194,Germany
2023-09-27,U03270,PPC,Monthly,2023-10-01,,7,448,234,UK
2023-10-22,U03271,Organic,Monthly,2023-10-25,,2,856,157,Brazil
2023-09-24,U03272,Organic,Free Trial,2023-10-06,,6,1806,398,UK
2023-09-13,U03273,Social Media,Free Trial,2023-09-19,,8,1992,289,France
2023-06-10,U03274,PPC,Monthly,2023-06-17,,5,1605,236,India
2023-10-18,U03275,Social Media,Monthly,2023-10-31,,3,135,295,Brazil
2023-11-29,U03276,Social Media,Annual,2023-12-11,,8,784,1581,UK
2023-09-30,U03277,Social Media,Monthly,2023-10-12,,8,1768,190,Brazil
2023-09-24,U03278,PPC,Monthly,2023-10-06,,4,1816,444,Germany
2023-07-26,U03279,Organic,Monthly,2023-08-08,,8,2616,118,France
2023-07-17,U03280,Social Media,Free Trial,2023-07-24,,5,1870,144,UK
2023-05-05,U03281,PPC,Monthly,2023-05-13,,5,1270,435,India
2023-12-15,U03282,Organic,Inactive,2023-12-29,2024-02-08,0,0,300,Brazil
2023-08-30,U03283,Social Media,Inactive,2023-09-05,2023-09-22,0,0,384,India
2023-05-28,U03284,Social Media,Monthly,2023-06-03,,9,3762,487,Brazil
2023-12-20,U03285,PPC,Monthly,2023-12-24,,9,2241,299,UK
2023-12-19,U03286,Organic,Inactive,2023-12-31,2024-02-23,0,0,112,France
2023-07-04,U03287,Organic,Monthly,2023-07-14,,1,197,210,USA
2023-09-30,U03288,Social Media,Free Trial,2023-10-06,,5,330,126,UK
2023-08-04,U03289,Referral,Free Trial,2023-08-05,,1,122,341,India
2023-08-08,U03290,Organic,Monthly,2023-08-18,,4,928,319,USA
2023-04-02,U03291,Organic,Inactive,2023-04-14,2023-06-04,0,0,38,France
2023-04-15,U03292,Social Media,Monthly,2023-04-18,,2,472,403,India
2023-08-04,U03293,Organic,Free Trial,2023-08-07,,2,530,36,France
2023-02-10,U03294,PPC,Free Trial,2023-02-21,,4,756,476,Brazil
2023-05-05,U03295,Referral,Annual,2023-05-06,,8,1544,518,UK
2023-02-03,U03296,Organic,Inactive,2023-02-13,2023-04-07,0,0,51,France
2023-02-23,U03297,PPC,Monthly,2023-03-03,,9,4149,430,India
2023-08-04,U03298,Organic,Monthly,2023-08-05,,9,2169,454,UK
2023-07-21,U03299,Organic,Free Trial,2023-07-26,,2,570,233,India
2023-06-10,U03300,Social Media,Inactive,2023-06-23,2023-08-08,0,0,472,India
2023-05-14,U03301,PPC,Annual,2023-05-25,,9,567,646,USA
2023-05-31,U03302,Referral,Free Trial,2023-06-02,,2,532,396,Germany
2023-01-16,U03303,PPC,Annual,2023-01-18,,8,792,1347,France
2023-06-15,U03304,Organic,Free Trial,2023-06-18,,3,705,335,France
2023-06-26,U03305,Organic,Free Trial,2023-06-28,,1,256,230,USA
2023-02-09,U03306,Organic,Free Trial,2023-02-23,,1,403,476,Brazil
2023-07-11,U03307,Organic,Free Trial,2023-07-22,,2,320,154,France
2023-10-06,U03308,Organic,Monthly,2023-10-07,,7,3108,19,USA
2023-06-24,U03309,Organic,Monthly,2023-07-01,,6,732,234,France
2023-09-12,U03310,PPC,Monthly,2023-09-21,,2,834,150,France
2023-02-03,U03311,Social Media,Monthly,2023-02-17,,4,1112,484,India
2023-04-26,U03312,PPC,Free Trial,2023-04-27,,2,332,115,USA
2023-01-03,U03313,Social Media,Free Trial,2023-01-10,,1,451,277,Brazil
2023-10-16,U03314,Organic,Monthly,2023-10-23,,3,1125,203,France
2023-02-28,U03315,Organic,Monthly,2023-03-06,,4,1424,467,Brazil
2023-07-29,U03316,PPC,Free Trial,2023-08-11,,5,1800,137,Germany
2023-06-05,U03317,PPC,Inactive,2023-06-06,2023-06-26,0,0,222,USA
2023-06-10,U03318,Organic,Annual,2023-06-19,,7,2821,1060,USA
2023-06-28,U03319,Social Media,Inactive,2023-07-01,2023-07-27,0,0,458,USA
2023-01-13,U03320,Social Media,Monthly,2023-01-20,,9,4464,490,India
2023-03-28,U03321,PPC,Free Trial,2023-04-03,,7,2373,393,USA
2023-08-01,U03322,Organic,Monthly,2023-08-03,,5,2405,189,India
2023-11-30,U03323,Social Media,Free Trial,2023-12-09,,9,2106,326,Germany
2023-09-03,U03324,PPC,Monthly,2023-09-06,,8,184,35,UK
2023-03-07,U03325,Social Media,Free Trial,2023-03-16,,9,3276,24,India
2023-03-17,U03326,Social Media,Inactive,2023-03-30,2023-05-23,0,0,31,France
2023-11-13,U03327,Social Media,Free Trial,2023-11-26,,6,2562,354,USA
2023-05-26,U03328,PPC,Inactive,2023-06-04,2023-07-20,0,0,74,UK
2023-06-05,U03329,Organic,Inactive,2023-06-16,2023-07-04,0,0,260,India
2023-01-27,U03330,PPC,Monthly,2023-02-04,,9,945,419,Brazil
2023-06-14,U03331,PPC,Annual,2023-06-19,,9,1836,1169,Brazil
2023-12-27,U03332,Social Media,Monthly,2023-12-31,,3,201,242,France
2023-02-26,U03333,Organic,Inactive,2023-03-03,2023-04-16,0,0,417,UK
2023-02-23,U03334,Organic,Monthly,2023-03-04,,6,2406,496,Germany
2023-04-24,U03335,Social Media,Annual,2023-05-06,,6,2166,1550,India
2023-07-11,U03336,Social Media,Monthly,2023-07-17,,6,1818,425,Brazil
2023-02-05,U03337,Referral,Inactive,2023-02-16,2023-04-05,0,0,281,Brazil
2023-11-02,U03338,Social Media,Monthly,2023-11-06,,5,365,214,India
2023-04-17,U03339,PPC,Monthly,2023-04-26,,2,334,307,Brazil
2023-10-23,U03340,PPC,Annual,2023-11-02,,7,1918,1021,Germany
2023-09-16,U03341,Social Media,Inactive,2023-09-20,2023-10-18,0,0,443,Brazil
2023-12-19,U03342,PPC,Monthly,2023-12-23,,3,891,50,India
2023-05-06,U03343,PPC,Free Trial,2023-05-16,,8,160,117,USA
2023-12-18,U03344,Organic,Monthly,2023-12-23,,4,892,134,Brazil
2023-03-18,U03345,PPC,Inactive,2023-03-23,2023-04-25,0,0,161,India
2023-05-01,U03346,Social Media,Annual,2023-05-06,,8,912,1172,USA
2023-10-26,U03347,Organic,Inactive,2023-11-05,2023-12-09,0,0,212,Brazil
2023-06-13,U03348,Organic,Free Trial,2023-06-15,,9,1404,88,Brazil
2023-04-07,U03349,Organic,Monthly,2023-04-11,,7,1337,403,India
2022-12-31,U03350,Organic,Monthly,2023-01-14,,2,694,51,France
2023-07-01,U03351,Organic,Inactive,2023-07-04,2023-07-19,0,0,178,France
2023-01-13,U03352,PPC,Free Trial,2023-01-16,,8,728,258,UK
2023-11-26,U03353,Referral,Inactive,2023-11-29,2024-01-11,0,0,130,France
2023-08-24,U03354,PPC,Monthly,2023-08-31,,6,78,396,Germany
2023-01-20,U03355,Organic,Free Trial,2023-02-02,,8,416,448,UK
2023-03-07,U03356,Organic,Monthly,2023-03-10,,6,2520,281,France
2023-06-06,U03357,PPC,Free Trial,2023-06-14,,9,540,309,USA
2023-03-21,U03358,Organic,Monthly,2023-04-01,,9,2430,218,India
2023-08-04,U03359,Social Media,Free Trial,2023-08-15,,9,1287,482,France
2023-05-31,U03360,PPC,Free Trial,2023-06-09,,6,2820,167,USA
2023-09-04,U03361,Social Media,Inactive,2023-09-06,2023-10-20,0,0,130,UK
2023-04-14,U03362,Organic,Free Trial,2023-04-26,,3,1113,236,India
2023-03-07,U03363,PPC,Free Trial,2023-03-08,,5,325,430,France
2023-10-13,U03364,Organic,Monthly,2023-10-26,,2,452,453,UK
2023-08-12,U03365,Referral,Monthly,2023-08-18,,8,3000,470,France
2023-08-06,U03366,PPC,Annual,2023-08-14,,4,308,1113,UK
2023-07-31,U03367,Organic,Monthly,2023-08-04,,6,2166,239,France
2023-09-10,U03368,Organic,Annual,2023-09-16,,6,318,605,USA
2023-04-18,U03369,Organic,Monthly,2023-04-22,,5,760,67,Germany
2023-09-02,U03370,PPC,Free Trial,2023-09-16,,1,355,274,USA
2023-08-12,U03371,Organic,Free Trial,2023-08-18,,7,357,135,India
2023-02-08,U03372,PPC,Monthly,2023-02-20,,8,1184,454,France
2023-01-29,U03373,Organic,Monthly,2023-02-10,,1,82,284,Germany
2023-08-11,U03374,PPC,Annual,2023-08-24,,7,1932,1767,Germany
2023-02-16,U03375,Social Media,Monthly,2023-02-19,,4,812,400,India
2023-04-07,U03376,Social Media,Monthly,2023-04-08,,6,984,310,India
2023-09-24,U03377,Social Media,Free Trial,2023-09-29,,9,2295,479,Germany
2023-01-18,U03378,Organic,Free Trial,2023-01-30,,5,1615,137,India
2023-08-19,U03379,Organic,Monthly,2023-08-26,,8,1816,103,India
2023-11-02,U03380,PPC,Monthly,2023-11-04,,5,2325,200,France
2023-09-15,U03381,Organic,Monthly,2023-09-21,,2,786,430,USA
2023-11-08,U03382,PPC,Free Trial,2023-11-18,,4,1048,281,Brazil
2023-03-30,U03383,Organic,Monthly,2023-04-03,,2,572,493,UK
2023-06-25,U03384,Organic,Inactive,2023-07-08,2023-08-06,0,0,14,Germany
2023-10-24,U03385,Organic,Free Trial,2023-10-29,,7,567,166,UK
2023-09-29,U03386,Social Media,Monthly,2023-10-07,,3,414,61,Germany
2023-12-19,U03387,Organic,Inactive,2023-12-25,2024-01-12,0,0,252,Germany
2023-03-16,U03388,PPC,Monthly,2023-03-29,,1,195,160,USA
2023-10-12,U03389,Organic,Monthly,2023-10-24,,1,22,271,Germany
2023-06-30,U03390,PPC,Free Trial,2023-07-10,,9,3042,429,Germany
2023-10-01,U03391,Organic,Monthly,2023-10-11,,6,1374,450,USA
2023-06-23,U03392,Social Media,Free Trial,2023-07-03,,5,75,426,India
2023-07-02,U03393,Social Media,Inactive,2023-07-11,2023-08-29,0,0,314,Brazil
2023-01-12,U03394,Organic,Annual,2023-01-26,,6,2880,1156,UK
2023-10-15,U03395,Referral,Annual,2023-10-27,,1,121,1882,Germany
2023-10-24,U03396,Referral,Annual,2023-11-03,,5,1185,1220,USA
2023-11-29,U03397,Social Media,Monthly,2023-12-13,,9,4059,363,Germany
2023-01-06,U03398,Social Media,Monthly,2023-01-17,,4,104,116,USA
2023-05-30,U03399,Organic,Inactive,2023-06-12,2023-08-11,0,0,163,UK
2023-11-14,U03400,PPC,Inactive,2023-11-28,2024-01-20,0,0,302,France
2023-09-18,U03401,Organic,Monthly,2023-09-26,,2,190,214,India
2023-03-10,U03402,Organic,Inactive,2023-03-16,2023-04-03,0,0,125,France
2023-11-16,U03403,Referral,Monthly,2023-11-28,,4,524,26,USA
2023-08-14,U03404,Organic,Monthly,2023-08-18,,7,1491,489,Germany
2023-04-26,U03405,Social Media,Monthly,2023-05-06,,6,474,297,India
2023-01-20,U03406,Social Media,Free Trial,2023-01-21,,8,936,165,UK
2023-10-12,U03407,Social Media,Free Trial,2023-10-23,,9,1890,486,Brazil
2023-11-16,U03408,Referral,Free Trial,2023-11-27,,6,366,34,India
2023-01-22,U03409,Organic,Monthly,2023-01-26,,7,322,440,Germany
2023-07-11,U03410,Organic,Monthly,2023-07-24,,4,504,287,France
2023-08-23,U03411,PPC,Monthly,2023-08-28,,2,536,484,USA
2023-12-07,U03412,Organic,Inactive,2023-12-11,2024-02-06,0,0,326,France
2023-10-11,U03413,Organic,Monthly,2023-10-15,,9,2457,135,India
2023-06-20,U03414,Organic,Monthly,2023-07-01,,4,1612,309,Brazil
2023-01-06,U03415,Social Media,Free Trial,2023-01-09,,3,936,367,Germany
2023-10-03,U03416,PPC,Free Trial,2023-10-09,,6,2604,285,USA
2023-10-28,U03417,Organic,Annual,2023-11-04,,3,219,1272,Germany
2023-07-13,U03418,PPC,Monthly,2023-07-16,,1,51,187,Germany
2023-02-06,U03419,Organic,Annual,2023-02-12,,4,208,823,Brazil
2023-12-02,U03420,Organic,Free Trial,2023-12-13,,1,134,440,India
2023-04-15,U03421,Social Media,Monthly,2023-04-17,,2,804,56,France
2023-10-25,U03422,PPC,Free Trial,2023-11-08,,3,837,209,Germany
2023-09-08,U03423,Social Media,Free Trial,2023-09-19,,8,3952,60,Germany
2023-01-27,U03424,Organic,Free Trial,2023-01-31,,4,1424,448,Germany
2023-01-24,U03425,Social Media,Free Trial,2023-01-26,,4,968,471,USA
2023-07-31,U03426,PPC,Monthly,2023-08-13,,9,4401,304,Germany
2023-06-28,U03427,PPC,Free Trial,2023-07-12,,7,987,279,Germany
2023-02-11,U03428,PPC,Inactive,2023-02-15,2023-03-25,0,0,206,India
2023-12-30,U03429,Social Media,Monthly,2024-01-09,,3,372,440,Germany
2023-12-16,U03430,PPC,Free Trial,2023-12-20,,4,1960,30,Brazil
2023-11-21,U03431,PPC,Free Trial,2023-11-24,,4,1912,152,Brazil
2023-10-24,U03432,Referral,Monthly,2023-10-31,,8,80,257,Germany
2023-12-10,U03433,Social Media,Free Trial,2023-12-11,,6,2040,365,Brazil
2023-11-07,U03434,PPC,Inactive,2023-11-13,2023-12-26,0,0,362,India
2023-01-10,U03435,Social Media,Inactive,2023-01-17,2023-02-25,0,0,474,USA
2023-05-13,U03436,Organic,Free Trial,2023-05-25,,8,3616,477,Brazil
2023-04-13,U03437,Organic,Monthly,2023-04-27,,9,4212,10,Brazil
2023-01-07,U03438,PPC,Free Trial,2023-01-12,,5,670,473,France
2023-09-27,U03439,Referral,Monthly,2023-10-04,,3,795,374,India
2023-07-23,U03440,Referral,Monthly,2023-08-02,,4,1600,347,Brazil
2023-03-05,U03441,Organic,Free Trial,2023-03-14,,5,1655,403,USA
2023-07-01,U03442,PPC,Free Trial,2023-07-08,,9,1368,416,France
2023-08-09,U03443,Organic,Monthly,2023-08-23,,9,3033,283,Germany
2023-08-21,U03444,Referral,Monthly,2023-09-03,,3,765,250,India
2023-02-06,U03445,Referral,Free Trial,2023-02-11,,7,875,67,Brazil
2023-07-05,U03446,PPC,Monthly,2023-07-12,,6,2316,135,Germany
2023-11-13,U03447,Social Media,Monthly,2023-11-27,,4,1248,338,India
2023-03-02,U03448,Social Media,Inactive,2023-03-10,2023-04-22,0,0,375,France
2023-07-14,U03449,PPC,Free Trial,2023-07-17,,2,610,487,Brazil
2023-03-18,U03450,Organic,Annual,2023-03-20,,7,357,1327,USA
2023-03-27,U03451,PPC,Monthly,2023-04-08,,4,1776,61,India
2023-01-12,U03452,PPC,Free Trial,2023-01-16,,2,88,232,USA
2023-12-04,U03453,PPC,Monthly,2023-12-14,,6,2988,311,Germany
2023-08-23,U03454,Organic,Monthly,2023-09-04,,2,100,372,Germany
2023-09-11,U03455,Referral,Inactive,2023-09-14,2023-10-02,0,0,278,France
2023-01-01,U03456,Organic,Free Trial,2023-01-05,,7,931,105,France
2023-10-27,U03457,PPC,Monthly,2023-11-03,,1,66,282,UK
2023-08-19,U03458,PPC,Monthly,2023-08-27,,7,2121,332,UK
2023-08-04,U03459,PPC,Inactive,2023-08-18,2023-10-05,0,0,70,France
2023-04-30,U03460,PPC,Monthly,2023-05-12,,1,244,330,Brazil
2023-06-27,U03461,Organic,Inactive,2023-07-01,2023-07-26,0,0,190,Germany
2023-08-13,U03462,Organic,Inactive,2023-08-23,2023-10-10,0,0,142,USA
2023-08-16,U03463,PPC,Free Trial,2023-08-30,,1,467,425,France
2023-03-15,U03464,PPC,Inactive,2023-03-18,2023-05-09,0,0,98,Brazil
2023-04-28,U03465,Organic,Inactive,2023-05-01,2023-05-17,0,0,182,USA
2023-03-11,U03466,Social Media,Free Trial,2023-03-23,,1,141,321,UK
2023-05-28,U03467,PPC,Monthly,2023-05-30,,3,555,14,USA
2023-10-14,U03468,PPC,Monthly,2023-10-26,,5,305,366,France
2023-01-27,U03469,Social Media,Free Trial,2023-01-28,,4,188,352,Germany
2023-12-30,U03470,Organic,Free Trial,2024-01-04,,2,974,213,France
2023-09-20,U03471,Organic,Free Trial,2023-09-29,,1,498,171,India
2023-07-18,U03472,Social Media,Free Trial,2023-07-19,,4,1408,70,Brazil
2023-07-28,U03473,PPC,Monthly,2023-07-30,,7,98,480,Brazil
2023-10-12,U03474,PPC,Free Trial,2023-10-16,,4,888,473,Brazil
2023-11-16,U03475,Social Media,Inactive,2023-11-18,2023-12-20,0,0,199,India
2023-10-07,U03476,Social Media,Annual,2023-10-13,,8,2680,1565,India
2023-04-04,U03477,Referral,Free Trial,2023-04-11,,8,3024,72,Germany
2023-03-17,U03478,PPC,Monthly,2023-03-26,,5,1090,53,Brazil
2023-03-11,U03479,PPC,Monthly,2023-03-17,,1,226,248,France
2023-10-30,U03480,PPC,Inactive,2023-11-12,2024-01-03,0,0,37,India
2023-04-28,U03481,Organic,Free Trial,2023-05-05,,2,702,207,France
2023-01-02,U03482,PPC,Free Trial,2023-01-07,,6,1284,278,UK
2023-11-12,U03483,Organic,Inactive,2023-11-17,2023-12-06,0,0,180,Brazil
2023-12-28,U03484,Referral,Inactive,2024-01-05,2024-02-08,0,0,39,India
2023-05-31,U03485,PPC,Annual,2023-06-09,,3,705,1146,India
2023-11-09,U03486,PPC,Annual,2023-11-14,,6,1362,861,Germany
2023-05-31,U03487,Organic,Free Trial,2023-06-05,,6,1320,72,France
2023-06-14,U03488,Organic,Monthly,2023-06-27,,3,105,338,Germany
2023-10-06,U03489,Organic,Free Trial,2023-10-10,,7,1827,66,Germany
2023-08-23,U03490,PPC,Free Trial,2023-08-25,,4,48,329,France
2023-04-12,U03491,Organic,Inactive,2023-04-23,2023-06-07,0,0,217,UK
2023-03-27,U03492,PPC,Free Trial,2023-04-02,,9,909,442,France
2023-07-30,U03493,Social Media,Monthly,2023-08-08,,6,66,317,UK
2023-09-11,U03494,Social Media,Inactive,2023-09-22,2023-11-11,0,0,72,Germany
2023-12-21,U03495,PPC,Free Trial,2024-01-03,,8,640,257,UK
2023-03-22,U03496,Organic,Inactive,2023-04-05,2023-05-02,0,0,475,Brazil
2023-04-26,U03497,Social Media,Inactive,2023-04-28,2023-06-10,0,0,150,UK
2023-04-14,U03498,Social Media,Monthly,2023-04-23,,2,736,102,UK
2023-05-22,U03499,Organic,Free Trial,2023-05-27,,6,2862,116,India
2023-07-31,U03500,Social Media,Monthly,2023-08-06,,8,632,374,India
2023-02-02,U03501,Organic,Monthly,2023-02-03,,5,1050,97,Germany
2023-04-15,U03502,Social Media,Monthly,2023-04-17,,1,317,310,France
2023-04-30,U03503,Referral,Free Trial,2023-05-08,,8,2088,117,UK
2023-08-02,U03504,Organic,Inactive,2023-08-14,2023-09-04,0,0,55,Brazil
2023-01-12,U03505,Social Media,Free Trial,2023-01-22,,1,419,86,India
2023-04-01,U03506,PPC,Annual,2023-04-10,,8,2408,1974,France
2023-09-13,U03507,Referral,Free Trial,2023-09-15,,2,326,178,Brazil
2023-08-08,U03508,PPC,Monthly,2023-08-22,,4,1684,311,UK
2023-11-04,U03509,Social Media,Inactive,2023-11-12,2023-12-26,0,0,138,France
2023-12-19,U03510,Organic,Free Trial,2023-12-27,,2,760,210,Brazil
2023-07-23,U03511,Organic,Free Trial,2023-07-30,,3,249,205,USA
2023-07-16,U03512,Organic,Monthly,2023-07-29,,8,2264,357,Brazil
2023-06-20,U03513,Referral,Annual,2023-07-04,,4,1120,1904,Brazil
2023-07-12,U03514,Social Media,Monthly,2023-07-18,,7,1358,97,UK
2023-01-25,U03515,Social Media,Monthly,2023-02-04,,3,1086,262,France
2023-10-21,U03516,Referral,Free Trial,2023-10-22,,3,42,247,UK
2023-11-16,U03517,Organic,Inactive,2023-11-22,2023-12-08,0,0,82,UK
2023-11-30,U03518,Organic,Inactive,2023-12-10,2024-02-03,0,0,428,USA
2023-01-28,U03519,Organic,Monthly,2023-02-04,,6,570,367,Brazil
2023-10-11,U03520,Organic,Inactive,2023-10-14,2023-12-05,0,0,364,France
2023-01-17,U03521,Organic,Monthly,2023-01-25,,7,2905,170,Germany
2023-03-14,U03522,PPC,Monthly,2023-03-20,,4,1780,67,India
2023-08-15,U03523,Organic,Free Trial,2023-08-17,,3,72,393,UK
2023-11-27,U03524,Organic,Monthly,2023-12-01,,8,2256,382,UK
2023-11-14,U03525,Organic,Monthly,2023-11-21,,2,120,300,UK
2023-07-26,U03526,Organic,Free Trial,2023-08-05,,9,2358,439,UK
2023-02-07,U03527,Referral,Monthly,2023-02-10,,8,432,349,India
2023-06-13,U03528,Social Media,Annual,2023-06-20,,8,1600,882,Germany
2023-08-16,U03529,Referral,Monthly,2023-08-18,,3,393,437,USA
2023-01-28,U03530,PPC,Monthly,2023-02-03,,4,1684,35,Germany
2023-06-26,U03531,Organic,Inactive,2023-07-10,2023-08-05,0,0,307,India
2023-10-28,U03532,Social Media,Free Trial,2023-10-30,,2,446,86,France
2023-08-25,U03533,Organic,Monthly,2023-09-05,,4,632,295,USA
2023-03-12,U03534,Organic,Annual,2023-03-22,,6,1074,705,USA
2023-03-16,U03535,Organic,Monthly,2023-03-21,,5,1090,425,France
2023-10-13,U03536,Organic,Monthly,2023-10-20,,1,462,45,Brazil
2023-01-03,U03537,Organic,Free Trial,2023-01-15,,1,91,28,UK
2023-12-13,U03538,Organic,Inactive,2023-12-14,2024-01-17,0,0,287,India
2023-02-19,U03539,PPC,Monthly,2023-03-04,,3,615,330,France
2023-12-28,U03540,Organic,Inactive,2024-01-10,2024-01-31,0,0,322,Germany
2023-10-10,U03541,Organic,Monthly,2023-10-11,,7,2800,276,Germany
2023-04-27,U03542,Social Media,Monthly,2023-05-01,,1,354,291,Brazil
2023-11-21,U03543,Organic,Inactive,2023-12-01,2023-12-16,0,0,441,France
2023-03-20,U03544,Organic,Monthly,2023-03-30,,3,147,28,India
2023-03-22,U03545,Social Media,Monthly,2023-03-26,,8,1416,348,Brazil
2023-09-04,U03546,Organic,Monthly,2023-09-09,,1,52,149,Brazil
2023-05-14,U03547,Organic,Inactive,2023-05-15,2023-06-03,0,0,76,Brazil
2023-01-14,U03548,PPC,Monthly,2023-01-21,,9,1980,321,USA
2023-01-12,U03549,Organic,Monthly,2023-01-24,,4,752,27,USA
2023-11-11,U03550,PPC,Free Trial,2023-11-12,,8,3728,378,UK
2023-10-21,U03551,Social Media,Inactive,2023-11-04,2023-12-30,0,0,270,India
2023-10-30,U03552,Organic,Free Trial,2023-11-01,,3,312,121,Germany
2023-02-02,U03553,PPC,Monthly,2023-02-13,,7,1183,417,Germany
2023-02-25,U03554,PPC,Monthly,2023-03-09,,7,1771,471,UK
2023-07-16,U03555,Organic,Monthly,2023-07-18,,3,1272,124,Germany
2023-10-13,U03556,PPC,Monthly,2023-10-26,,2,52,175,Brazil
2023-07-30,U03557,Organic,Free Trial,2023-08-09,,9,1089,76,UK
2023-06-10,U03558,PPC,Monthly,2023-06-11,,1,112,264,UK
2023-03-03,U03559,Organic,Annual,2023-03-16,,7,2261,1481,France
2023-11-05,U03560,PPC,Inactive,2023-11-14,2023-12-11,0,0,469,USA
2023-01-27,U03561,Organic,Free Trial,2023-01-29,,2,88,317,India
2023-12-08,U03562,Social Media,Inactive,2023-12-18,2024-01-30,0,0,212,India
2023-07-17,U03563,Organic,Monthly,2023-07-25,,8,1608,136,USA
2023-10-22,U03564,PPC,Inactive,2023-10-28,2023-12-13,0,0,432,Brazil
2023-06-23,U03565,PPC,Monthly,2023-06-26,,7,1316,452,India
2023-12-12,U03566,Social Media,Monthly,2023-12-14,,5,565,419,Germany
2023-08-10,U03567,PPC,Inactive,2023-08-14,2023-09-13,0,0,330,Germany
2023-11-26,U03568,PPC,Inactive,2023-12-10,2024-01-01,0,0,89,India
2023-01-23,U03569,Social Media,Monthly,2023-02-06,,2,262,185,France
2023-06-20,U03570,Social Media,Free Trial,2023-06-21,,5,715,122,India
2023-11-03,U03571,Organic,Monthly,2023-11-16,,1,299,120,UK
2023-03-04,U03572,PPC,Monthly,2023-03-06,,6,1926,318,Brazil
2023-11-03,U03573,Social Media,Free Trial,2023-11-17,,4,932,146,UK
2023-10-08,U03574,Referral,Free Trial,2023-10-10,,6,204,142,USA
2023-11-12,U03575,Social Media,Inactive,2023-11-22,2024-01-02,0,0,381,Brazil
2023-06-20,U03576,Organic,Free Trial,2023-06-23,,3,66,337,Brazil
2023-10-28,U03577,Organic,Monthly,2023-10-29,,8,2624,198,Germany
2023-08-29,U03578,PPC,Free Trial,2023-09-11,,7,1673,286,Brazil
2023-06-14,U03579,Social Media,Monthly,2023-06-16,,1,111,234,France
2023-08-17,U03580,PPC,Free Trial,2023-08-31,,6,2754,112,India
2023-11-25,U03581,PPC,Free Trial,2023-11-30,,7,2709,116,UK
2023-07-13,U03582,Social Media,Annual,2023-07-24,,4,1540,1338,Germany
2023-04-28,U03583,Organic,Inactive,2023-05-01,2023-06-03,0,0,413,Germany
2023-11-25,U03584,Social Media,Free Trial,2023-12-08,,9,1908,451,France
2023-12-08,U03585,PPC,Monthly,2023-12-21,,7,1932,254,France
2023-12-21,U03586,Organic,Monthly,2023-12-25,,1,481,182,France
2023-01-16,U03587,PPC,Inactive,2023-01-29,2023-03-09,0,0,415,France
2023-08-15,U03588,Social Media,Annual,2023-08-29,,3,1122,682,UK
2023-06-08,U03589,Organic,Monthly,2023-06-16,,4,924,496,France
2023-09-12,U03590,Organic,Monthly,2023-09-14,,5,565,340,Germany
2023-01-06,U03591,Referral,Inactive,2023-01-16,2023-02-21,0,0,219,Germany
2023-05-03,U03592,Organic,Free Trial,2023-05-13,,6,2622,200,Brazil
2023-11-29,U03593,PPC,Monthly,2023-12-02,,6,2952,167,India
2023-12-04,U03594,PPC,Inactive,2023-12-13,2024-02-09,0,0,328,Germany
2023-08-09,U03595,PPC,Annual,2023-08-20,,6,468,973,Germany
2023-03-07,U03596,PPC,Monthly,2023-03-15,,8,2936,181,UK
2023-05-22,U03597,Organic,Monthly,2023-05-25,,6,1602,332,Brazil
2023-03-17,U03598,PPC,Monthly,2023-03-27,,4,708,451,Germany
2023-05-02,U03599,Organic,Monthly,2023-05-13,,4,1208,458,USA
2023-12-21,U03600,PPC,Monthly,2023-12-30,,9,3447,45,Germany
2023-09-29,U03601,Organic,Monthly,2023-10-04,,6,348,143,India
2023-07-28,U03602,PPC,Annual,2023-08-10,,8,2072,728,India
2023-05-03,U03603,Organic,Inactive,2023-05-09,2023-06-02,0,0,102,Brazil
2023-04-11,U03604,Organic,Free Trial,2023-04-24,,7,2380,84,Brazil
2023-10-31,U03605,Organic,Monthly,2023-11-06,,3,1287,253,France
2023-08-02,U03606,Organic,Monthly,2023-08-04,,1,84,192,UK
2023-04-17,U03607,Social Media,Monthly,2023-04-19,,5,1050,214,India
2023-10-27,U03608,Organic,Free Trial,2023-11-03,,2,926,468,USA
2023-05-26,U03609,Referral,Monthly,2023-06-04,,2,86,196,USA
2023-06-19,U03610,Referral,Inactive,2023-06-28,2023-07-13,0,0,175,France
2023-05-27,U03611,PPC,Monthly,2023-05-30,,3,360,124,UK
2023-09-29,U03612,Organic,Inactive,2023-10-09,2023-11-12,0,0,418,UK
2023-08-28,U03613,Organic,Inactive,2023-09-01,2023-10-23,0,0,216,Brazil
2023-05-04,U03614,Social Media,Free Trial,2023-05-15,,8,2600,254,Germany
2023-10-18,U03615,Organic,Free Trial,2023-10-31,,6,2430,342,USA
2023-03-22,U03616,Organic,Inactive,2023-03-31,2023-05-25,0,0,499,USA
2023-04-06,U03617,PPC,Inactive,2023-04-18,2023-05-05,0,0,170,USA
2023-10-06,U03618,Social Media,Free Trial,2023-10-09,,3,654,22,USA
2023-03-13,U03619,Social Media,Free Trial,2023-03-17,,7,987,303,India
2023-07-04,U03620,Organic,Free Trial,2023-07-06,,5,575,451,UK
2023-08-16,U03621,PPC,Inactive,2023-08-21,2023-09-21,0,0,481,Germany
2023-08-23,U03622,Organic,Free Trial,2023-09-06,,6,312,413,India
2023-07-03,U03623,Organic,Monthly,2023-07-15,,9,3393,245,UK
2023-10-15,U03624,Social Media,Inactive,2023-10-23,2023-11-23,0,0,282,France
2023-06-11,U03625,Organic,Free Trial,2023-06-23,,8,2192,388,USA
2023-10-26,U03626,Organic,Monthly,2023-11-07,,5,1175,123,Germany
2023-05-06,U03627,Organic,Free Trial,2023-05-11,,6,2976,161,UK
2023-10-21,U03628,Social Media,Inactive,2023-10-31,2023-11-23,0,0,35,France
2023-01-13,U03629,Social Media,Free Trial,2023-01-16,,1,231,177,USA
2023-09-14,U03630,PPC,Monthly,2023-09-24,,3,1137,41,France
2023-09-05,U03631,Social Media,Monthly,2023-09-13,,6,804,230,France
2023-08-29,U03632,Organic,Free Trial,2023-09-03,,9,2565,215,India
2023-06-05,U03633,PPC,Free Trial,2023-06-09,,6,1056,430,France
2023-02-02,U03634,Organic,Monthly,2023-02-16,,6,960,351,India
2023-12-02,U03635,Organic,Free Trial,2023-12-10,,1,50,107,Brazil
2023-03-07,U03636,PPC,Inactive,2023-03-14,2023-04-21,0,0,100,India
2023-05-30,U03637,Referral,Inactive,2023-06-10,2023-07-20,0,0,485,France
2023-04-06,U03638,Organic,Monthly,2023-04-07,,2,88,386,UK
2023-12-05,U03639,Organic,Monthly,2023-12-12,,1,416,223,France
2023-11-09,U03640,Organic,Monthly,2023-11-11,,3,969,197,France
2023-04-25,U03641,Organic,Inactive,2023-05-02,2023-06-02,0,0,66,UK
2023-06-21,U03642,Referral,Monthly,2023-06-22,,5,1200,116,USA
2023-11-07,U03643,PPC,Free Trial,2023-11-09,,1,224,451,Germany
2023-09-13,U03644,PPC,Free Trial,2023-09-27,,7,2261,204,Brazil
2023-10-01,U03645,Social Media,Monthly,2023-10-08,,1,110,31,USA
2023-11-03,U03646,Organic,Monthly,2023-11-11,,4,264,195,France
2023-10-17,U03647,PPC,Monthly,2023-10-20,,6,1344,377,USA
2023-08-24,U03648,PPC,Free Trial,2023-08-25,,1,432,94,Germany
2023-12-08,U03649,PPC,Annual,2023-12-09,,7,1155,1193,USA
2023-01-25,U03650,Referral,Free Trial,2023-01-29,,7,511,338,Germany
2023-05-25,U03651,Social Media,Free Trial,2023-06-08,,3,213,86,USA
2023-06-30,U03652,Organic,Monthly,2023-07-07,,4,1392,339,India
2023-04-17,U03653,Social Media,Free Trial,2023-04-29,,6,2268,392,France
2023-02-21,U03654,Organic,Monthly,2023-02-23,,7,2639,442,Germany
2023-10-10,U03655,Organic,Monthly,2023-10-14,,4,284,386,Brazil
2023-08-27,U03656,Organic,Monthly,2023-09-03,,9,927,350,France
2023-02-12,U03657,Organic,Monthly,2023-02-15,,9,4302,186,India
2023-12-18,U03658,PPC,Free Trial,2023-12-31,,9,4329,435,USA
2023-04-27,U03659,PPC,Free Trial,2023-05-05,,6,2100,433,France
2023-05-16,U03660,Referral,Inactive,2023-05-28,2023-07-25,0,0,464,USA
2023-05-29,U03661,PPC,Monthly,2023-05-31,,2,888,183,USA
2023-06-14,U03662,PPC,Monthly,2023-06-28,,4,520,415,France
2023-09-29,U03663,Organic,Free Trial,2023-10-01,,9,531,91,Germany
2023-03-01,U03664,Organic,Monthly,2023-03-13,,3,1140,30,Germany
2023-05-13,U03665,PPC,Monthly,2023-05-21,,6,1566,188,France
2023-09-21,U03666,PPC,Monthly,2023-10-02,,2,90,407,Germany
2023-04-08,U03667,Social Media,Annual,2023-04-12,,1,419,679,UK
2023-03-17,U03668,Organic,Free Trial,2023-03-28,,5,1490,234,USA
2023-07-10,U03669,Organic,Free Trial,2023-07-15,,8,3104,274,France
2023-04-29,U03670,PPC,Inactive,2023-04-30,2023-05-26,0,0,411,Brazil
2023-01-20,U03671,Organic,Inactive,2023-01-27,2023-03-07,0,0,278,India
2023-02-16,U03672,Organic,Free Trial,2023-03-01,,8,2704,260,France
2023-10-17,U03673,Social Media,Monthly,2023-10-21,,3,435,282,France
2023-06-24,U03674,Organic,Free Trial,2023-06-30,,1,203,391,USA
2023-02-25,U03675,PPC,Free Trial,2023-03-10,,4,920,352,India
2023-01-27,U03676,Organic,Monthly,2023-02-05,,8,2304,418,USA
2023-05-31,U03677,Organic,Free Trial,2023-06-03,,3,1005,447,Brazil
2023-03-19,U03678,Organic,Annual,2023-03-25,,2,128,782,Germany
2023-03-26,U03679,Social Media,Monthly,2023-03-28,,7,3052,289,France
2023-10-02,U03680,Organic,Free Trial,2023-10-08,,4,1972,232,USA
2023-11-01,U03681,Social Media,Free Trial,2023-11-05,,6,714,84,Brazil
2023-02-20,U03682,Organic,Inactive,2023-02-23,2023-03-18,0,0,160,Brazil
2023-02-12,U03683,Social Media,Free Trial,2023-02-25,,2,830,434,UK
2023-08-23,U03684,Organic,Monthly,2023-09-01,,2,548,368,France
2023-10-11,U03685,PPC,Monthly,2023-10-23,,9,1539,351,Brazil
2023-09-13,U03686,PPC,Monthly,2023-09-20,,2,392,426,Germany
2023-01-04,U03687,Referral,Monthly,2023-01-10,,8,3352,114,USA
2023-02-24,U03688,Organic,Free Trial,2023-03-08,,8,1104,51,USA
2023-08-16,U03689,Organic,Free Trial,2023-08-17,,1,493,185,UK
2023-08-11,U03690,Organic,Free Trial,2023-08-12,,1,117,254,Germany
2023-08-06,U03691,Social Media,Monthly,2023-08-09,,4,1592,262,Brazil
2023-01-02,U03692,PPC,Monthly,2023-01-07,,2,868,283,UK
2023-07-08,U03693,Social Media,Free Trial,2023-07-19,,1,456,456,Brazil
2023-05-03,U03694,Organic,Free Trial,2023-05-15,,9,3735,343,Brazil
2023-07-26,U03695,Organic,Monthly,2023-07-28,,3,231,101,France
2023-02-08,U03696,Organic,Monthly,2023-02-21,,1,441,20,India
2023-07-01,U03697,Referral,Inactive,2023-07-09,2023-08-11,0,0,161,Brazil
2023-03-10,U03698,PPC,Monthly,2023-03-24,,8,1224,198,USA
2023-04-07,U03699,Referral,Monthly,2023-04-09,,5,2365,457,Brazil
2023-10-31,U03700,Organic,Monthly,2023-11-06,,7,434,173,UK
2023-08-20,U03701,PPC,Inactive,2023-08-25,2023-10-13,0,0,135,Brazil
2023-02-07,U03702,PPC,Inactive,2023-02-09,2023-04-09,0,0,220,USA
2023-11-16,U03703,Organic,Monthly,2023-11-23,,6,1980,470,USA
2023-11-17,U03704,Social Media,Free Trial,2023-11-26,,7,1512,106,UK
2023-11-28,U03705,Referral,Free Trial,2023-11-29,,4,1316,318,USA
2023-05-30,U03706,Social Media,Monthly,2023-06-11,,8,1800,348,Germany
2023-07-06,U03707,Social Media,Annual,2023-07-13,,8,616,1434,Germany
2023-04-21,U03708,Organic,Monthly,2023-04-22,,7,3192,317,India
2023-07-02,U03709,Organic,Free Trial,2023-07-03,,2,142,233,Germany
2023-08-20,U03710,Referral,Annual,2023-08-26,,6,1314,886,UK
2023-12-26,U03711,Organic,Inactive,2024-01-07,2024-01-25,0,0,66,Brazil
2023-05-07,U03712,Social Media,Free Trial,2023-05-11,,7,2352,84,Germany
2023-04-20,U03713,Social Media,Monthly,2023-04-26,,6,2274,263,India
2023-01-18,U03714,PPC,Monthly,2023-01-24,,2,876,160,France
2023-03-09,U03715,Referral,Inactive,2023-03-19,2023-05-05,0,0,68,France
2023-12-28,U03716,Organic,Inactive,2024-01-05,2024-01-24,0,0,334,UK
2023-11-30,U03717,Organic,Monthly,2023-12-08,,9,3510,449,India
2023-12-19,U03718,Organic,Monthly,2023-12-23,,8,3736,95,Germany
2023-01-12,U03719,PPC,Inactive,2023-01-21,2023-03-14,0,0,179,India
2023-02-06,U03720,Organic,Monthly,2023-02-16,,3,222,155,USA
2023-01-02,U03721,Organic,Monthly,2023-01-14,,8,1112,336,India
2023-08-30,U03722,Social Media,Annual,2023-09-02,,2,372,1845,Germany
2023-02-04,U03723,Referral,Free Trial,2023-02-06,,9,2583,12,UK
2023-09-07,U03724,Organic,Monthly,2023-09-21,,4,1956,293,USA
2023-06-02,U03725,Organic,Inactive,2023-06-12,2023-07-23,0,0,266,India
2023-12-16,U03726,Referral,Annual,2023-12-21,,3,516,1123,France
2023-12-30,U03727,Organic,Monthly,2024-01-12,,3,1422,456,Germany
2023-11-12,U03728,Organic,Free Trial,2023-11-26,,3,1023,122,UK
2023-05-11,U03729,Organic,Monthly,2023-05-21,,2,322,312,Brazil
2023-04-19,U03730,PPC,Free Trial,2023-04-24,,8,2872,302,Germany
2023-01-25,U03731,Organic,Free Trial,2023-02-08,,9,2205,351,India
2023-06-02,U03732,Referral,Annual,2023-06-04,,8,1336,1621,UK
2023-05-18,U03733,PPC,Free Trial,2023-05-20,,3,1431,373,France
2023-04-21,U03734,PPC,Monthly,2023-04-29,,7,3045,284,USA
2023-09-06,U03735,Organic,Monthly,2023-09-10,,2,672,407,India
2023-02-10,U03736,PPC,Inactive,2023-02-17,2023-03-23,0,0,204,UK
2023-10-16,U03737,PPC,Monthly,2023-10-24,,6,1890,348,USA
2022-12-31,U03738,Social Media,Free Trial,2023-01-01,,5,1320,234,UK
2023-04-05,U03739,Social Media,Free Trial,2023-04-19,,9,3303,222,Brazil
2023-02-01,U03740,PPC,Monthly,2023-02-14,,4,1856,330,India
2023-10-11,U03741,Referral,Monthly,2023-10-21,,5,2265,291,UK
2023-11-14,U03742,Social Media,Monthly,2023-11-19,,4,488,147,France
2023-03-24,U03743,Social Media,Monthly,2023-04-04,,8,312,364,UK
2023-06-15,U03744,Organic,Free Trial,2023-06-25,,8,168,342,India
2023-10-26,U03745,Organic,Monthly,2023-11-04,,3,558,79,UK
2023-07-28,U03746,Organic,Monthly,2023-08-09,,1,488,308,USA
2023-09-14,U03747,PPC,Free Trial,2023-09-20,,6,2082,79,USA
2023-06-11,U03748,PPC,Free Trial,2023-06-24,,2,110,492,Brazil
2023-01-18,U03749,PPC,Free Trial,2023-01-27,,2,360,217,Germany
2023-11-20,U03750,Social Media,Free Trial,2023-11-22,,3,417,498,Brazil
2023-05-01,U03751,Social Media,Monthly,2023-05-12,,8,2032,209,Germany
2023-11-05,U03752,Referral,Free Trial,2023-11-15,,3,1086,68,France
2023-03-28,U03753,Organic,Free Trial,2023-04-02,,7,1484,268,USA
2023-04-23,U03754,PPC,Free Trial,2023-04-26,,9,2115,398,Germany
2023-11-27,U03755,Organic,Inactive,2023-11-28,2024-01-16,0,0,350,UK
2023-03-16,U03756,Organic,Inactive,2023-03-20,2023-05-18,0,0,360,France
2023-10-03,U03757,Organic,Free Trial,2023-10-07,,7,308,343,India
2023-04-16,U03758,Organic,Monthly,2023-04-20,,7,427,366,Germany
2023-07-27,U03759,PPC,Free Trial,2023-08-08,,8,1360,348,Brazil
2023-08-09,U03760,Social Media,Monthly,2023-08-20,,5,2390,174,Germany
2023-05-04,U03761,Organic,Free Trial,2023-05-09,,9,837,254,Brazil
2023-03-21,U03762,Social Media,Monthly,2023-04-01,,9,3033,93,Brazil
2023-06-17,U03763,PPC,Monthly,2023-06-20,,8,3552,445,USA
2023-09-29,U03764,Organic,Inactive,2023-10-06,2023-10-22,0,0,459,France
2023-05-25,U03765,PPC,Free Trial,2023-06-06,,6,1404,386,Brazil
2023-01-08,U03766,Organic,Inactive,2023-01-10,2023-02-16,0,0,456,USA
2023-12-10,U03767,PPC,Annual,2023-12-19,,6,1956,1538,USA
2023-07-24,U03768,PPC,Free Trial,2023-08-01,,4,652,490,Brazil
2023-07-27,U03769,Organic,Monthly,2023-08-08,,4,1208,318,France
2023-11-10,U03770,Organic,Free Trial,2023-11-11,,2,846,123,UK
2023-06-02,U03771,PPC,Free Trial,2023-06-10,,4,416,243,Germany
2023-03-31,U03772,Referral,Free Trial,2023-04-02,,5,1170,271,USA
2023-05-26,U03773,Organic,Monthly,2023-06-03,,5,1380,400,Germany
2023-04-07,U03774,Social Media,Monthly,2023-04-18,,5,2230,181,France
2023-01-02,U03775,PPC,Inactive,2023-01-15,2023-02-04,0,0,27,UK
2023-02-25,U03776,Referral,Free Trial,2023-03-11,,1,142,244,India
2023-03-08,U03777,Social Media,Inactive,2023-03-19,2023-04-17,0,0,319,UK
2023-04-06,U03778,PPC,Free Trial,2023-04-17,,3,1218,392,France
2023-07-31,U03779,PPC,Annual,2023-08-09,,2,912,1633,UK
2023-11-12,U03780,Social Media,Monthly,2023-11-14,,9,1971,220,India
2023-08-13,U03781,Organic,Free Trial,2023-08-16,,7,3381,290,USA
2023-02-01,U03782,Organic,Inactive,2023-02-09,2023-02-25,0,0,328,UK
2023-03-05,U03783,Organic,Monthly,2023-03-16,,2,362,205,Brazil
2023-09-19,U03784,Social Media,Monthly,2023-09-29,,9,3663,124,Brazil
2023-11-28,U03785,Social Media,Monthly,2023-12-09,,9,3006,406,France
2023-07-13,U03786,Organic,Monthly,2023-07-27,,9,612,169,UK
2023-09-17,U03787,PPC,Monthly,2023-09-24,,4,772,164,India
2023-10-13,U03788,PPC,Annual,2023-10-21,,3,1497,648,France
2023-01-26,U03789,Organic,Free Trial,2023-01-28,,6,1134,427,UK
2023-09-10,U03790,Referral,Monthly,2023-09-24,,3,993,293,France
2023-07-29,U03791,Organic,Inactive,2023-08-09,2023-09-05,0,0,82,Brazil
2023-12-25,U03792,Organic,Free Trial,2024-01-05,,3,63,337,India
2023-08-25,U03793,PPC,Free Trial,2023-08-28,,2,936,350,USA
2023-01-31,U03794,Social Media,Annual,2023-02-03,,8,616,834,India
2023-01-07,U03795,Organic,Monthly,2023-01-09,,6,2616,295,USA
2023-12-25,U03796,PPC,Monthly,2024-01-03,,8,2704,230,Germany
2023-09-25,U03797,PPC,Free Trial,2023-10-01,,7,1477,18,Brazil
2023-10-02,U03798,Organic,Monthly,2023-10-04,,3,1452,406,Brazil
2023-05-03,U03799,Organic,Free Trial,2023-05-05,,8,120,91,Brazil
2023-10-09,U03800,PPC,Monthly,2023-10-10,,1,24,329,India
2023-10-07,U03801,Organic,Annual,2023-10-12,,1,51,1785,USA
2023-04-07,U03802,Referral,Free Trial,2023-04-15,,8,320,384,Germany
2023-12-14,U03803,Social Media,Monthly,2023-12-15,,9,4311,31,Germany
2023-08-06,U03804,Referral,Inactive,2023-08-07,2023-08-31,0,0,424,Germany
2023-02-22,U03805,Organic,Monthly,2023-02-27,,5,1355,108,France
2023-02-26,U03806,Referral,Inactive,2023-03-03,2023-03-21,0,0,179,India
2023-09-12,U03807,PPC,Monthly,2023-09-15,,9,3798,199,India
2023-09-24,U03808,Organic,Annual,2023-10-05,,6,180,1885,Brazil
2023-10-07,U03809,Organic,Free Trial,2023-10-16,,8,3112,329,India
2023-02-06,U03810,Organic,Free Trial,2023-02-18,,9,1719,467,India
2023-11-11,U03811,PPC,Free Trial,2023-11-21,,9,1737,274,France
2023-12-25,U03812,PPC,Monthly,2024-01-06,,8,2024,391,India
2023-09-24,U03813,Organic,Inactive,2023-09-26,2023-11-12,0,0,360,USA
2023-08-06,U03814,PPC,Monthly,2023-08-18,,3,474,437,Germany
2023-05-31,U03815,Organic,Monthly,2023-06-03,,3,795,456,France
2023-02-21,U03816,PPC,Annual,2023-03-01,,2,218,1065,France
2023-04-24,U03817,Organic,Monthly,2023-05-02,,1,64,353,Brazil
2023-01-26,U03818,Social Media,Monthly,2023-02-07,,4,780,434,India
2023-06-24,U03819,Social Media,Monthly,2023-06-25,,2,658,122,Germany
2023-06-06,U03820,PPC,Monthly,2023-06-19,,2,190,337,USA
2023-04-12,U03821,Organic,Free Trial,2023-04-25,,5,915,315,Germany
2023-10-05,U03822,Organic,Inactive,2023-10-18,2023-12-14,0,0,157,UK
2023-12-10,U03823,Social Media,Free Trial,2023-12-22,,1,31,346,Germany
2023-03-14,U03824,Organic,Free Trial,2023-03-22,,9,2277,229,USA
2023-01-07,U03825,Organic,Inactive,2023-01-12,2023-02-06,0,0,463,USA
2023-11-13,U03826,Organic,Monthly,2023-11-27,,5,565,435,USA
2023-09-30,U03827,PPC,Monthly,2023-10-13,,7,1036,42,France
2023-07-11,U03828,PPC,Monthly,2023-07-23,,2,624,229,France
2023-08-14,U03829,Social Media,Monthly,2023-08-19,,8,1344,328,UK
2023-05-02,U03830,Organic,Free Trial,2023-05-14,,2,482,194,Germany
2023-07-28,U03831,Organic,Monthly,2023-08-07,,5,430,202,India
2023-02-09,U03832,Social Media,Monthly,2023-02-11,,2,54,370,Brazil
2023-01-01,U03833,Social Media,Annual,2023-01-04,,2,62,588,UK
2023-08-23,U03834,Organic,Monthly,2023-09-06,,4,772,364,India
2023-03-11,U03835,PPC,Inactive,2023-03-22,2023-04-24,0,0,481,India
2023-08-28,U03836,Organic,Free Trial,2023-09-02,,8,376,15,UK
2023-08-17,U03837,Referral,Monthly,2023-08-28,,6,1740,400,Germany
2023-07-12,U03838,Organic,Monthly,2023-07-13,,8,2376,18,Brazil
2023-02-18,U03839,Referral,Inactive,2023-02-24,2023-03-26,0,0,366,India
2023-09-28,U03840,PPC,Free Trial,2023-10-10,,4,88,70,France
2023-09-19,U03841,PPC,Monthly,2023-09-23,,2,390,473,France
2023-03-03,U03842,Organic,Inactive,2023-03-17,2023-04-27,0,0,427,UK
2023-11-25,U03843,PPC,Free Trial,2023-11-26,,2,886,172,Brazil
2023-06-20,U03844,PPC,Inactive,2023-06-27,2023-07-28,0,0,108,Brazil
2023-07-26,U03845,Organic,Free Trial,2023-08-05,,8,2224,157,India
2023-09-20,U03846,PPC,Annual,2023-10-04,,9,954,746,UK
2023-11-30,U03847,Referral,Inactive,2023-12-06,2024-01-25,0,0,224,Brazil
2023-06-11,U03848,PPC,Monthly,2023-06-22,,7,2562,325,Brazil
2023-02-28,U03849,Social Media,Monthly,2023-03-10,,2,606,499,France
2023-07-26,U03850,Organic,Free Trial,2023-08-04,,6,60,191,UK
2023-01-12,U03851,PPC,Inactive,2023-01-16,2023-02-26,0,0,44,India
2023-07-02,U03852,Organic,Monthly,2023-07-14,,1,36,312,India
2023-03-28,U03853,PPC,Free Trial,2023-04-06,,2,90,55,France
2023-07-25,U03854,Referral,Monthly,2023-07-30,,2,338,96,USA
2023-02-06,U03855,PPC,Monthly,2023-02-20,,6,2604,13,USA
2023-09-24,U03856,Organic,Free Trial,2023-09-25,,1,408,275,Brazil
2023-02-18,U03857,Organic,Free Trial,2023-02-26,,4,160,116,Germany
2023-10-01,U03858,PPC,Free Trial,2023-10-08,,5,680,84,France
2022-12-31,U03859,PPC,Monthly,2023-01-04,,2,542,49,Germany
2023-04-24,U03860,Social Media,Monthly,2023-04-26,,2,708,136,Brazil
2023-08-12,U03861,Social Media,Monthly,2023-08-21,,7,3115,192,France
2023-10-19,U03862,PPC,Inactive,2023-10-30,2023-12-28,0,0,128,India
2023-08-26,U03863,Organic,Inactive,2023-08-31,2023-09-20,0,0,82,France
2023-01-25,U03864,Organic,Monthly,2023-01-31,,1,40,49,UK
2023-03-13,U03865,Organic,Free Trial,2023-03-19,,3,327,213,Germany
2023-10-13,U03866,Organic,Monthly,2023-10-20,,9,3042,474,France
2023-02-10,U03867,PPC,Monthly,2023-02-18,,1,311,105,Germany
2023-12-18,U03868,PPC,Monthly,2023-12-25,,2,920,288,Brazil
2023-02-09,U03869,PPC,Monthly,2023-02-11,,8,2896,152,France
2023-09-07,U03870,Organic,Monthly,2023-09-20,,7,1596,124,USA
2023-10-06,U03871,Organic,Inactive,2023-10-13,2023-12-03,0,0,485,Germany
2023-04-08,U03872,Organic,Free Trial,2023-04-19,,4,720,381,India
2023-02-14,U03873,Organic,Monthly,2023-02-25,,4,1064,495,India
2023-10-19,U03874,Social Media,Free Trial,2023-11-02,,7,3059,142,France
2023-02-15,U03875,Organic,Inactive,2023-02-20,2023-04-08,0,0,177,India
2023-07-01,U03876,PPC,Free Trial,2023-07-09,,9,162,411,India
2023-08-28,U03877,Organic,Free Trial,2023-09-09,,2,28,254,Germany
2023-02-02,U03878,Social Media,Monthly,2023-02-08,,1,344,286,France
2023-12-18,U03879,PPC,Monthly,2023-12-23,,7,861,472,Germany
2023-10-21,U03880,Organic,Free Trial,2023-10-27,,6,1644,268,France
2023-02-14,U03881,PPC,Monthly,2023-02-16,,3,546,55,India
2023-05-10,U03882,Social Media,Monthly,2023-05-14,,1,229,355,France
2023-08-05,U03883,Referral,Free Trial,2023-08-07,,5,1070,344,Brazil
2023-07-09,U03884,Organic,Monthly,2023-07-13,,4,132,392,France
2023-01-11,U03885,Social Media,Inactive,2023-01-24,2023-02-22,0,0,246,UK
2023-05-03,U03886,Referral,Monthly,2023-05-15,,1,179,62,France
2023-10-28,U03887,Referral,Annual,2023-11-02,,1,415,1861,UK
2023-08-08,U03888,PPC,Monthly,2023-08-10,,5,560,196,Germany
2023-12-31,U03889,PPC,Monthly,2024-01-04,,6,414,30,UK
2023-11-01,U03890,PPC,Free Trial,2023-11-09,,5,475,99,Germany
2023-06-20,U03891,Social Media,Free Trial,2023-06-26,,2,528,242,France
2023-10-30,U03892,PPC,Inactive,2023-11-04,2023-11-29,0,0,224,Germany
2023-08-21,U03893,PPC,Inactive,2023-09-03,2023-10-17,0,0,378,India
2023-04-24,U03894,PPC,Monthly,2023-04-29,,5,880,60,Brazil
2023-08-24,U03895,Social Media,Free Trial,2023-09-04,,9,837,162,France
2023-08-04,U03896,Social Media,Free Trial,2023-08-12,,3,1401,333,UK
2023-11-15,U03897,Organic,Monthly,2023-11-18,,5,1055,125,Brazil
2023-02-20,U03898,Social Media,Monthly,2023-02-22,,5,495,403,USA
2023-05-28,U03899,PPC,Free Trial,2023-06-09,,2,196,223,Brazil
2023-05-27,U03900,Social Media,Inactive,2023-06-02,2023-07-19,0,0,460,France
2023-09-19,U03901,PPC,Monthly,2023-10-02,,2,258,348,Brazil
2023-07-11,U03902,Organic,Inactive,2023-07-18,2023-09-11,0,0,360,Brazil
2023-04-04,U03903,Referral,Annual,2023-04-13,,2,940,1492,India
2023-12-30,U03904,Organic,Annual,2024-01-11,,9,3672,500,Germany
2023-09-09,U03905,Social Media,Monthly,2023-09-13,,6,1182,430,Brazil
2023-12-30,U03906,PPC,Monthly,2024-01-09,,8,1576,375,UK
2023-08-13,U03907,PPC,Monthly,2023-08-17,,9,2439,80,UK
2023-03-09,U03908,Organic,Monthly,2023-03-14,,8,488,254,India
2023-10-02,U03909,PPC,Monthly,2023-10-14,,5,745,47,Brazil
2023-02-05,U03910,Organic,Inactive,2023-02-13,2023-03-04,0,0,225,Brazil
2023-03-01,U03911,Organic,Annual,2023-03-04,,6,2934,1093,India
2023-12-31,U03912,Organic,Annual,2024-01-08,,1,84,1929,France
2023-06-08,U03913,Organic,Inactive,2023-06-12,2023-07-29,0,0,235,USA
2023-12-16,U03914,Referral,Free Trial,2023-12-30,,2,980,324,USA
2023-10-02,U03915,Referral,Free Trial,2023-10-12,,6,834,450,Germany
2023-08-31,U03916,Organic,Monthly,2023-09-04,,9,576,483,UK
2023-10-06,U03917,Social Media,Monthly,2023-10-18,,3,840,453,France
2023-08-15,U03918,Organic,Inactive,2023-08-29,2023-10-18,0,0,293,UK
2023-09-10,U03919,PPC,Monthly,2023-09-11,,5,545,421,France
2023-02-19,U03920,Social Media,Monthly,2023-03-02,,9,702,311,India
2023-03-04,U03921,Referral,Monthly,2023-03-14,,6,2448,255,Germany
2023-01-19,U03922,PPC,Free Trial,2023-01-22,,8,2464,80,India
2023-02-11,U03923,Social Media,Monthly,2023-02-15,,8,3736,204,UK
2023-06-03,U03924,Organic,Inactive,2023-06-04,2023-06-19,0,0,479,Germany
2023-11-14,U03925,Referral,Free Trial,2023-11-28,,5,1815,448,Brazil
2023-03-30,U03926,Organic,Monthly,2023-04-13,,2,250,47,France
2023-07-30,U03927,PPC,Monthly,2023-07-31,,5,805,126,France
2023-03-15,U03928,PPC,Free Trial,2023-03-24,,7,2373,247,Germany
2023-07-13,U03929,PPC,Free Trial,2023-07-16,,7,875,373,India
2023-01-17,U03930,Organic,Inactive,2023-01-21,2023-03-02,0,0,411,Germany
2023-03-05,U03931,Referral,Monthly,2023-03-17,,7,2324,213,India
2023-08-20,U03932,Organic,Free Trial,2023-08-30,,6,360,360,Germany
2023-05-01,U03933,PPC,Free Trial,2023-05-03,,7,483,328,India
2023-10-06,U03934,Organic,Monthly,2023-10-13,,8,1904,368,USA
2023-09-04,U03935,Organic,Monthly,2023-09-09,,4,1072,14,Germany
2023-06-01,U03936,PPC,Monthly,2023-06-09,,1,369,437,India
2023-12-25,U03937,PPC,Free Trial,2024-01-02,,8,112,498,Brazil
2023-07-19,U03938,Organic,Inactive,2023-08-01,2023-08-27,0,0,166,UK
2023-04-07,U03939,Organic,Monthly,2023-04-15,,3,789,116,UK
2023-04-12,U03940,PPC,Monthly,2023-04-18,,3,1119,237,Germany
2023-02-03,U03941,Social Media,Monthly,2023-02-06,,5,2355,151,Germany
2023-11-25,U03942,Social Media,Monthly,2023-12-06,,3,720,323,France
2023-08-01,U03943,Organic,Inactive,2023-08-08,2023-09-30,0,0,181,India
2023-12-31,U03944,Organic,Inactive,2024-01-03,2024-02-22,0,0,155,Germany
2023-04-01,U03945,Organic,Monthly,2023-04-15,,1,366,16,UK
2023-12-30,U03946,Organic,Inactive,2024-01-13,2024-01-31,0,0,352,UK
2023-03-22,U03947,PPC,Annual,2023-04-03,,2,682,1822,UK
2023-12-16,U03948,PPC,Inactive,2023-12-27,2024-02-22,0,0,455,India
2023-12-12,U03949,Organic,Free Trial,2023-12-14,,9,3132,310,USA
2023-07-29,U03950,Organic,Monthly,2023-08-05,,2,626,25,Germany
2023-12-14,U03951,Organic,Free Trial,2023-12-17,,9,3528,329,USA
2023-10-13,U03952,Social Media,Inactive,2023-10-22,2023-11-16,0,0,46,India
2023-02-06,U03953,Referral,Free Trial,2023-02-19,,8,296,162,Brazil
2023-05-14,U03954,Organic,Monthly,2023-05-23,,1,16,274,Germany
2023-01-24,U03955,Organic,Monthly,2023-01-27,,5,1205,192,France
2023-05-16,U03956,Social Media,Monthly,2023-05-21,,9,1872,165,Germany
2023-06-09,U03957,Referral,Monthly,2023-06-11,,4,412,146,Germany
2023-08-25,U03958,PPC,Inactive,2023-08-28,2023-10-02,0,0,405,Germany
2023-09-18,U03959,Organic,Monthly,2023-09-24,,6,582,411,Germany
2023-09-26,U03960,Organic,Inactive,2023-09-28,2023-10-16,0,0,484,Brazil
2023-01-25,U03961,PPC,Free Trial,2023-01-26,,3,585,99,Germany
2023-09-27,U03962,Organic,Monthly,2023-09-30,,8,2016,449,India
2023-08-25,U03963,Organic,Monthly,2023-09-01,,3,231,227,Germany
2023-05-26,U03964,PPC,Free Trial,2023-05-30,,2,640,339,Brazil
2023-08-29,U03965,Organic,Monthly,2023-09-03,,6,2760,195,India
2023-07-30,U03966,Social Media,Monthly,2023-08-05,,3,1326,390,Germany
2023-12-12,U03967,Organic,Monthly,2023-12-15,,1,383,218,Germany
2023-06-27,U03968,Organic,Annual,2023-07-02,,3,1332,702,India
2023-05-19,U03969,PPC,Monthly,2023-05-24,,6,1176,297,Germany
2023-08-03,U03970,Organic,Free Trial,2023-08-04,,3,744,97,Brazil
2023-05-01,U03971,Referral,Free Trial,2023-05-02,,9,3591,441,UK
2023-11-20,U03972,PPC,Monthly,2023-11-21,,7,1589,145,Germany
2023-02-21,U03973,Organic,Free Trial,2023-03-02,,5,585,167,France
2023-06-01,U03974,Social Media,Free Trial,2023-06-09,,2,632,291,India
2023-07-05,U03975,Organic,Monthly,2023-07-14,,9,423,417,Brazil
2023-06-05,U03976,Referral,Monthly,2023-06-14,,5,2020,164,Germany
2023-12-07,U03977,Organic,Monthly,2023-12-20,,7,3115,472,Germany
2023-01-01,U03978,PPC,Annual,2023-01-09,,9,3222,1187,India
2023-11-08,U03979,Organic,Monthly,2023-11-09,,4,1140,468,USA
2023-08-03,U03980,PPC,Monthly,2023-08-17,,9,171,176,Brazil
2023-11-17,U03981,Social Media,Annual,2023-11-28,,1,35,1834,Brazil
2023-03-19,U03982,Social Media,Monthly,2023-03-24,,6,342,188,UK
2023-08-12,U03983,Organic,Monthly,2023-08-20,,2,712,338,UK
2023-09-02,U03984,Organic,Monthly,2023-09-16,,8,3032,59,Germany
2023-03-22,U03985,Social Media,Free Trial,2023-04-01,,5,115,310,India
2023-03-22,U03986,Referral,Monthly,2023-03-26,,3,327,96,France
2023-02-01,U03987,Organic,Monthly,2023-02-11,,2,392,42,Germany
2023-10-20,U03988,PPC,Inactive,2023-10-26,2023-11-22,0,0,284,UK
2023-02-13,U03989,Organic,Inactive,2023-02-21,2023-03-11,0,0,150,Germany
2023-01-17,U03990,Social Media,Monthly,2023-01-31,,9,3492,215,India
2023-07-13,U03991,Organic,Free Trial,2023-07-24,,8,2304,233,Brazil
2023-03-20,U03992,Organic,Free Trial,2023-03-29,,4,1400,122,Brazil
2023-06-26,U03993,Social Media,Monthly,2023-06-29,,2,674,287,Brazil
2023-09-06,U03994,Organic,Monthly,2023-09-14,,2,352,413,Brazil
2023-02-17,U03995,PPC,Free Trial,2023-02-25,,2,262,362,France
2023-11-25,U03996,PPC,Monthly,2023-11-30,,6,2412,14,USA
2023-02-12,U03997,Organic,Free Trial,2023-02-23,,7,3367,391,France
2023-01-21,U03998,Organic,Inactive,2023-01-23,2023-02-12,0,0,221,Germany
2023-08-16,U03999,PPC,Free Trial,2023-08-20,,2,68,265,UK
2023-01-22,U04000,Organic,Inactive,2023-01-24,2023-02-20,0,0,343,India
2023-05-14,U04001,PPC,Inactive,2023-05-22,2023-06-07,0,0,484,Germany
2023-05-25,U04002,Social Media,Monthly,2023-05-28,,4,152,483,USA
2023-08-26,U04003,Social Media,Annual,2023-09-04,,5,2265,1248,India
2023-07-06,U04004,Organic,Monthly,2023-07-07,,7,2324,39,India
2023-08-06,U04005,Organic,Monthly,2023-08-13,,9,3150,356,India
2023-01-16,U04006,Organic,Monthly,2023-01-20,,2,644,419,Germany
2023-11-25,U04007,Organic,Monthly,2023-12-06,,8,648,91,USA
2023-07-05,U04008,PPC,Monthly,2023-07-11,,3,837,480,Germany
2023-12-23,U04009,PPC,Monthly,2023-12-26,,9,2331,245,India
2023-11-19,U04010,Organic,Monthly,2023-11-22,,4,1216,353,India
2023-08-05,U04011,Organic,Free Trial,2023-08-06,,3,459,397,UK
2023-07-20,U04012,Organic,Monthly,2023-07-22,,6,1698,370,France
2023-10-03,U04013,PPC,Free Trial,2023-10-14,,9,2088,332,Germany
2023-03-10,U04014,Organic,Free Trial,2023-03-20,,7,588,262,USA
2023-06-01,U04015,PPC,Free Trial,2023-06-11,,4,444,127,India
2023-08-04,U04016,Organic,Free Trial,2023-08-05,,3,87,436,Germany
2023-05-05,U04017,Social Media,Free Trial,2023-05-18,,4,504,39,France
2023-04-23,U04018,Social Media,Inactive,2023-05-01,2023-06-18,0,0,120,Germany
2023-12-24,U04019,Organic,Free Trial,2024-01-07,,3,1146,409,France
2023-07-18,U04020,Organic,Monthly,2023-08-01,,9,1638,263,Germany
2023-07-18,U04021,PPC,Free Trial,2023-07-22,,4,52,208,UK
2023-09-15,U04022,Organic,Inactive,2023-09-17,2023-10-06,0,0,304,Germany
2023-09-01,U04023,PPC,Monthly,2023-09-15,,5,2440,351,Brazil
2023-01-24,U04024,Social Media,Monthly,2023-02-03,,7,1099,306,UK
2023-02-19,U04025,PPC,Monthly,2023-03-02,,5,2020,296,France
2023-07-02,U04026,Social Media,Monthly,2023-07-14,,1,123,442,India
2023-01-09,U04027,Organic,Monthly,2023-01-22,,2,660,406,India
2023-08-23,U04028,Organic,Free Trial,2023-09-02,,5,2055,498,Germany
2023-12-22,U04029,Social Media,Inactive,2024-01-02,2024-01-26,0,0,434,USA
2023-08-29,U04030,Organic,Monthly,2023-09-05,,7,2163,253,Germany
2023-05-26,U04031,PPC,Monthly,2023-06-08,,2,980,230,UK
2023-02-10,U04032,Organic,Annual,2023-02-20,,9,1143,1003,UK
2023-03-03,U04033,Organic,Monthly,2023-03-17,,6,654,392,France
2023-12-01,U04034,Referral,Inactive,2023-12-15,2024-01-21,0,0,245,Germany
2023-11-09,U04035,Organic,Monthly,2023-11-23,,2,368,329,France
2023-08-01,U04036,Referral,Annual,2023-08-04,,3,504,971,USA
2023-05-01,U04037,Referral,Free Trial,2023-05-04,,1,393,28,India
2023-02-21,U04038,Social Media,Inactive,2023-03-03,2023-05-02,0,0,224,India
2023-12-09,U04039,PPC,Annual,2023-12-12,,4,1728,1677,Germany
2023-12-17,U04040,PPC,Free Trial,2023-12-21,,5,235,123,France
2023-02-18,U04041,Social Media,Free Trial,2023-03-03,,7,3304,209,France
2023-03-08,U04042,Organic,Monthly,2023-03-13,,1,440,34,USA
2023-04-07,U04043,PPC,Inactive,2023-04-09,2023-05-15,0,0,431,France
2023-02-16,U04044,PPC,Free Trial,2023-02-28,,3,435,130,Brazil
2023-01-30,U04045,PPC,Monthly,2023-02-02,,2,226,239,Brazil
2023-11-21,U04046,PPC,Free Trial,2023-12-04,,8,3832,108,UK
2023-07-28,U04047,Organic,Monthly,2023-07-30,,5,1010,355,Brazil
2023-02-17,U04048,PPC,Monthly,2023-02-22,,1,259,12,Brazil
2023-01-29,U04049,Social Media,Inactive,2023-02-07,2023-03-07,0,0,395,UK
2023-12-10,U04050,Organic,Monthly,2023-12-13,,1,64,270,Brazil
2023-11-08,U04051,Referral,Inactive,2023-11-22,2023-12-10,0,0,454,Brazil
2023-04-11,U04052,PPC,Monthly,2023-04-25,,9,846,263,UK
2023-11-12,U04053,Social Media,Free Trial,2023-11-19,,7,826,29,Germany
2023-07-27,U04054,PPC,Monthly,2023-08-05,,5,260,213,UK
2023-03-04,U04055,Social Media,Monthly,2023-03-16,,3,1191,303,UK
2023-12-22,U04056,Organic,Inactive,2024-01-03,2024-02-16,0,0,473,Brazil
2023-03-07,U04057,Social Media,Inactive,2023-03-21,2023-04-27,0,0,366,India
2023-10-12,U04058,Organic,Free Trial,2023-10-13,,9,2493,137,Brazil
2023-01-12,U04059,Social Media,Free Trial,2023-01-18,,5,340,367,Germany
2023-04-05,U04060,Referral,Free Trial,2023-04-14,,6,2820,301,UK
2023-04-07,U04061,Organic,Inactive,2023-04-11,2023-05-28,0,0,183,USA
2023-03-18,U04062,Organic,Inactive,2023-03-26,2023-05-02,0,0,230,UK
2023-09-05,U04063,Social Media,Annual,2023-09-06,,7,1967,1279,Germany
2023-12-12,U04064,Organic,Monthly,2023-12-25,,1,399,378,France
2023-06-28,U04065,Social Media,Monthly,2023-07-09,,2,46,46,Brazil
2023-06-04,U04066,Organic,Monthly,2023-06-07,,7,2660,319,India
2023-10-12,U04067,Organic,Free Trial,2023-10-16,,8,968,158,India
2023-05-28,U04068,Referral,Monthly,2023-06-05,,4,1552,414,Brazil
2023-01-19,U04069,PPC,Free Trial,2023-01-27,,6,1938,101,Brazil
2023-03-10,U04070,Social Media,Free Trial,2023-03-14,,3,1272,79,Germany
2023-01-15,U04071,Organic,Inactive,2023-01-28,2023-02-19,0,0,93,UK
2023-12-25,U04072,PPC,Annual,2024-01-03,,3,1482,550,USA
2023-12-02,U04073,PPC,Monthly,2023-12-13,,7,1246,429,UK
2023-01-22,U04074,PPC,Monthly,2023-01-31,,8,3080,214,UK
2023-05-04,U04075,PPC,Monthly,2023-05-08,,3,900,497,USA
2023-10-14,U04076,PPC,Annual,2023-10-23,,2,510,1292,India
2023-12-29,U04077,PPC,Annual,2023-12-30,,6,1650,1585,UK
2023-09-06,U04078,Organic,Annual,2023-09-10,,4,1384,1156,France
2023-09-11,U04079,Social Media,Annual,2023-09-17,,8,2016,1694,France
2023-10-06,U04080,Organic,Free Trial,2023-10-18,,2,998,352,Germany
2023-04-03,U04081,PPC,Monthly,2023-04-14,,4,668,40,Germany
2023-07-28,U04082,Organic,Monthly,2023-07-29,,2,618,366,USA
2023-10-17,U04083,PPC,Monthly,2023-10-29,,2,896,430,USA
2023-02-16,U04084,Social Media,Annual,2023-02-23,,2,672,1583,Germany
2023-04-27,U04085,Organic,Monthly,2023-05-09,,1,27,70,Brazil
2023-12-12,U04086,Organic,Free Trial,2023-12-22,,4,368,76,UK
2023-07-12,U04087,Organic,Monthly,2023-07-15,,2,688,235,Brazil
2023-03-15,U04088,PPC,Inactive,2023-03-27,2023-04-19,0,0,422,India
2023-09-14,U04089,Social Media,Free Trial,2023-09-20,,9,3159,460,France
2023-10-12,U04090,Organic,Monthly,2023-10-21,,7,1834,344,USA
2023-02-12,U04091,Social Media,Monthly,2023-02-17,,6,1056,336,Germany
2023-08-09,U04092,Organic,Free Trial,2023-08-16,,3,153,76,France
2023-05-10,U04093,PPC,Monthly,2023-05-13,,7,1806,137,Brazil
2023-05-13,U04094,Referral,Annual,2023-05-27,,1,257,1291,USA
2023-11-05,U04095,Organic,Monthly,2023-11-13,,9,4023,281,USA
2023-05-14,U04096,PPC,Inactive,2023-05-28,2023-06-15,0,0,310,UK
2023-10-25,U04097,Organic,Free Trial,2023-11-06,,6,1770,43,USA
2023-04-18,U04098,Organic,Free Trial,2023-04-28,,6,174,221,India
2023-03-26,U04099,Organic,Inactive,2023-04-05,2023-04-29,0,0,309,USA
2023-01-07,U04100,Organic,Monthly,2023-01-20,,4,1444,382,India
2023-04-30,U04101,PPC,Monthly,2023-05-12,,3,1170,134,Brazil
2023-08-15,U04102,PPC,Annual,2023-08-20,,6,306,1381,UK
2023-01-09,U04103,PPC,Monthly,2023-01-18,,1,354,490,India
2023-10-01,U04104,Organic,Annual,2023-10-15,,8,768,1017,Brazil
2023-05-17,U04105,Organic,Free Trial,2023-05-27,,8,2160,129,France
2023-02-06,U04106,PPC,Free Trial,2023-02-19,,9,2835,179,USA
2023-10-14,U04107,Referral,Free Trial,2023-10-23,,6,1836,44,Germany
2023-01-31,U04108,Organic,Inactive,2023-02-02,2023-02-20,0,0,391,Germany
2023-06-11,U04109,Social Media,Free Trial,2023-06-20,,3,747,340,India
2023-07-08,U04110,PPC,Annual,2023-07-12,,1,176,1039,UK
2023-10-16,U04111,PPC,Inactive,2023-10-24,2023-11-23,0,0,349,India
2023-04-23,U04112,PPC,Monthly,2023-04-27,,3,684,423,Brazil
2023-12-13,U04113,Organic,Monthly,2023-12-18,,2,900,318,Brazil
2023-02-15,U04114,Organic,Monthly,2023-02-21,,3,1497,67,India
2023-04-17,U04115,PPC,Monthly,2023-04-28,,9,3870,421,India
2023-10-01,U04116,Organic,Monthly,2023-10-13,,8,3200,408,France
2023-03-03,U04117,Referral,Monthly,2023-03-05,,3,426,431,Brazil
2023-09-09,U04118,PPC,Inactive,2023-09-11,2023-10-11,0,0,315,France
2023-10-03,U04119,Organic,Inactive,2023-10-11,2023-12-05,0,0,150,India
2023-05-12,U04120,Social Media,Inactive,2023-05-14,2023-06-08,0,0,120,UK
2023-09-03,U04121,Organic,Inactive,2023-09-14,2023-10-23,0,0,172,USA
2023-11-26,U04122,PPC,Monthly,2023-11-29,,8,1544,120,Brazil
2023-04-30,U04123,PPC,Monthly,2023-05-08,,1,210,161,Germany
2023-07-27,U04124,Referral,Inactive,2023-07-31,2023-08-22,0,0,385,France
2023-06-27,U04125,Social Media,Monthly,2023-06-30,,4,1052,74,Brazil
2023-04-19,U04126,PPC,Inactive,2023-04-24,2023-05-25,0,0,115,USA
2023-02-22,U04127,PPC,Monthly,2023-03-04,,7,2541,225,France
2023-06-12,U04128,Referral,Monthly,2023-06-20,,9,3276,100,Brazil
2023-04-02,U04129,Organic,Annual,2023-04-16,,1,470,1774,France
2023-09-19,U04130,Organic,Inactive,2023-09-26,2023-11-09,0,0,451,France
2023-06-02,U04131,Organic,Free Trial,2023-06-16,,6,2718,35,India
2023-04-16,U04132,Organic,Annual,2023-04-22,,7,735,762,India
2023-11-24,U04133,PPC,Monthly,2023-12-02,,7,805,81,France
2023-07-19,U04134,PPC,Free Trial,2023-07-20,,8,1216,53,France
2023-04-10,U04135,PPC,Annual,2023-04-20,,8,1400,1782,Germany
2023-09-29,U04136,Organic,Monthly,2023-10-05,,8,80,142,USA
2023-07-10,U04137,Social Media,Monthly,2023-07-11,,8,440,170,USA
2023-12-17,U04138,Organic,Monthly,2023-12-31,,8,2008,241,UK
2023-02-24,U04139,PPC,Monthly,2023-03-09,,6,2118,389,UK
2023-10-17,U04140,PPC,Monthly,2023-10-28,,9,3924,270,UK
2023-10-21,U04141,Organic,Monthly,2023-10-29,,3,1491,392,India
2023-11-16,U04142,Organic,Free Trial,2023-11-28,,6,1722,378,India
2023-11-18,U04143,Organic,Inactive,2023-11-29,2024-01-24,0,0,120,Germany
2023-12-01,U04144,Social Media,Monthly,2023-12-07,,8,1208,173,India
2023-02-17,U04145,Referral,Annual,2023-03-03,,4,1580,737,UK
2023-08-31,U04146,PPC,Monthly,2023-09-10,,4,280,218,Brazil
2023-06-12,U04147,Organic,Monthly,2023-06-15,,5,2125,22,France
2023-07-02,U04148,PPC,Monthly,2023-07-03,,6,1818,418,UK
2023-02-17,U04149,Social Media,Monthly,2023-03-03,,4,936,67,Germany
2023-03-27,U04150,Social Media,Monthly,2023-04-07,,2,622,395,France
2023-03-21,U04151,Organic,Monthly,2023-03-23,,2,358,353,India
2023-11-25,U04152,Organic,Monthly,2023-11-30,,3,429,45,France
2023-06-05,U04153,Social Media,Free Trial,2023-06-18,,2,100,34,Brazil
2023-05-06,U04154,Organic,Monthly,2023-05-15,,1,240,43,Germany
2023-02-25,U04155,Organic,Free Trial,2023-03-07,,8,3344,149,India
2023-07-24,U04156,Organic,Free Trial,2023-07-28,,5,1175,284,USA
2023-12-04,U04157,PPC,Inactive,2023-12-17,2024-01-21,0,0,379,UK
2023-04-26,U04158,Social Media,Monthly,2023-05-03,,9,1071,371,Brazil
2023-07-30,U04159,Referral,Monthly,2023-08-03,,8,3952,231,Brazil
2023-07-18,U04160,PPC,Monthly,2023-07-19,,4,1224,46,UK
2023-06-06,U04161,PPC,Inactive,2023-06-19,2023-07-21,0,0,372,Germany
2023-03-27,U04162,Organic,Monthly,2023-04-02,,7,462,138,Germany
2023-10-05,U04163,PPC,Annual,2023-10-17,,7,3073,743,Brazil
2023-03-05,U04164,Organic,Monthly,2023-03-18,,1,132,332,UK
2023-12-03,U04165,PPC,Inactive,2023-12-07,2024-01-20,0,0,442,France
2023-12-24,U04166,Organic,Inactive,2024-01-03,2024-02-16,0,0,227,USA
2023-02-22,U04167,Organic,Inactive,2023-02-27,2023-04-14,0,0,344,USA
2023-01-31,U04168,Organic,Free Trial,2023-02-01,,7,504,439,Germany
2023-05-18,U04169,Organic,Free Trial,2023-05-21,,9,432,257,Germany
2023-03-16,U04170,Organic,Free Trial,2023-03-26,,5,735,120,France
2023-11-13,U04171,Organic,Free Trial,2023-11-17,,8,3824,313,Germany
2023-07-17,U04172,Referral,Inactive,2023-07-18,2023-09-01,0,0,229,USA
2023-12-22,U04173,PPC,Free Trial,2024-01-05,,7,1750,205,UK
2023-03-27,U04174,PPC,Free Trial,2023-04-01,,7,3206,156,Brazil
2023-07-26,U04175,Social Media,Free Trial,2023-08-08,,9,2115,353,USA
2023-06-25,U04176,Referral,Free Trial,2023-07-03,,3,1356,49,France
2023-06-15,U04177,PPC,Free Trial,2023-06-24,,1,215,143,UK
2023-05-08,U04178,Social Media,Annual,2023-05-18,,2,346,1059,UK
2023-08-09,U04179,Organic,Monthly,2023-08-22,,6,216,361,Brazil
2023-06-17,U04180,Organic,Free Trial,2023-06-23,,9,4194,487,USA
2023-06-22,U04181,PPC,Monthly,2023-06-25,,3,576,200,UK
2023-12-04,U04182,PPC,Monthly,2023-12-05,,2,414,172,UK
2023-05-22,U04183,PPC,Free Trial,2023-06-02,,1,488,465,Germany
2023-09-30,U04184,Organic,Monthly,2023-10-04,,2,692,70,UK
2023-02-17,U04185,Organic,Annual,2023-02-19,,3,1338,1028,France
2023-12-12,U04186,PPC,Annual,2023-12-19,,7,812,1795,UK
2023-03-04,U04187,Organic,Annual,2023-03-17,,2,906,565,Germany
2023-03-12,U04188,PPC,Free Trial,2023-03-21,,5,990,226,India
2023-08-16,U04189,PPC,Inactive,2023-08-29,2023-10-07,0,0,234,India
2023-08-23,U04190,Social Media,Inactive,2023-09-01,2023-10-12,0,0,496,France
2023-04-25,U04191,Social Media,Inactive,2023-04-27,2023-06-25,0,0,225,Brazil
2023-09-25,U04192,Social Media,Free Trial,2023-10-09,,8,1424,148,Brazil
2023-01-09,U04193,PPC,Inactive,2023-01-11,2023-02-10,0,0,115,France
2023-08-27,U04194,Social Media,Inactive,2023-08-29,2023-09-28,0,0,108,UK
2023-05-02,U04195,PPC,Inactive,2023-05-13,2023-06-25,0,0,177,UK
2023-10-06,U04196,Organic,Free Trial,2023-10-09,,1,429,458,India
2023-04-14,U04197,Organic,Annual,2023-04-18,,2,386,1029,India
2023-10-07,U04198,Organic,Inactive,2023-10-17,2023-11-10,0,0,96,USA
2023-10-15,U04199,PPC,Monthly,2023-10-28,,1,246,93,India
2023-04-13,U04200,PPC,Monthly,2023-04-24,,5,2060,233,India
2023-10-08,U04201,Social Media,Inactive,2023-10-10,2023-11-29,0,0,20,France
2023-10-22,U04202,Organic,Monthly,2023-11-02,,4,1912,336,USA
2023-01-06,U04203,Organic,Monthly,2023-01-08,,5,655,195,Brazil
2023-04-14,U04204,Referral,Monthly,2023-04-22,,1,426,359,USA
2023-05-28,U04205,Organic,Inactive,2023-06-03,2023-07-01,0,0,388,UK
2023-07-03,U04206,PPC,Free Trial,2023-07-08,,7,2688,441,UK
2023-03-21,U04207,PPC,Monthly,2023-04-03,,8,576,240,USA
2023-03-29,U04208,PPC,Monthly,2023-04-08,,2,670,150,USA
2023-09-20,U04209,Organic,Annual,2023-10-04,,7,3423,1024,UK
2023-12-29,U04210,Organic,Monthly,2023-12-30,,6,954,262,France
2023-03-05,U04211,Organic,Inactive,2023-03-08,2023-04-15,0,0,453,France
2023-02-27,U04212,PPC,Inactive,2023-02-28,2023-03-20,0,0,58,France
2023-10-12,U04213,PPC,Free Trial,2023-10-24,,4,356,460,France
2023-04-02,U04214,Organic,Monthly,2023-04-07,,9,4491,272,UK
2023-03-17,U04215,PPC,Free Trial,2023-03-29,,1,324,214,Germany
2023-10-04,U04216,Social Media,Monthly,2023-10-15,,6,972,366,India
2023-02-12,U04217,Organic,Monthly,2023-02-16,,8,208,418,India
2023-08-02,U04218,PPC,Inactive,2023-08-06,2023-09-06,0,0,416,India
2023-10-05,U04219,PPC,Inactive,2023-10-08,2023-10-25,0,0,60,India
2023-05-29,U04220,Organic,Free Trial,2023-06-06,,2,714,184,UK
2023-11-24,U04221,Organic,Free Trial,2023-11-28,,1,468,234,Germany
2023-02-12,U04222,PPC,Monthly,2023-02-25,,5,1055,270,UK
2023-08-27,U04223,Social Media,Monthly,2023-09-05,,6,2592,489,Germany
2023-02-14,U04224,Social Media,Free Trial,2023-02-18,,4,1156,231,UK
2023-12-24,U04225,PPC,Inactive,2024-01-02,2024-02-03,0,0,232,USA
2023-08-28,U04226,Social Media,Inactive,2023-09-03,2023-10-23,0,0,278,Germany
2023-03-16,U04227,Organic,Monthly,2023-03-17,,5,2450,307,India
2023-12-12,U04228,PPC,Inactive,2023-12-26,2024-01-19,0,0,390,Germany
2023-10-30,U04229,PPC,Monthly,2023-11-13,,8,3600,398,Brazil
2023-07-11,U04230,Organic,Annual,2023-07-22,,9,2781,535,France
2023-10-21,U04231,Social Media,Monthly,2023-11-03,,3,903,327,Germany
2023-07-11,U04232,PPC,Free Trial,2023-07-22,,3,1092,394,Brazil
2023-09-04,U04233,Organic,Inactive,2023-09-13,2023-10-02,0,0,83,France
2023-02-17,U04234,Referral,Monthly,2023-03-02,,6,2322,123,Brazil
2023-09-29,U04235,Organic,Annual,2023-10-06,,4,532,1507,France
2023-08-28,U04236,Organic,Monthly,2023-09-02,,8,712,63,USA
2023-05-13,U04237,Organic,Free Trial,2023-05-23,,2,108,209,Germany
2023-11-19,U04238,Social Media,Free Trial,2023-11-27,,2,970,381,Brazil
2023-11-07,U04239,Social Media,Monthly,2023-11-09,,7,1694,140,USA
2023-07-27,U04240,Organic,Monthly,2023-08-09,,5,2445,348,India
2023-07-26,U04241,PPC,Monthly,2023-08-03,,1,163,201,Germany
2023-11-28,U04242,Organic,Monthly,2023-12-04,,7,2828,188,UK
2023-04-11,U04243,Social Media,Monthly,2023-04-21,,7,1323,395,UK
2023-12-10,U04244,PPC,Annual,2023-12-15,,6,2508,1212,UK
2023-11-02,U04245,PPC,Monthly,2023-11-03,,4,160,296,Brazil
2023-03-21,U04246,Referral,Inactive,2023-03-30,2023-04-24,0,0,249,Brazil
2023-10-11,U04247,Organic,Monthly,2023-10-23,,2,108,254,France
2023-04-09,U04248,Organic,Monthly,2023-04-16,,2,760,339,UK
2023-12-30,U04249,PPC,Free Trial,2024-01-04,,2,664,126,India
2023-10-07,U04250,Referral,Monthly,2023-10-19,,3,1023,217,Brazil
2023-03-26,U04251,Organic,Free Trial,2023-04-02,,6,1512,494,Germany
2023-12-10,U04252,Organic,Monthly,2023-12-17,,1,49,221,Brazil
2023-10-15,U04253,Organic,Free Trial,2023-10-17,,2,878,268,Germany
2023-04-15,U04254,PPC,Monthly,2023-04-27,,2,382,389,Brazil
2023-03-10,U04255,Organic,Annual,2023-03-23,,1,306,1150,France
2023-10-27,U04256,PPC,Monthly,2023-10-29,,3,1446,235,France
2023-03-16,U04257,Referral,Free Trial,2023-03-23,,7,2695,350,France
2023-03-26,U04258,PPC,Free Trial,2023-03-28,,1,90,429,India
2023-06-01,U04259,Organic,Annual,2023-06-13,,7,329,1511,Brazil
2023-03-03,U04260,PPC,Free Trial,2023-03-09,,5,1825,425,Germany
2023-10-22,U04261,Organic,Monthly,2023-10-25,,9,3861,255,Brazil
2023-09-10,U04262,Social Media,Monthly,2023-09-17,,2,952,27,USA
2023-10-04,U04263,PPC,Monthly,2023-10-16,,1,437,43,France
2023-01-09,U04264,Organic,Monthly,2023-01-16,,9,594,321,UK
2023-09-17,U04265,PPC,Inactive,2023-09-30,2023-10-27,0,0,495,USA
2023-04-27,U04266,PPC,Free Trial,2023-05-11,,6,2844,332,USA
2023-05-26,U04267,PPC,Free Trial,2023-05-30,,5,195,190,France
2023-09-02,U04268,Organic,Free Trial,2023-09-06,,8,2200,460,UK
2023-04-05,U04269,Social Media,Free Trial,2023-04-10,,8,1888,356,France
2023-06-17,U04270,Referral,Free Trial,2023-07-01,,5,1630,203,France
2023-02-22,U04271,PPC,Monthly,2023-03-05,,7,3192,201,UK
2023-02-16,U04272,Referral,Monthly,2023-02-27,,1,301,76,USA
2023-08-29,U04273,Organic,Monthly,2023-09-03,,4,252,218,USA
2023-05-23,U04274,PPC,Monthly,2023-05-30,,2,212,375,Brazil
2023-11-28,U04275,PPC,Annual,2023-12-06,,3,1374,925,UK
2023-02-22,U04276,PPC,Monthly,2023-03-01,,1,475,255,USA
2023-05-09,U04277,PPC,Free Trial,2023-05-14,,2,26,254,India
2023-11-04,U04278,Organic,Monthly,2023-11-13,,1,448,175,France
2023-09-07,U04279,Organic,Free Trial,2023-09-18,,8,2552,305,India
2023-05-27,U04280,Organic,Free Trial,2023-06-07,,4,1504,412,India
2023-09-02,U04281,Organic,Monthly,2023-09-12,,3,300,220,Brazil
2023-05-20,U04282,Social Media,Inactive,2023-05-28,2023-06-23,0,0,142,Brazil
2023-06-19,U04283,Organic,Annual,2023-06-21,,2,658,1888,Brazil
2023-03-10,U04284,Organic,Free Trial,2023-03-22,,3,1152,407,India
2023-07-18,U04285,PPC,Inactive,2023-07-31,2023-09-20,0,0,356,Germany
2023-02-28,U04286,PPC,Annual,2023-03-11,,6,954,991,Germany
2023-07-02,U04287,Social Media,Monthly,2023-07-15,,8,1944,73,India
2023-11-27,U04288,PPC,Inactive,2023-12-11,2024-01-09,0,0,121,France
2023-01-29,U04289,Organic,Monthly,2023-01-30,,2,692,365,India
2023-03-29,U04290,Social Media,Free Trial,2023-04-11,,2,136,194,India
2023-08-21,U04291,PPC,Monthly,2023-08-22,,7,1358,113,Brazil
2023-04-10,U04292,Organic,Monthly,2023-04-18,,1,447,428,Brazil
2023-02-07,U04293,PPC,Monthly,2023-02-09,,1,53,222,Brazil
2023-05-03,U04294,Referral,Monthly,2023-05-07,,7,1323,14,Germany
2023-09-25,U04295,Organic,Inactive,2023-10-03,2023-11-01,0,0,128,India
2023-04-21,U04296,Organic,Inactive,2023-04-23,2023-05-14,0,0,353,France
2023-05-12,U04297,Organic,Inactive,2023-05-23,2023-07-08,0,0,258,France
2023-08-16,U04298,Organic,Inactive,2023-08-28,2023-09-26,0,0,176,Brazil
2023-02-23,U04299,PPC,Inactive,2023-02-26,2023-04-15,0,0,392,Brazil
2023-02-12,U04300,PPC,Free Trial,2023-02-13,,9,4266,251,India
2023-03-08,U04301,Organic,Free Trial,2023-03-22,,4,256,289,France
2023-09-21,U04302,Referral,Monthly,2023-09-28,,9,1782,433,India
2023-09-06,U04303,Social Media,Inactive,2023-09-09,2023-10-26,0,0,372,Germany
2023-01-12,U04304,PPC,Monthly,2023-01-16,,7,2408,247,India
2023-12-25,U04305,Social Media,Annual,2023-12-28,,2,172,1682,Brazil
2023-03-04,U04306,Organic,Free Trial,2023-03-16,,4,1220,214,USA
2023-01-06,U04307,PPC,Free Trial,2023-01-19,,6,1368,495,Germany
2023-05-28,U04308,PPC,Annual,2023-06-02,,2,572,647,France
2023-11-16,U04309,Social Media,Free Trial,2023-11-26,,2,150,10,France
2023-06-13,U04310,Social Media,Monthly,2023-06-22,,2,290,180,Brazil
2023-12-22,U04311,Organic,Free Trial,2023-12-25,,3,729,176,Brazil
2023-11-08,U04312,Referral,Monthly,2023-11-22,,5,1040,403,Germany
2023-06-28,U04313,Organic,Annual,2023-07-03,,9,2475,891,Brazil
2023-01-08,U04314,Social Media,Monthly,2023-01-14,,6,2700,72,USA
2023-01-27,U04315,Referral,Monthly,2023-02-07,,9,3573,281,Germany
2023-04-13,U04316,Organic,Free Trial,2023-04-16,,5,260,46,Brazil
2023-03-07,U04317,Social Media,Inactive,2023-03-09,2023-04-18,0,0,25,UK
2023-04-29,U04318,Organic,Monthly,2023-05-12,,8,1896,263,USA
2023-03-03,U04319,PPC,Monthly,2023-03-13,,3,708,352,Germany
2023-05-07,U04320,PPC,Annual,2023-05-10,,2,144,1640,UK
2023-12-28,U04321,PPC,Free Trial,2024-01-04,,3,540,345,India
2023-04-29,U04322,Referral,Inactive,2023-05-10,2023-06-11,0,0,36,USA
2023-10-19,U04323,PPC,Monthly,2023-10-22,,6,1554,456,India
2023-01-18,U04324,PPC,Monthly,2023-02-01,,4,1388,120,UK
2023-07-19,U04325,Social Media,Free Trial,2023-07-21,,3,777,242,France
2023-01-05,U04326,Referral,Inactive,2023-01-07,2023-01-26,0,0,487,France
2023-05-28,U04327,Organic,Annual,2023-06-09,,4,988,1183,Brazil
2023-09-19,U04328,Referral,Free Trial,2023-09-21,,9,585,106,France
2023-11-26,U04329,Organic,Monthly,2023-11-30,,4,720,425,India
2023-09-05,U04330,Social Media,Inactive,2023-09-10,2023-10-08,0,0,402,USA
2023-05-26,U04331,Organic,Monthly,2023-05-29,,8,3912,276,India
2023-12-23,U04332,Organic,Annual,2023-12-28,,2,86,1116,India
2023-05-04,U04333,PPC,Monthly,2023-05-12,,3,972,335,France
2023-04-19,U04334,PPC,Annual,2023-05-02,,6,834,1362,India
2023-03-09,U04335,Organic,Monthly,2023-03-11,,7,973,241,UK
2023-08-01,U04336,Organic,Free Trial,2023-08-13,,4,1612,408,Germany
2023-11-29,U04337,PPC,Monthly,2023-12-07,,1,160,452,Germany
2023-04-23,U04338,Referral,Inactive,2023-05-01,2023-06-07,0,0,57,Germany
2023-06-22,U04339,Organic,Monthly,2023-06-24,,9,1143,359,Brazil
2023-05-13,U04340,Organic,Monthly,2023-05-17,,1,213,219,France
2023-11-09,U04341,PPC,Monthly,2023-11-17,,1,393,85,France
2023-02-20,U04342,Organic,Monthly,2023-02-23,,1,244,256,Germany
2023-06-09,U04343,Social Media,Inactive,2023-06-23,2023-07-29,0,0,325,USA
2023-01-15,U04344,Social Media,Annual,2023-01-19,,9,819,1753,Brazil
2023-05-13,U04345,PPC,Free Trial,2023-05-18,,3,69,322,Germany
2023-07-24,U04346,Organic,Inactive,2023-08-07,2023-10-05,0,0,73,India
2023-01-16,U04347,Social Media,Annual,2023-01-24,,9,1944,1647,Germany
2023-02-17,U04348,PPC,Inactive,2023-02-23,2023-03-13,0,0,89,Germany
2023-11-27,U04349,Social Media,Monthly,2023-12-03,,3,1164,352,USA
2023-12-11,U04350,PPC,Inactive,2023-12-25,2024-02-10,0,0,212,France
2023-01-04,U04351,Social Media,Free Trial,2023-01-17,,2,82,191,France
2023-08-15,U04352,PPC,Monthly,2023-08-18,,7,224,452,India
2023-06-28,U04353,PPC,Inactive,2023-07-08,2023-08-11,0,0,481,Germany
2023-01-17,U04354,Referral,Free Trial,2023-01-20,,7,1197,223,UK
2023-02-22,U04355,PPC,Free Trial,2023-03-04,,5,535,432,India
2023-05-06,U04356,PPC,Annual,2023-05-08,,8,1224,865,France
2023-03-22,U04357,Organic,Inactive,2023-04-01,2023-05-09,0,0,408,USA
2023-03-02,U04358,PPC,Free Trial,2023-03-05,,3,339,250,France
2023-02-08,U04359,PPC,Inactive,2023-02-15,2023-03-10,0,0,344,France
2023-02-08,U04360,Organic,Monthly,2023-02-14,,7,3248,211,USA
2023-01-12,U04361,Organic,Monthly,2023-01-21,,5,2130,421,Germany
2023-06-03,U04362,PPC,Inactive,2023-06-10,2023-08-04,0,0,301,Germany
2023-01-12,U04363,Social Media,Monthly,2023-01-21,,9,1620,63,France
2023-07-25,U04364,PPC,Free Trial,2023-08-08,,5,365,154,India
2023-10-27,U04365,Organic,Free Trial,2023-10-29,,7,1771,365,UK
2023-01-07,U04366,PPC,Monthly,2023-01-16,,9,720,95,India
2023-09-07,U04367,Organic,Monthly,2023-09-18,,1,283,480,Brazil
2023-06-23,U04368,PPC,Inactive,2023-06-29,2023-08-05,0,0,486,India
2023-04-20,U04369,Organic,Annual,2023-04-24,,1,378,1998,France
2023-08-27,U04370,Organic,Monthly,2023-08-30,,8,1072,340,France
2023-02-04,U04371,Organic,Annual,2023-02-08,,3,1176,734,UK
2023-06-02,U04372,Organic,Free Trial,2023-06-07,,2,652,245,UK
2023-11-01,U04373,Organic,Free Trial,2023-11-11,,4,1360,38,UK
2023-09-08,U04374,Organic,Inactive,2023-09-10,2023-10-15,0,0,192,France
2023-11-25,U04375,PPC,Free Trial,2023-12-03,,5,785,435,France
2023-08-29,U04376,PPC,Free Trial,2023-09-03,,8,3232,169,India
2023-10-16,U04377,Organic,Monthly,2023-10-20,,8,3776,407,France
2023-09-06,U04378,Social Media,Monthly,2023-09-08,,7,3073,27,Brazil
2023-08-10,U04379,Organic,Inactive,2023-08-22,2023-09-12,0,0,47,Germany
2023-02-15,U04380,PPC,Free Trial,2023-02-19,,5,1730,110,Germany
2023-06-30,U04381,Organic,Free Trial,2023-07-04,,6,1410,299,UK
2023-05-05,U04382,Organic,Monthly,2023-05-19,,8,2008,386,France
2023-07-25,U04383,PPC,Monthly,2023-08-06,,1,469,182,Brazil
2023-09-15,U04384,PPC,Monthly,2023-09-17,,6,2226,352,Germany
2023-08-14,U04385,Social Media,Monthly,2023-08-25,,6,1758,425,India
2023-04-18,U04386,PPC,Inactive,2023-04-22,2023-06-13,0,0,375,USA
2023-03-20,U04387,Referral,Inactive,2023-03-23,2023-04-30,0,0,76,India
2023-07-04,U04388,Organic,Free Trial,2023-07-11,,1,17,200,USA
2023-07-24,U04389,Organic,Monthly,2023-07-25,,8,2848,448,Brazil
2023-12-02,U04390,Organic,Monthly,2023-12-13,,6,2490,52,India
2023-04-11,U04391,Organic,Inactive,2023-04-20,2023-06-15,0,0,132,Germany
2023-08-07,U04392,PPC,Inactive,2023-08-21,2023-09-15,0,0,287,France
2023-02-25,U04393,PPC,Free Trial,2023-03-02,,6,1986,352,USA
2023-11-24,U04394,Organic,Annual,2023-11-26,,7,728,1610,France
2023-12-25,U04395,Referral,Monthly,2023-12-28,,8,1784,342,Brazil
2023-05-05,U04396,Social Media,Free Trial,2023-05-08,,5,365,134,France
2023-09-02,U04397,Organic,Free Trial,2023-09-04,,6,444,105,Germany
2023-09-26,U04398,Organic,Monthly,2023-10-07,,1,390,387,Brazil
2023-11-18,U04399,Organic,Monthly,2023-11-22,,6,1674,166,UK
2023-03-04,U04400,Organic,Free Trial,2023-03-15,,9,306,49,UK
2023-02-14,U04401,Organic,Monthly,2023-02-28,,4,1972,369,USA
2023-04-10,U04402,PPC,Free Trial,2023-04-15,,1,109,182,Germany
2023-01-06,U04403,Organic,Monthly,2023-01-12,,9,1026,384,France
2023-05-11,U04404,Organic,Monthly,2023-05-20,,4,560,403,India
2023-05-27,U04405,Referral,Free Trial,2023-06-09,,2,796,470,India
2023-03-15,U04406,PPC,Monthly,2023-03-21,,1,330,182,Brazil
2023-10-01,U04407,Referral,Free Trial,2023-10-08,,3,1341,129,USA
2023-12-25,U04408,Organic,Monthly,2024-01-04,,7,196,282,USA
2023-05-06,U04409,Organic,Free Trial,2023-05-20,,2,468,367,USA
2023-05-24,U04410,PPC,Monthly,2023-06-04,,9,1035,395,Germany
2023-11-12,U04411,Organic,Free Trial,2023-11-16,,2,126,410,India
2023-04-28,U04412,Organic,Monthly,2023-04-30,,5,2435,373,Brazil
2023-06-24,U04413,PPC,Annual,2023-07-06,,8,3752,1397,Germany
2023-09-08,U04414,PPC,Free Trial,2023-09-16,,8,3224,384,Brazil
2023-02-16,U04415,PPC,Monthly,2023-02-18,,3,705,431,Germany
2023-09-16,U04416,PPC,Free Trial,2023-09-23,,2,818,430,France
2023-08-31,U04417,PPC,Monthly,2023-09-10,,9,3321,328,Germany
2023-12-21,U04418,Organic,Free Trial,2023-12-22,,3,1317,270,Germany
2023-11-09,U04419,Organic,Monthly,2023-11-18,,8,3376,290,France
2023-03-11,U04420,Organic,Monthly,2023-03-18,,2,48,338,UK
2023-11-11,U04421,Organic,Inactive,2023-11-24,2023-12-21,0,0,133,France
2023-07-03,U04422,Referral,Monthly,2023-07-13,,1,148,485,USA
2023-01-25,U04423,PPC,Monthly,2023-01-28,,6,258,287,UK
2023-01-03,U04424,Social Media,Monthly,2023-01-14,,7,3003,102,India
2023-08-06,U04425,Organic,Inactive,2023-08-13,2023-08-28,0,0,456,Brazil
2023-04-01,U04426,Organic,Annual,2023-04-09,,1,364,1205,Germany
2023-10-07,U04427,Organic,Free Trial,2023-10-21,,3,1398,320,UK
2023-08-03,U04428,Organic,Inactive,2023-08-17,2023-09-27,0,0,137,India
2023-10-29,U04429,Organic,Monthly,2023-11-06,,5,140,29,France
2023-12-02,U04430,Social Media,Inactive,2023-12-11,2024-01-17,0,0,270,France
2023-04-03,U04431,PPC,Inactive,2023-04-12,2023-06-10,0,0,176,USA
2023-09-08,U04432,PPC,Free Trial,2023-09-21,,1,335,328,USA
2023-08-02,U04433,PPC,Annual,2023-08-15,,5,620,1801,UK
2023-09-26,U04434,Referral,Free Trial,2023-10-03,,5,2130,41,Brazil
2023-08-23,U04435,Organic,Free Trial,2023-09-03,,5,1805,240,Germany
2023-02-26,U04436,Organic,Free Trial,2023-03-07,,6,2838,200,France
2023-07-14,U04437,Organic,Annual,2023-07-17,,2,168,1982,UK
2023-04-28,U04438,Social Media,Free Trial,2023-05-06,,1,159,433,UK
2023-11-10,U04439,Referral,Free Trial,2023-11-12,,2,90,154,Brazil
2023-11-24,U04440,Organic,Annual,2023-12-02,,6,1506,1087,UK
2023-06-09,U04441,Social Media,Free Trial,2023-06-18,,5,800,88,USA
2023-09-16,U04442,Social Media,Free Trial,2023-09-27,,5,360,466,Brazil
2023-12-02,U04443,Organic,Free Trial,2023-12-05,,6,978,169,France
2023-04-19,U04444,Organic,Monthly,2023-05-01,,7,1379,264,USA
2023-06-24,U04445,PPC,Monthly,2023-06-30,,9,2088,288,USA
2023-11-17,U04446,Referral,Free Trial,2023-11-25,,7,714,468,Brazil
2023-02-10,U04447,Organic,Inactive,2023-02-23,2023-03-23,0,0,197,Brazil
2023-07-04,U04448,Social Media,Annual,2023-07-09,,6,2682,854,UK
2023-02-26,U04449,Organic,Monthly,2023-02-27,,9,1575,219,India
2023-03-29,U04450,Social Media,Monthly,2023-04-04,,7,3185,250,India
2023-02-02,U04451,PPC,Monthly,2023-02-09,,2,68,65,India
2023-12-29,U04452,PPC,Monthly,2024-01-10,,3,321,146,UK
2023-07-04,U04453,Social Media,Free Trial,2023-07-09,,8,2216,115,Germany
2023-04-10,U04454,Social Media,Free Trial,2023-04-12,,9,1431,78,France
2023-02-19,U04455,Social Media,Inactive,2023-02-26,2023-04-02,0,0,199,UK
2023-11-20,U04456,Organic,Free Trial,2023-11-22,,9,2349,201,UK
2023-09-21,U04457,PPC,Monthly,2023-09-26,,2,186,287,USA
2023-09-24,U04458,Organic,Inactive,2023-09-30,2023-11-23,0,0,41,India
2023-02-04,U04459,PPC,Monthly,2023-02-07,,2,362,184,Brazil
2023-02-14,U04460,PPC,Monthly,2023-02-26,,1,230,267,UK
2023-07-29,U04461,PPC,Monthly,2023-08-08,,5,590,132,Germany
2023-05-04,U04462,PPC,Free Trial,2023-05-10,,2,72,94,France
2023-01-17,U04463,Referral,Annual,2023-01-22,,7,1785,899,Germany
2023-11-17,U04464,Organic,Monthly,2023-12-01,,8,512,445,UK
2023-05-15,U04465,PPC,Inactive,2023-05-17,2023-06-21,0,0,225,UK
2023-08-26,U04466,Organic,Inactive,2023-08-31,2023-09-15,0,0,225,USA
2023-01-08,U04467,Organic,Inactive,2023-01-09,2023-03-06,0,0,23,Germany
2023-04-10,U04468,Organic,Inactive,2023-04-22,2023-06-13,0,0,46,USA
2023-05-23,U04469,Referral,Monthly,2023-06-04,,3,834,36,Brazil
2023-05-25,U04470,Social Media,Monthly,2023-06-06,,1,307,161,Germany
2023-03-30,U04471,Referral,Monthly,2023-04-09,,5,2040,73,India
2023-01-28,U04472,Referral,Monthly,2023-02-03,,8,704,79,Brazil
2023-11-30,U04473,Organic,Inactive,2023-12-07,2024-01-28,0,0,163,India
2023-04-06,U04474,Organic,Free Trial,2023-04-08,,9,2835,447,Germany
2023-01-18,U04475,PPC,Inactive,2023-01-25,2023-03-03,0,0,262,USA
2023-02-05,U04476,PPC,Inactive,2023-02-18,2023-04-10,0,0,280,India
2023-01-31,U04477,PPC,Inactive,2023-02-10,2023-04-05,0,0,38,UK
2023-05-29,U04478,Organic,Inactive,2023-06-10,2023-07-08,0,0,493,France
2023-07-09,U04479,PPC,Free Trial,2023-07-17,,9,4149,83,USA
2023-03-14,U04480,PPC,Free Trial,2023-03-24,,8,448,293,Brazil
2023-02-20,U04481,Organic,Free Trial,2023-02-24,,7,1785,68,Brazil
2023-04-01,U04482,PPC,Free Trial,2023-04-04,,1,98,252,Germany
2023-05-14,U04483,PPC,Monthly,2023-05-24,,4,848,338,Brazil
2023-02-17,U04484,PPC,Inactive,2023-02-21,2023-04-09,0,0,158,France
2023-03-07,U04485,Organic,Inactive,2023-03-21,2023-04-17,0,0,19,France
2023-05-12,U04486,Social Media,Monthly,2023-05-26,,4,1996,141,UK
2023-10-18,U04487,Organic,Free Trial,2023-10-19,,1,277,71,Brazil
2023-10-04,U04488,Organic,Free Trial,2023-10-13,,4,88,397,USA
2023-01-06,U04489,Social Media,Free Trial,2023-01-14,,3,438,392,France
2023-10-25,U04490,PPC,Monthly,2023-11-08,,6,1944,271,USA
2023-01-23,U04491,Organic,Monthly,2023-02-01,,5,910,227,UK
2023-12-01,U04492,PPC,Free Trial,2023-12-13,,5,1195,241,Germany
2023-07-01,U04493,PPC,Monthly,2023-07-07,,2,414,345,France
2023-04-16,U04494,Social Media,Free Trial,2023-04-24,,3,756,81,France
2023-07-16,U04495,Social Media,Monthly,2023-07-28,,6,312,485,France
2023-11-12,U04496,PPC,Monthly,2023-11-15,,2,678,25,Brazil
2023-03-02,U04497,PPC,Monthly,2023-03-06,,4,1152,47,USA
2023-04-06,U04498,Organic,Monthly,2023-04-20,,2,176,186,France
2023-01-20,U04499,Organic,Inactive,2023-01-27,2023-03-23,0,0,454,USA
2023-12-07,U04500,PPC,Free Trial,2023-12-08,,3,864,330,Brazil
2023-12-15,U04501,PPC,Monthly,2023-12-21,,6,1446,391,India
2023-11-21,U04502,PPC,Annual,2023-12-05,,1,110,1271,India
2023-06-07,U04503,Organic,Monthly,2023-06-16,,3,513,443,USA
2023-10-27,U04504,Organic,Inactive,2023-11-07,2023-12-24,0,0,26,Brazil
2023-02-18,U04505,PPC,Monthly,2023-02-26,,5,2280,378,India
2023-03-30,U04506,Organic,Monthly,2023-04-06,,8,944,165,UK
2023-01-26,U04507,Social Media,Free Trial,2023-02-09,,2,888,181,UK
2023-07-18,U04508,Organic,Monthly,2023-07-19,,7,1694,405,India
2023-04-12,U04509,PPC,Free Trial,2023-04-22,,9,1080,79,Germany
2023-02-16,U04510,Referral,Free Trial,2023-02-26,,7,2975,80,USA
2023-12-27,U04511,Organic,Monthly,2024-01-06,,3,1293,264,India
2023-03-31,U04512,PPC,Monthly,2023-04-09,,7,1687,465,USA
2023-04-13,U04513,Organic,Free Trial,2023-04-20,,8,3592,140,Brazil
2023-07-22,U04514,PPC,Monthly,2023-07-24,,1,247,58,India
2023-04-22,U04515,PPC,Monthly,2023-05-06,,3,618,30,UK
2023-03-10,U04516,PPC,Free Trial,2023-03-11,,5,1410,401,Brazil
2023-02-03,U04517,PPC,Monthly,2023-02-14,,6,570,329,Germany
2023-10-24,U04518,Social Media,Annual,2023-10-28,,3,912,1845,USA
2023-12-18,U04519,Organic,Monthly,2023-12-31,,4,200,196,Germany
2023-12-28,U04520,Organic,Monthly,2024-01-01,,5,285,423,UK
2023-12-19,U04521,Social Media,Monthly,2023-12-22,,3,1425,41,France
2023-03-19,U04522,PPC,Monthly,2023-03-28,,4,1684,212,France
2023-07-02,U04523,Social Media,Inactive,2023-07-04,2023-08-01,0,0,285,USA
2023-03-26,U04524,PPC,Monthly,2023-04-09,,2,374,251,Brazil
2023-08-16,U04525,Social Media,Free Trial,2023-08-30,,9,4491,25,UK
2023-01-18,U04526,PPC,Monthly,2023-01-23,,8,2128,418,USA
2023-06-07,U04527,Social Media,Inactive,2023-06-15,2023-07-18,0,0,325,Brazil
2023-11-16,U04528,Referral,Free Trial,2023-11-18,,3,1329,182,USA
2023-08-20,U04529,PPC,Inactive,2023-08-31,2023-10-09,0,0,146,USA
2023-10-24,U04530,Organic,Inactive,2023-11-04,2023-12-20,0,0,188,Germany
2023-08-02,U04531,Organic,Free Trial,2023-08-11,,8,544,368,India
2023-04-26,U04532,Organic,Inactive,2023-05-07,2023-06-01,0,0,70,UK
2023-02-11,U04533,Organic,Monthly,2023-02-18,,6,696,433,Germany
2023-06-04,U04534,Organic,Inactive,2023-06-08,2023-07-06,0,0,113,Brazil
2023-01-29,U04535,PPC,Monthly,2023-01-30,,9,3906,326,India
2023-07-14,U04536,PPC,Monthly,2023-07-18,,3,1209,204,USA
2023-05-06,U04537,PPC,Monthly,2023-05-15,,2,586,265,France
2023-03-14,U04538,PPC,Annual,2023-03-15,,5,215,1562,Germany
2023-06-15,U04539,Organic,Free Trial,2023-06-16,,1,304,85,UK
2023-03-14,U04540,Organic,Monthly,2023-03-28,,6,1560,280,UK
2023-05-27,U04541,Organic,Free Trial,2023-06-04,,9,1215,190,India
2023-07-06,U04542,PPC,Monthly,2023-07-09,,9,3132,141,Germany
2023-04-02,U04543,Organic,Monthly,2023-04-12,,7,805,160,USA
2023-07-20,U04544,Organic,Monthly,2023-07-26,,7,3143,164,India
2023-09-21,U04545,PPC,Monthly,2023-10-01,,8,1512,368,Brazil
2023-12-15,U04546,Social Media,Free Trial,2023-12-28,,2,238,244,UK
2023-05-13,U04547,Organic,Free Trial,2023-05-22,,6,1422,257,Brazil
2023-06-19,U04548,PPC,Free Trial,2023-07-03,,5,650,174,Germany
2023-07-05,U04549,PPC,Monthly,2023-07-13,,5,580,214,France
2023-02-10,U04550,Social Media,Inactive,2023-02-16,2023-04-13,0,0,436,Brazil
2023-04-10,U04551,Referral,Free Trial,2023-04-13,,3,96,174,USA
2023-02-14,U04552,Organic,Inactive,2023-02-18,2023-03-12,0,0,497,UK
2023-03-22,U04553,Organic,Annual,2023-03-23,,7,2352,1552,Germany
2023-08-26,U04554,Social Media,Monthly,2023-08-31,,1,163,422,France
2023-09-26,U04555,PPC,Monthly,2023-09-28,,3,348,263,UK
2023-06-12,U04556,PPC,Inactive,2023-06-21,2023-07-24,0,0,166,France
2023-01-25,U04557,PPC,Free Trial,2023-02-07,,3,783,186,UK
2023-05-23,U04558,PPC,Monthly,2023-05-24,,5,1555,84,India
2023-07-05,U04559,Referral,Monthly,2023-07-15,,9,711,444,India
2023-07-15,U04560,Referral,Monthly,2023-07-21,,3,120,187,India
2023-02-06,U04561,Social Media,Inactive,2023-02-07,2023-04-07,0,0,293,Germany
2023-03-19,U04562,Organic,Free Trial,2023-03-21,,1,146,339,India
2023-11-27,U04563,Social Media,Monthly,2023-12-07,,6,2298,142,Germany
2023-01-17,U04564,Organic,Monthly,2023-01-25,,9,1548,134,USA
2023-09-14,U04565,Organic,Monthly,2023-09-18,,5,450,321,India
2023-04-21,U04566,Social Media,Monthly,2023-05-02,,2,650,329,Germany
2023-11-27,U04567,Organic,Monthly,2023-12-08,,5,425,136,UK
2023-12-12,U04568,Organic,Inactive,2023-12-16,2024-01-22,0,0,386,Germany
2023-01-26,U04569,Organic,Monthly,2023-02-09,,9,981,354,Brazil
2023-04-08,U04570,Social Media,Inactive,2023-04-19,2023-05-30,0,0,234,Germany
2023-05-26,U04571,PPC,Monthly,2023-06-07,,6,342,26,Brazil
2023-08-09,U04572,PPC,Free Trial,2023-08-11,,9,4086,490,UK
2023-06-16,U04573,Organic,Free Trial,2023-06-19,,3,1251,482,Germany
2023-08-13,U04574,Social Media,Free Trial,2023-08-22,,4,332,362,UK
2023-02-10,U04575,Social Media,Monthly,2023-02-12,,6,1938,320,Brazil
2023-11-30,U04576,Organic,Monthly,2023-12-01,,4,804,255,France
2023-05-12,U04577,PPC,Annual,2023-05-25,,1,39,1407,India
2023-02-19,U04578,Organic,Annual,2023-02-24,,7,1162,1430,Brazil
2023-08-07,U04579,Referral,Free Trial,2023-08-15,,5,2480,226,USA
2023-10-10,U04580,PPC,Free Trial,2023-10-13,,8,2200,205,Germany
2023-09-07,U04581,Referral,Free Trial,2023-09-08,,9,2385,210,UK
2023-03-02,U04582,Organic,Monthly,2023-03-16,,5,240,375,India
2023-03-16,U04583,Social Media,Free Trial,2023-03-20,,8,512,216,Germany
2023-05-06,U04584,Social Media,Free Trial,2023-05-13,,1,37,25,India
2023-10-06,U04585,PPC,Inactive,2023-10-17,2023-11-16,0,0,409,France
2023-03-21,U04586,Referral,Inactive,2023-03-27,2023-05-06,0,0,22,Germany
2023-11-04,U04587,Organic,Free Trial,2023-11-07,,6,762,87,UK
2023-12-08,U04588,Organic,Monthly,2023-12-12,,5,1895,223,France
2023-09-11,U04589,PPC,Monthly,2023-09-17,,5,1090,350,Germany
2023-04-21,U04590,Social Media,Annual,2023-05-03,,9,756,1224,India
2023-07-06,U04591,PPC,Monthly,2023-07-08,,1,74,456,France
2023-12-23,U04592,Organic,Free Trial,2023-12-26,,8,2768,128,UK
2023-11-04,U04593,PPC,Annual,2023-11-10,,2,730,1311,Germany
2023-08-31,U04594,Organic,Monthly,2023-09-08,,7,763,190,India
2023-12-03,U04595,PPC,Free Trial,2023-12-13,,6,330,333,India
2023-09-16,U04596,PPC,Monthly,2023-09-29,,2,650,339,Brazil
2023-01-08,U04597,Social Media,Monthly,2023-01-17,,3,1206,364,France
2023-09-11,U04598,Organic,Monthly,2023-09-18,,4,1752,382,Germany
2023-06-05,U04599,PPC,Free Trial,2023-06-12,,7,3171,146,Brazil
2023-09-20,U04600,Organic,Monthly,2023-10-02,,8,1320,188,India
2023-12-14,U04601,Organic,Free Trial,2023-12-19,,2,498,441,France
2023-10-01,U04602,Social Media,Annual,2023-10-04,,8,2896,731,USA
2023-05-11,U04603,Referral,Free Trial,2023-05-18,,9,2412,442,India
2023-09-17,U04604,Organic,Free Trial,2023-09-22,,7,3108,411,France
2023-09-17,U04605,Social Media,Monthly,2023-09-19,,1,145,403,USA
2023-09-29,U04606,Social Media,Annual,2023-10-02,,6,2274,736,France
2023-08-06,U04607,Social Media,Inactive,2023-08-17,2023-09-13,0,0,380,India
2023-02-16,U04608,Organic,Monthly,2023-02-24,,5,980,63,USA
2023-02-17,U04609,Referral,Free Trial,2023-03-01,,2,250,88,France
2023-08-01,U04610,Organic,Annual,2023-08-02,,5,2270,1525,Germany
2023-10-27,U04611,Organic,Monthly,2023-11-02,,8,536,404,USA
2023-01-14,U04612,Organic,Free Trial,2023-01-25,,2,158,433,France
2023-07-03,U04613,PPC,Inactive,2023-07-09,2023-08-29,0,0,127,Germany
2023-06-11,U04614,Organic,Free Trial,2023-06-14,,4,952,377,USA
2023-03-12,U04615,Organic,Inactive,2023-03-13,2023-05-01,0,0,115,France
2023-06-04,U04616,Organic,Inactive,2023-06-17,2023-07-10,0,0,114,India
2023-07-05,U04617,Social Media,Monthly,2023-07-06,,3,342,312,USA
2023-09-20,U04618,Social Media,Inactive,2023-09-30,2023-11-01,0,0,127,USA
2023-11-14,U04619,Organic,Annual,2023-11-25,,3,1044,1217,Germany
2023-09-14,U04620,Social Media,Free Trial,2023-09-20,,2,52,238,Brazil
2023-03-31,U04621,Social Media,Monthly,2023-04-03,,4,252,157,Brazil
2023-06-21,U04622,Social Media,Free Trial,2023-06-29,,8,968,363,France
2023-03-26,U04623,Organic,Monthly,2023-04-08,,1,181,159,India
2023-10-09,U04624,PPC,Annual,2023-10-18,,8,3400,1570,Germany
2023-06-20,U04625,Referral,Monthly,2023-06-25,,8,3424,265,USA
2023-11-25,U04626,PPC,Monthly,2023-12-04,,3,1413,91,Brazil
2023-02-07,U04627,Organic,Monthly,2023-02-14,,6,1884,25,Germany
2023-05-20,U04628,PPC,Inactive,2023-06-03,2023-06-30,0,0,398,Germany
2023-03-10,U04629,PPC,Free Trial,2023-03-15,,1,153,202,Germany
2023-03-22,U04630,PPC,Monthly,2023-03-27,,1,94,220,USA
2023-01-14,U04631,Organic,Free Trial,2023-01-19,,5,105,83,UK
2023-11-28,U04632,Organic,Monthly,2023-11-29,,8,2088,286,Germany
2023-02-05,U04633,Social Media,Free Trial,2023-02-11,,1,225,70,UK
2023-10-26,U04634,Social Media,Monthly,2023-11-09,,2,270,470,Brazil
2023-06-24,U04635,Organic,Free Trial,2023-07-05,,7,749,448,India
2023-05-21,U04636,Referral,Free Trial,2023-05-24,,8,3208,33,Brazil
2023-01-21,U04637,Organic,Inactive,2023-02-02,2023-02-24,0,0,32,India
2023-07-02,U04638,PPC,Free Trial,2023-07-05,,8,2504,352,India
2023-04-29,U04639,Social Media,Monthly,2023-05-13,,1,401,404,Brazil
2023-02-16,U04640,Social Media,Free Trial,2023-02-20,,9,333,440,France
2023-11-27,U04641,Referral,Monthly,2023-12-03,,2,690,267,USA
2023-08-26,U04642,Organic,Monthly,2023-09-03,,2,550,207,UK
2023-07-27,U04643,Social Media,Monthly,2023-07-30,,4,244,62,France
2023-05-12,U04644,Organic,Free Trial,2023-05-25,,3,456,148,UK
2023-09-28,U04645,Social Media,Monthly,2023-10-01,,4,564,280,USA
2023-10-30,U04646,Social Media,Monthly,2023-11-08,,6,2130,210,Germany
2023-03-24,U04647,PPC,Annual,2023-04-02,,7,1512,1208,Brazil
2023-11-18,U04648,Organic,Monthly,2023-12-02,,5,2465,387,France
2023-02-08,U04649,Social Media,Monthly,2023-02-22,,2,978,388,USA
2023-12-09,U04650,Organic,Free Trial,2023-12-21,,3,213,173,Brazil
2023-05-24,U04651,Organic,Free Trial,2023-06-01,,3,1116,101,France
2023-10-05,U04652,Social Media,Free Trial,2023-10-15,,5,2475,32,India
2023-04-12,U04653,PPC,Free Trial,2023-04-24,,5,705,420,France
2023-09-11,U04654,Social Media,Free Trial,2023-09-20,,4,200,97,Germany
2023-09-13,U04655,Organic,Monthly,2023-09-25,,8,1680,407,Germany
2023-05-04,U04656,Organic,Monthly,2023-05-07,,6,648,191,UK
2023-09-27,U04657,Social Media,Inactive,2023-09-28,2023-10-15,0,0,364,France
2023-03-25,U04658,PPC,Free Trial,2023-04-07,,1,293,292,India
2023-08-06,U04659,Organic,Monthly,2023-08-16,,6,2196,30,Germany
2023-07-03,U04660,Social Media,Inactive,2023-07-17,2023-08-28,0,0,58,UK
2023-03-17,U04661,PPC,Monthly,2023-03-23,,6,876,199,India
2023-10-07,U04662,PPC,Free Trial,2023-10-17,,6,834,214,India
2023-02-27,U04663,PPC,Free Trial,2023-03-11,,2,408,465,India
2023-02-26,U04664,Social Media,Free Trial,2023-03-03,,1,126,53,USA
2023-02-08,U04665,Social Media,Monthly,2023-02-19,,3,1119,309,Germany
2023-07-15,U04666,Social Media,Annual,2023-07-24,,5,2205,1164,USA
2023-01-05,U04667,Organic,Free Trial,2023-01-09,,4,312,491,USA
2023-04-29,U04668,Social Media,Free Trial,2023-05-01,,7,3269,198,Germany
2023-09-19,U04669,PPC,Annual,2023-09-22,,4,148,1606,France
2023-09-10,U04670,PPC,Annual,2023-09-15,,8,2752,1173,Brazil
2023-10-29,U04671,Organic,Monthly,2023-10-30,,7,161,210,UK
2023-05-30,U04672,Social Media,Monthly,2023-06-06,,9,495,394,Brazil
2023-06-06,U04673,Social Media,Monthly,2023-06-15,,1,480,134,Brazil
2023-11-24,U04674,Organic,Free Trial,2023-11-27,,5,2030,301,Brazil
2023-10-24,U04675,PPC,Monthly,2023-10-26,,4,100,320,Brazil
2023-03-19,U04676,Social Media,Monthly,2023-03-23,,6,2922,375,Germany
2023-12-15,U04677,Organic,Inactive,2023-12-25,2024-02-04,0,0,25,Brazil
2023-10-16,U04678,Referral,Free Trial,2023-10-18,,6,2790,354,UK
2023-07-01,U04679,PPC,Monthly,2023-07-13,,1,218,283,France
2023-07-10,U04680,PPC,Monthly,2023-07-23,,1,167,491,Germany
2023-02-07,U04681,Organic,Monthly,2023-02-20,,8,2768,303,Brazil
2023-08-31,U04682,Organic,Free Trial,2023-09-14,,2,472,460,India
2023-04-09,U04683,Referral,Monthly,2023-04-22,,6,2748,29,Germany
2023-03-24,U04684,Organic,Inactive,2023-04-06,2023-05-29,0,0,28,France
2023-07-15,U04685,Social Media,Monthly,2023-07-22,,6,402,22,Brazil
2023-12-08,U04686,Organic,Monthly,2023-12-13,,8,3848,26,USA
2023-01-30,U04687,Organic,Free Trial,2023-02-07,,4,1252,215,Germany
2023-01-18,U04688,Organic,Free Trial,2023-01-28,,3,942,39,India
2023-05-12,U04689,PPC,Monthly,2023-05-13,,6,2124,479,Germany
2023-06-05,U04690,Referral,Inactive,2023-06-12,2023-08-11,0,0,308,USA
2023-12-08,U04691,Organic,Inactive,2023-12-12,2023-12-30,0,0,313,Germany
2023-05-15,U04692,Organic,Monthly,2023-05-19,,6,138,52,India
2023-04-21,U04693,Organic,Monthly,2023-05-01,,5,1840,102,France
2023-07-19,U04694,PPC,Inactive,2023-07-26,2023-08-26,0,0,379,India
2023-07-16,U04695,PPC,Monthly,2023-07-26,,6,1512,75,France
2023-05-02,U04696,Social Media,Monthly,2023-05-16,,3,1470,128,India
2023-04-04,U04697,PPC,Free Trial,2023-04-13,,5,770,318,UK
2023-05-19,U04698,PPC,Annual,2023-05-28,,8,3104,1234,Germany
2023-07-07,U04699,Organic,Monthly,2023-07-09,,9,3816,343,Germany
2023-11-10,U04700,Referral,Inactive,2023-11-11,2023-11-27,0,0,171,USA
2023-10-10,U04701,Organic,Annual,2023-10-23,,3,1005,1853,UK
2023-06-29,U04702,Organic,Free Trial,2023-07-10,,9,1008,339,USA
2023-07-27,U04703,PPC,Annual,2023-08-08,,3,678,785,Germany
2023-05-10,U04704,PPC,Inactive,2023-05-23,2023-06-19,0,0,464,USA
2023-08-28,U04705,PPC,Monthly,2023-09-10,,9,3870,278,France
2023-01-04,U04706,PPC,Free Trial,2023-01-10,,7,511,227,UK
2023-09-26,U04707,Social Media,Free Trial,2023-09-27,,4,668,263,India
2023-02-26,U04708,Organic,Monthly,2023-03-10,,9,1539,449,France
2023-10-02,U04709,Social Media,Monthly,2023-10-13,,3,81,68,Brazil
2023-08-17,U04710,PPC,Monthly,2023-08-18,,3,675,41,India
2023-02-21,U04711,PPC,Free Trial,2023-03-07,,2,656,348,USA
2023-05-12,U04712,PPC,Inactive,2023-05-16,2023-07-06,0,0,129,Germany
2023-07-21,U04713,Organic,Free Trial,2023-08-02,,1,65,472,France
2023-12-22,U04714,Social Media,Free Trial,2024-01-03,,4,1424,319,UK
2023-07-06,U04715,PPC,Monthly,2023-07-17,,8,536,11,India
2023-12-13,U04716,Organic,Monthly,2023-12-17,,5,820,127,Brazil
2023-06-28,U04717,PPC,Free Trial,2023-07-09,,2,128,46,France
2023-03-24,U04718,Referral,Free Trial,2023-04-07,,3,1488,476,Germany
2023-02-14,U04719,PPC,Free Trial,2023-02-20,,1,350,106,UK
2023-10-08,U04720,Referral,Annual,2023-10-13,,2,56,1480,UK
2023-04-16,U04721,Organic,Annual,2023-04-18,,1,496,1968,India
2023-09-12,U04722,Organic,Monthly,2023-09-16,,2,320,426,France
2023-01-25,U04723,Organic,Annual,2023-01-29,,3,1104,1083,France
2023-04-28,U04724,PPC,Annual,2023-05-12,,1,377,1512,UK
2023-04-28,U04725,Organic,Free Trial,2023-05-06,,9,1053,368,USA
2023-02-28,U04726,Organic,Inactive,2023-03-01,2023-03-29,0,0,165,UK
2023-12-10,U04727,Referral,Inactive,2023-12-19,2024-01-20,0,0,154,Germany
2023-05-16,U04728,Social Media,Free Trial,2023-05-21,,5,1860,66,France
2023-01-13,U04729,Social Media,Free Trial,2023-01-24,,8,3672,79,India
2023-01-23,U04730,Organic,Free Trial,2023-01-24,,7,3444,445,France
2023-08-29,U04731,Organic,Free Trial,2023-09-11,,4,1776,53,UK
2023-03-28,U04732,Organic,Annual,2023-04-03,,7,2443,1682,Germany
2023-06-22,U04733,Social Media,Monthly,2023-06-27,,6,2526,184,USA
2023-06-23,U04734,Referral,Annual,2023-06-26,,3,411,727,France
2023-06-02,U04735,PPC,Annual,2023-06-03,,9,1746,972,UK
2023-06-09,U04736,Organic,Monthly,2023-06-14,,9,603,167,Brazil
2023-07-27,U04737,PPC,Monthly,2023-08-10,,5,760,94,UK
2023-02-11,U04738,Organic,Free Trial,2023-02-16,,8,3272,331,UK
2023-02-28,U04739,Organic,Monthly,2023-03-05,,7,742,318,Germany
2023-04-01,U04740,PPC,Monthly,2023-04-12,,9,504,27,UK
2023-11-20,U04741,Social Media,Free Trial,2023-12-02,,7,1400,293,UK
2023-01-22,U04742,Organic,Free Trial,2023-01-25,,4,596,397,UK
2023-06-18,U04743,Organic,Inactive,2023-06-29,2023-08-03,0,0,51,France
2023-03-28,U04744,Referral,Monthly,2023-04-04,,8,1920,391,UK
2023-06-02,U04745,Organic,Free Trial,2023-06-08,,6,2616,382,Germany
2023-07-20,U04746,Organic,Monthly,2023-08-02,,9,3141,143,Brazil
2023-07-13,U04747,Organic,Annual,2023-07-22,,7,2954,1404,France
2023-05-01,U04748,Organic,Monthly,2023-05-10,,7,406,146,Brazil
2023-11-12,U04749,Organic,Free Trial,2023-11-20,,4,1584,413,UK
2023-05-03,U04750,Social Media,Inactive,2023-05-08,2023-07-04,0,0,231,USA
2023-02-25,U04751,Organic,Monthly,2023-03-03,,8,3696,238,Brazil
2023-11-09,U04752,PPC,Free Trial,2023-11-16,,7,2275,303,Germany
2023-08-24,U04753,PPC,Monthly,2023-08-31,,4,1324,461,USA
2023-05-27,U04754,PPC,Annual,2023-06-05,,4,384,865,Germany
2023-12-14,U04755,Social Media,Free Trial,2023-12-20,,1,391,315,USA
2023-10-23,U04756,Social Media,Free Trial,2023-11-02,,7,3381,325,UK
2023-12-19,U04757,Organic,Free Trial,2023-12-29,,1,291,406,USA
2023-03-14,U04758,Social Media,Inactive,2023-03-25,2023-05-03,0,0,128,Brazil
2023-08-15,U04759,PPC,Free Trial,2023-08-27,,3,783,108,USA
2023-10-28,U04760,Referral,Monthly,2023-11-09,,3,249,359,Germany
2023-01-03,U04761,PPC,Inactive,2023-01-17,2023-03-14,0,0,435,UK
2023-11-22,U04762,Referral,Free Trial,2023-11-25,,4,224,333,Germany
2023-07-09,U04763,Social Media,Inactive,2023-07-20,2023-09-14,0,0,418,UK
2023-06-17,U04764,Organic,Inactive,2023-06-30,2023-08-21,0,0,168,Brazil
2023-01-20,U04765,PPC,Inactive,2023-01-25,2023-02-27,0,0,248,India
2023-02-10,U04766,Referral,Free Trial,2023-02-17,,6,240,405,France
2023-06-18,U04767,Social Media,Monthly,2023-07-02,,7,217,329,Brazil
2023-01-11,U04768,Organic,Annual,2023-01-16,,2,52,1438,Brazil
2023-01-21,U04769,Social Media,Inactive,2023-01-24,2023-02-15,0,0,198,France
2023-12-17,U04770,Organic,Free Trial,2023-12-25,,3,471,318,Germany
2023-03-27,U04771,Organic,Annual,2023-04-06,,9,2196,1131,Brazil
2023-10-03,U04772,PPC,Monthly,2023-10-07,,7,2807,35,UK
2023-01-29,U04773,Organic,Free Trial,2023-02-09,,2,726,198,USA
2023-05-24,U04774,Social Media,Monthly,2023-06-04,,6,1884,403,Brazil
2023-08-01,U04775,Organic,Annual,2023-08-09,,9,864,769,France
2023-09-13,U04776,Social Media,Monthly,2023-09-26,,3,141,415,Brazil
2023-03-19,U04777,Organic,Monthly,2023-03-29,,6,372,497,Germany
2023-09-19,U04778,Organic,Inactive,2023-09-26,2023-11-03,0,0,190,Germany
2023-06-06,U04779,Organic,Monthly,2023-06-10,,3,258,30,Germany
2023-05-25,U04780,Organic,Monthly,2023-05-27,,4,1688,172,UK
2023-02-13,U04781,Organic,Monthly,2023-02-14,,9,1881,80,Brazil
2023-06-07,U04782,Organic,Monthly,2023-06-21,,8,3232,91,Germany
2023-04-09,U04783,PPC,Monthly,2023-04-23,,1,440,164,India
2023-08-02,U04784,Organic,Inactive,2023-08-10,2023-09-23,0,0,325,USA
2023-11-09,U04785,PPC,Monthly,2023-11-20,,7,1981,364,Germany
2023-01-19,U04786,Organic,Annual,2023-01-22,,3,177,1740,UK
2023-10-19,U04787,Social Media,Free Trial,2023-11-02,,7,2478,203,USA
2023-11-29,U04788,Referral,Free Trial,2023-12-01,,9,1674,233,USA
2023-06-17,U04789,PPC,Monthly,2023-06-23,,3,1245,408,France
2023-09-24,U04790,Organic,Free Trial,2023-09-28,,3,930,246,Germany
2023-03-08,U04791,Organic,Free Trial,2023-03-10,,2,908,289,Germany
2023-06-15,U04792,Referral,Monthly,2023-06-29,,1,236,477,Brazil
2023-07-21,U04793,Organic,Free Trial,2023-08-01,,9,1224,19,UK
2023-11-01,U04794,Organic,Free Trial,2023-11-13,,6,2148,385,India
2023-12-04,U04795,Organic,Monthly,2023-12-07,,6,180,481,Brazil
2023-06-16,U04796,Organic,Monthly,2023-06-17,,8,1664,161,India
2023-12-18,U04797,Organic,Inactive,2023-12-30,2024-01-31,0,0,353,France
2023-08-21,U04798,Social Media,Monthly,2023-08-22,,9,3069,113,India
2023-03-10,U04799,Organic,Monthly,2023-03-12,,5,2145,133,UK
2023-05-19,U04800,PPC,Inactive,2023-05-22,2023-07-09,0,0,194,France
2023-09-09,U04801,Organic,Annual,2023-09-21,,6,1014,907,Germany
2023-09-30,U04802,Organic,Free Trial,2023-10-10,,9,3204,50,India
2023-05-20,U04803,Referral,Free Trial,2023-05-23,,3,1467,433,UK
2023-09-08,U04804,Organic,Monthly,2023-09-09,,4,1808,20,UK
2023-01-03,U04805,Social Media,Monthly,2023-01-09,,8,840,227,Germany
2023-04-26,U04806,PPC,Annual,2023-04-28,,6,2166,947,UK
2023-07-21,U04807,Organic,Annual,2023-08-04,,7,3381,1042,France
2023-12-30,U04808,Referral,Monthly,2024-01-06,,7,588,180,France
2023-06-01,U04809,Organic,Inactive,2023-06-05,2023-08-04,0,0,347,Brazil
2023-04-03,U04810,Social Media,Monthly,2023-04-10,,6,546,291,USA
2023-05-27,U04811,Organic,Free Trial,2023-06-06,,9,1233,62,Germany
2023-06-08,U04812,Social Media,Inactive,2023-06-18,2023-07-16,0,0,134,UK
2023-06-05,U04813,Organic,Free Trial,2023-06-14,,8,1136,184,India
2023-10-10,U04814,PPC,Annual,2023-10-24,,7,2863,1122,Brazil
2023-04-23,U04815,Social Media,Inactive,2023-05-02,2023-06-18,0,0,274,France
2023-03-08,U04816,Referral,Monthly,2023-03-18,,3,765,394,Germany
2023-11-15,U04817,Referral,Monthly,2023-11-25,,7,2100,208,Germany
2023-04-04,U04818,Social Media,Monthly,2023-04-11,,9,1089,265,France
2023-06-19,U04819,Social Media,Monthly,2023-06-24,,3,636,181,USA
2023-04-22,U04820,Organic,Monthly,2023-04-26,,9,1611,68,Germany
2023-10-15,U04821,Organic,Monthly,2023-10-29,,8,768,449,UK
2023-02-15,U04822,Organic,Annual,2023-02-27,,3,384,1126,India
2023-07-19,U04823,Organic,Monthly,2023-07-30,,8,856,444,India
2023-05-03,U04824,Organic,Free Trial,2023-05-11,,4,996,134,France
2023-08-09,U04825,PPC,Monthly,2023-08-14,,6,2076,25,Germany
2023-11-23,U04826,Organic,Annual,2023-11-29,,2,294,1380,India
2023-01-03,U04827,PPC,Monthly,2023-01-10,,8,728,404,Germany
2023-05-12,U04828,Organic,Monthly,2023-05-14,,9,2205,252,France
2023-09-09,U04829,Organic,Annual,2023-09-21,,7,1015,914,USA
2023-11-26,U04830,PPC,Monthly,2023-11-30,,8,2328,486,India
2023-02-10,U04831,Social Media,Monthly,2023-02-11,,7,84,476,UK
2023-07-18,U04832,Social Media,Inactive,2023-08-01,2023-08-20,0,0,219,Brazil
2023-05-13,U04833,PPC,Free Trial,2023-05-20,,1,125,324,France
2023-02-12,U04834,Organic,Inactive,2023-02-13,2023-03-03,0,0,294,Brazil
2023-12-28,U04835,PPC,Free Trial,2023-12-31,,7,980,473,USA
2023-07-15,U04836,Organic,Free Trial,2023-07-16,,7,3017,177,UK
2023-11-16,U04837,Organic,Inactive,2023-11-22,2024-01-14,0,0,273,Brazil
2023-07-07,U04838,PPC,Free Trial,2023-07-12,,1,492,107,UK
2023-10-23,U04839,Organic,Annual,2023-10-26,,9,3690,1888,India
2023-12-05,U04840,Organic,Inactive,2023-12-07,2024-01-16,0,0,438,Germany
2023-03-06,U04841,Referral,Inactive,2023-03-20,2023-04-13,0,0,374,France
2023-03-16,U04842,Referral,Inactive,2023-03-27,2023-05-05,0,0,190,UK
2023-04-02,U04843,Organic,Free Trial,2023-04-07,,1,488,231,India
2023-05-09,U04844,Organic,Annual,2023-05-17,,4,428,1249,USA
2023-02-27,U04845,Organic,Free Trial,2023-03-08,,7,1575,491,UK
2023-02-04,U04846,Organic,Monthly,2023-02-12,,8,1064,158,USA
2023-04-02,U04847,Referral,Inactive,2023-04-04,2023-05-12,0,0,253,France
2023-10-24,U04848,Organic,Monthly,2023-10-27,,1,375,322,India
2023-11-19,U04849,Social Media,Monthly,2023-12-01,,4,1548,85,USA
2023-03-11,U04850,Organic,Monthly,2023-03-15,,4,556,378,Germany
2023-07-20,U04851,Referral,Monthly,2023-07-22,,3,1434,271,Brazil
2023-06-10,U04852,Organic,Inactive,2023-06-23,2023-07-09,0,0,240,USA
2023-09-13,U04853,Social Media,Free Trial,2023-09-14,,1,36,200,USA
2023-01-15,U04854,Organic,Monthly,2023-01-23,,9,1566,389,India
2023-04-25,U04855,PPC,Inactive,2023-04-27,2023-05-30,0,0,143,India
2023-01-11,U04856,Organic,Monthly,2023-01-14,,2,830,318,UK
2023-04-22,U04857,Organic,Free Trial,2023-04-25,,2,154,261,Brazil
2023-11-09,U04858,Referral,Monthly,2023-11-19,,8,184,397,USA
2023-12-11,U04859,Referral,Monthly,2023-12-17,,1,107,254,USA
2023-11-30,U04860,Social Media,Free Trial,2023-12-06,,7,2016,274,India
2023-04-24,U04861,PPC,Inactive,2023-05-03,2023-05-28,0,0,334,Germany
2023-08-19,U04862,Social Media,Monthly,2023-08-26,,3,1497,339,India
2023-05-07,U04863,Organic,Inactive,2023-05-11,2023-06-16,0,0,376,Germany
2023-02-11,U04864,Organic,Inactive,2023-02-25,2023-03-26,0,0,465,Brazil
2023-06-23,U04865,Organic,Monthly,2023-07-06,,7,2660,352,India
2023-02-17,U04866,PPC,Free Trial,2023-02-19,,7,1792,13,Brazil
2023-03-26,U04867,Organic,Monthly,2023-03-28,,1,121,451,France
2023-09-29,U04868,Organic,Free Trial,2023-09-30,,3,648,46,USA
2023-11-15,U04869,PPC,Inactive,2023-11-22,2023-12-28,0,0,80,Brazil
2023-03-19,U04870,Social Media,Free Trial,2023-03-22,,5,1715,271,Germany
2023-03-03,U04871,Organic,Free Trial,2023-03-16,,3,726,246,France
2023-12-08,U04872,Organic,Monthly,2023-12-20,,1,70,316,Germany
2023-09-02,U04873,Organic,Free Trial,2023-09-10,,2,188,499,UK
2023-07-17,U04874,Organic,Free Trial,2023-07-22,,5,960,472,UK
2023-12-02,U04875,Organic,Monthly,2023-12-03,,3,744,364,USA
2023-11-05,U04876,PPC,Free Trial,2023-11-13,,6,1554,187,France
2023-01-21,U04877,PPC,Free Trial,2023-01-26,,9,720,105,France
2023-03-23,U04878,PPC,Monthly,2023-03-30,,6,1422,407,UK
2023-05-06,U04879,Organic,Annual,2023-05-15,,2,188,761,USA
2023-04-25,U04880,Social Media,Monthly,2023-04-28,,2,630,20,Brazil
2023-03-02,U04881,Organic,Monthly,2023-03-04,,8,3976,275,UK
2023-06-08,U04882,PPC,Monthly,2023-06-13,,8,3240,198,France
2023-10-21,U04883,Social Media,Monthly,2023-10-23,,6,2832,218,Germany
2023-12-05,U04884,Organic,Inactive,2023-12-17,2024-01-28,0,0,22,France
2023-06-09,U04885,Organic,Free Trial,2023-06-10,,1,410,386,USA
2023-12-24,U04886,Social Media,Monthly,2024-01-04,,9,2691,171,France
2023-01-22,U04887,Organic,Inactive,2023-01-27,2023-02-20,0,0,69,India
2023-09-17,U04888,PPC,Inactive,2023-09-28,2023-11-21,0,0,444,France
2023-11-20,U04889,Organic,Free Trial,2023-12-01,,2,96,14,India
2023-07-03,U04890,PPC,Free Trial,2023-07-04,,8,3960,211,UK
2023-12-12,U04891,Organic,Annual,2023-12-18,,7,1505,1278,Brazil
2023-10-15,U04892,Organic,Free Trial,2023-10-20,,4,768,21,India
2023-10-08,U04893,PPC,Inactive,2023-10-11,2023-11-20,0,0,445,France
2023-06-21,U04894,Organic,Annual,2023-06-24,,4,568,1054,Brazil
2023-02-11,U04895,Organic,Annual,2023-02-24,,4,156,1242,Brazil
2023-12-13,U04896,Organic,Free Trial,2023-12-24,,8,3176,249,France
2023-12-11,U04897,Organic,Annual,2023-12-25,,4,1056,1729,France
2023-01-23,U04898,Organic,Monthly,2023-02-05,,5,760,382,USA
2023-02-11,U04899,Organic,Inactive,2023-02-22,2023-04-08,0,0,387,UK
2023-04-03,U04900,Referral,Free Trial,2023-04-06,,4,1712,234,India
2023-11-22,U04901,Organic,Free Trial,2023-12-04,,7,581,191,Germany
2023-11-17,U04902,PPC,Monthly,2023-11-24,,3,192,306,India
2023-02-12,U04903,Organic,Free Trial,2023-02-24,,1,459,313,France
2023-07-13,U04904,Organic,Monthly,2023-07-18,,8,1960,316,Germany
2023-03-12,U04905,Referral,Inactive,2023-03-23,2023-05-22,0,0,440,Germany
2023-04-16,U04906,Organic,Monthly,2023-04-21,,6,198,187,India
2023-09-28,U04907,Referral,Inactive,2023-10-08,2023-11-14,0,0,127,India
2023-11-04,U04908,Organic,Free Trial,2023-11-06,,2,62,361,India
2023-05-12,U04909,Social Media,Free Trial,2023-05-13,,5,2185,85,India
2023-03-31,U04910,PPC,Free Trial,2023-04-06,,7,287,55,UK
2023-04-19,U04911,Social Media,Monthly,2023-05-03,,9,3240,236,USA
2023-08-17,U04912,PPC,Inactive,2023-08-24,2023-09-21,0,0,365,USA
2023-02-14,U04913,PPC,Free Trial,2023-02-27,,3,1332,303,India
2023-09-06,U04914,Organic,Monthly,2023-09-16,,6,2868,249,USA
2023-03-12,U04915,Organic,Monthly,2023-03-19,,7,84,357,India
2023-12-15,U04916,Referral,Inactive,2023-12-24,2024-01-14,0,0,150,India
2023-02-14,U04917,Organic,Free Trial,2023-02-20,,1,169,213,India
2023-04-21,U04918,Organic,Free Trial,2023-05-03,,4,1580,159,Brazil
2023-01-09,U04919,Social Media,Free Trial,2023-01-17,,6,582,139,UK
2023-10-21,U04920,Organic,Monthly,2023-10-31,,8,2992,358,France
2023-06-22,U04921,Referral,Free Trial,2023-06-27,,4,272,342,USA
2023-04-15,U04922,Social Media,Inactive,2023-04-17,2023-05-30,0,0,492,USA
2023-12-07,U04923,PPC,Monthly,2023-12-14,,3,684,278,UK
2023-06-05,U04924,Social Media,Monthly,2023-06-16,,8,1680,322,UK
2023-10-06,U04925,Organic,Monthly,2023-10-08,,1,86,427,India
2023-12-18,U04926,Organic,Free Trial,2023-12-22,,4,1056,412,India
2023-03-16,U04927,PPC,Monthly,2023-03-27,,8,2048,146,Brazil
2023-12-27,U04928,Organic,Inactive,2024-01-05,2024-02-16,0,0,125,Brazil
2023-02-09,U04929,Social Media,Inactive,2023-02-18,2023-03-09,0,0,360,France
2023-05-18,U04930,Referral,Inactive,2023-06-01,2023-07-27,0,0,170,USA
2023-02-17,U04931,PPC,Inactive,2023-02-26,2023-04-26,0,0,164,UK
2023-10-07,U04932,Organic,Free Trial,2023-10-21,,4,356,182,France
2023-02-11,U04933,Referral,Free Trial,2023-02-23,,2,38,139,USA
2023-05-24,U04934,PPC,Free Trial,2023-05-30,,7,3339,88,France
2023-12-04,U04935,PPC,Monthly,2023-12-16,,6,2070,476,France
2023-01-26,U04936,Organic,Free Trial,2023-02-02,,3,399,66,India
2023-03-22,U04937,Referral,Monthly,2023-03-25,,8,1560,360,France
2023-04-04,U04938,PPC,Monthly,2023-04-11,,8,344,66,India
2023-08-05,U04939,Social Media,Inactive,2023-08-19,2023-09-23,0,0,409,USA
2023-07-24,U04940,Social Media,Annual,2023-07-31,,3,267,1739,Brazil
2023-02-26,U04941,Organic,Inactive,2023-02-27,2023-04-20,0,0,344,USA
2023-09-19,U04942,PPC,Free Trial,2023-10-02,,2,124,143,India
2023-06-04,U04943,Social Media,Free Trial,2023-06-12,,5,825,23,Brazil
2023-05-29,U04944,Organic,Monthly,2023-05-31,,3,849,292,Germany
2023-08-14,U04945,Social Media,Free Trial,2023-08-26,,9,3771,303,Brazil
2023-09-06,U04946,Referral,Free Trial,2023-09-17,,1,367,156,France
2023-10-08,U04947,PPC,Monthly,2023-10-22,,4,576,430,USA
2023-02-26,U04948,Social Media,Free Trial,2023-03-07,,6,2628,136,France
2023-09-30,U04949,Social Media,Monthly,2023-10-01,,9,963,269,Brazil
2023-08-29,U04950,Social Media,Monthly,2023-09-11,,3,750,323,Germany
2023-11-03,U04951,Organic,Monthly,2023-11-16,,3,162,227,France
2023-04-01,U04952,Organic,Monthly,2023-04-12,,5,1040,402,Germany
2023-09-14,U04953,PPC,Monthly,2023-09-17,,7,3430,242,UK
2023-08-25,U04954,PPC,Free Trial,2023-09-05,,5,1500,378,Germany
2023-01-05,U04955,PPC,Free Trial,2023-01-15,,8,3560,177,USA
2023-10-15,U04956,Social Media,Monthly,2023-10-23,,5,615,152,Brazil
2023-04-01,U04957,Organic,Annual,2023-04-11,,7,3472,1617,India
2023-03-01,U04958,PPC,Annual,2023-03-04,,6,1716,1533,India
2023-07-15,U04959,Organic,Monthly,2023-07-19,,2,500,269,France
2023-06-21,U04960,Social Media,Free Trial,2023-06-30,,3,495,227,Brazil
2023-08-15,U04961,PPC,Monthly,2023-08-20,,4,1444,317,UK
2023-05-27,U04962,Organic,Monthly,2023-06-09,,5,265,155,France
2023-10-30,U04963,Organic,Monthly,2023-11-08,,9,801,498,Germany
2023-10-23,U04964,Social Media,Monthly,2023-10-31,,6,1926,446,India
2023-06-24,U04965,PPC,Monthly,2023-06-26,,1,147,452,Germany
2023-02-14,U04966,Organic,Monthly,2023-02-17,,3,480,108,India
2023-09-01,U04967,Referral,Annual,2023-09-05,,7,3087,951,India
2023-11-04,U04968,Social Media,Free Trial,2023-11-06,,8,3560,178,India
2023-04-18,U04969,Referral,Annual,2023-04-30,,7,1757,1598,Brazil
2023-05-23,U04970,PPC,Free Trial,2023-06-03,,5,760,453,USA
2023-04-17,U04971,PPC,Free Trial,2023-04-29,,8,2560,102,Brazil
2023-05-03,U04972,Social Media,Inactive,2023-05-12,2023-06-27,0,0,126,Germany
2023-12-06,U04973,PPC,Inactive,2023-12-19,2024-01-22,0,0,481,Brazil
2023-04-01,U04974,Social Media,Free Trial,2023-04-03,,9,2439,13,France
2023-03-22,U04975,Organic,Monthly,2023-04-03,,1,170,94,UK
2023-10-13,U04976,PPC,Free Trial,2023-10-17,,9,639,176,France
2023-05-12,U04977,Organic,Monthly,2023-05-18,,3,192,16,Brazil
2023-12-20,U04978,Organic,Inactive,2023-12-24,2024-01-14,0,0,390,Germany
2023-07-22,U04979,Organic,Inactive,2023-08-03,2023-08-23,0,0,416,UK
2023-02-01,U04980,Organic,Monthly,2023-02-10,,3,1143,241,France
2023-04-14,U04981,Referral,Monthly,2023-04-26,,4,1972,260,UK
2023-08-27,U04982,Organic,Monthly,2023-09-06,,7,280,94,Germany
2023-07-01,U04983,PPC,Monthly,2023-07-13,,7,2373,328,India
2023-05-17,U04984,Social Media,Inactive,2023-05-18,2023-06-25,0,0,202,Germany
2023-08-27,U04985,PPC,Inactive,2023-09-07,2023-10-31,0,0,132,USA
2023-03-14,U04986,Organic,Monthly,2023-03-15,,3,534,434,UK
2022-12-31,U04987,Social Media,Monthly,2023-01-14,,8,2200,98,Germany
2023-07-17,U04988,PPC,Free Trial,2023-07-24,,8,2536,104,India
2023-09-29,U04989,Social Media,Free Trial,2023-10-04,,4,1872,384,India
2023-06-24,U04990,Social Media,Inactive,2023-07-06,2023-08-07,0,0,309,Germany
2023-10-20,U04991,Referral,Monthly,2023-11-02,,4,1372,367,France
2022-12-31,U04992,PPC,Monthly,2023-01-08,,1,12,54,Germany
2022-12-31,U04993,Organic,Monthly,2023-01-10,,1,450,262,India
2023-10-07,U04994,PPC,Inactive,2023-10-19,2023-11-14,0,0,462,Germany
2023-06-23,U04995,Organic,Free Trial,2023-06-24,,2,800,382,USA
2023-08-13,U04996,Social Media,Inactive,2023-08-21,2023-10-03,0,0,488,France
2023-09-27,U04997,Organic,Inactive,2023-10-09,2023-10-28,0,0,60,Germany
2023-07-13,U04998,Organic,Inactive,2023-07-21,2023-09-15,0,0,74,India
2023-07-13,U04999,Social Media,Monthly,2023-07-17,,8,2104,63,Germany
2023-04-27,U05000,PPC,Free Trial,2023-05-08,,9,747,449,Germany
